[
  {
    "area_name": "WESTPAC",
    "area_code": "4E",
    "district_name": "ALASKA",
    "district_no": "995",
    "delivery_zipcode": "99501",
    "locale_name": "EASTCHESTER",
    "physical_delivery_address": "800 INGRA ST",
    "physical_city": "ANCHORAGE",
    "physical_state": "AK",
    "physical_zip": "99501",
    "physical_zip4": "9998"
  },
  {
    "area_name": "WESTPAC",
    "area_code": "4E",
    "district_name": "ALASKA",
    "district_no": "995",
    "delivery_zipcode": "99502",
    "locale_name": "SAND LAKE",
    "physical_delivery_address": "2200 STRAWBERRY RD",
    "physical_city": "ANCHORAGE",
    "physical_state": "AK",
    "physical_zip": "99502",
    "physical_zip4": "9992"
  },
  {
    "area_name": "WESTPAC",
    "area_code": "4E",
    "district_name": "ALASKA",
    "district_no": "995",
    "delivery_zipcode": "99503",
    "locale_name": "MIDTOWN",
    "physical_delivery_address": "3721 B ST",
    "physical_city": "ANCHORAGE",
    "physical_state": "AK",
    "physical_zip": "99503",
    "physical_zip4": "9998"
  },
  {
    "area_name": "WESTPAC",
    "area_code": "4E",
    "district_name": "ALASKA",
    "district_no": "995",
    "delivery_zipcode": "99504",
    "locale_name": "MULDOON",
    "physical_delivery_address": "2420 MULDOON RD",
    "physical_city": "ANCHORAGE",
    "physical_state": "AK",
    "physical_zip": "99504",
    "physical_zip4": "3673"
  },
  {
    "area_name": "WESTPAC",
    "area_code": "4E",
    "district_name": "ALASKA",
    "district_no": "995",
    "delivery_zipcode": "99505",
    "locale_name": "FORT RICHARDSON",
    "physical_delivery_address": "724 QUARTERMASTER RD",
    "physical_city": "JBER",
    "physical_state": "AK",
    "physical_zip": "99505",
    "physical_zip4": "9998"
  },
  {
    "area_name": "WESTPAC",
    "area_code": "4E",
    "district_name": "ALASKA",
    "district_no": "995",
    "delivery_zipcode": "99506",
    "locale_name": "FORT RICHARDSON",
    "physical_delivery_address": "724 QUARTERMASTER RD",
    "physical_city": "JBER",
    "physical_state": "AK",
    "physical_zip": "99505",
    "physical_zip4": "9998"
  },
  {
    "area_name": "WESTPAC",
    "area_code": "4E",
    "district_name": "ALASKA",
    "district_no": "995",
    "delivery_zipcode": "99507",
    "locale_name": "LAKE OTIS",
    "physical_delivery_address": "5855 LAKE OTIS PKWY",
    "physical_city": "ANCHORAGE",
    "physical_state": "AK",
    "physical_zip": "99507",
    "physical_zip4": "1713"
  },
  {
    "area_name": "WESTPAC",
    "area_code": "4E",
    "district_name": "ALASKA",
    "district_no": "995",
    "delivery_zipcode": "99508",
    "locale_name": "RUSSIAN JACK",
    "physical_delivery_address": "801 NORTHWAY DR",
    "physical_city": "ANCHORAGE",
    "physical_state": "AK",
    "physical_zip": "99508",
    "physical_zip4": "9998"
  },
  {
    "area_name": "WESTPAC",
    "area_code": "4E",
    "district_name": "ALASKA",
    "district_no": "995",
    "delivery_zipcode": "99509",
    "locale_name": "SPENARD",
    "physical_delivery_address": "1601 W NORTHERN LIGHTS BLVD",
    "physical_city": "ANCHORAGE",
    "physical_state": "AK",
    "physical_zip": "99517",
    "physical_zip4": "3315"
  },
  {
    "area_name": "WESTPAC",
    "area_code": "4E",
    "district_name": "ALASKA",
    "district_no": "995",
    "delivery_zipcode": "99510",
    "locale_name": "EASTCHESTER",
    "physical_delivery_address": "800 INGRA ST",
    "physical_city": "ANCHORAGE",
    "physical_state": "AK",
    "physical_zip": "99501",
    "physical_zip4": "9998"
  },
  {
    "area_name": "WESTPAC",
    "area_code": "4E",
    "district_name": "ALASKA",
    "district_no": "995",
    "delivery_zipcode": "99511",
    "locale_name": "HUFFMAN",
    "physical_delivery_address": "1221 HUFFMAN PARK DR",
    "physical_city": "ANCHORAGE",
    "physical_state": "AK",
    "physical_zip": "99515",
    "physical_zip4": "9998"
  },
  {
    "area_name": "WESTPAC",
    "area_code": "4E",
    "district_name": "ALASKA",
    "district_no": "995",
    "delivery_zipcode": "99514",
    "locale_name": "RUSSIAN JACK",
    "physical_delivery_address": "801 NORTHWAY DR",
    "physical_city": "ANCHORAGE",
    "physical_state": "AK",
    "physical_zip": "99508",
    "physical_zip4": "9998"
  },
  {
    "area_name": "WESTPAC",
    "area_code": "4E",
    "district_name": "ALASKA",
    "district_no": "995",
    "delivery_zipcode": "99515",
    "locale_name": "HUFFMAN",
    "physical_delivery_address": "1221 HUFFMAN PARK DR",
    "physical_city": "ANCHORAGE",
    "physical_state": "AK",
    "physical_zip": "99515",
    "physical_zip4": "9998"
  },
  {
    "area_name": "WESTPAC",
    "area_code": "4E",
    "district_name": "ALASKA",
    "district_no": "995",
    "delivery_zipcode": "99516",
    "locale_name": "HUFFMAN",
    "physical_delivery_address": "1221 HUFFMAN PARK DR",
    "physical_city": "ANCHORAGE",
    "physical_state": "AK",
    "physical_zip": "99515",
    "physical_zip4": "9998"
  },
  {
    "area_name": "WESTPAC",
    "area_code": "4E",
    "district_name": "ALASKA",
    "district_no": "995",
    "delivery_zipcode": "99517",
    "locale_name": "SPENARD",
    "physical_delivery_address": "1601 W NORTHERN LIGHTS BLVD",
    "physical_city": "ANCHORAGE",
    "physical_state": "AK",
    "physical_zip": "99517",
    "physical_zip4": "3315"
  },
  {
    "area_name": "WESTPAC",
    "area_code": "4E",
    "district_name": "ALASKA",
    "district_no": "995",
    "delivery_zipcode": "99518",
    "locale_name": "SAND LAKE",
    "physical_delivery_address": "2200 STRAWBERRY RD",
    "physical_city": "ANCHORAGE",
    "physical_state": "AK",
    "physical_zip": "99502",
    "physical_zip4": "9992"
  },
  {
    "area_name": "WESTPAC",
    "area_code": "4E",
    "district_name": "ALASKA",
    "district_no": "995",
    "delivery_zipcode": "99519",
    "locale_name": "ANCHORAGE MAIN OFFICE",
    "physical_delivery_address": "4141 POSTMARK DR",
    "physical_city": "ANCHORAGE",
    "physical_state": "AK",
    "physical_zip": "99530",
    "physical_zip4": "9998"
  },
  {
    "area_name": "WESTPAC",
    "area_code": "4E",
    "district_name": "ALASKA",
    "district_no": "995",
    "delivery_zipcode": "99520",
    "locale_name": "EASTCHESTER",
    "physical_delivery_address": "800 INGRA ST",
    "physical_city": "ANCHORAGE",
    "physical_state": "AK",
    "physical_zip": "99501",
    "physical_zip4": "9998"
  },
  {
    "area_name": "WESTPAC",
    "area_code": "4E",
    "district_name": "ALASKA",
    "district_no": "995",
    "delivery_zipcode": "99521",
    "locale_name": "MULDOON",
    "physical_delivery_address": "2420 MULDOON RD",
    "physical_city": "ANCHORAGE",
    "physical_state": "AK",
    "physical_zip": "99504",
    "physical_zip4": "3673"
  },
  {
    "area_name": "WESTPAC",
    "area_code": "4E",
    "district_name": "ALASKA",
    "district_no": "995",
    "delivery_zipcode": "99522",
    "locale_name": "SAND LAKE",
    "physical_delivery_address": "2200 STRAWBERRY RD",
    "physical_city": "ANCHORAGE",
    "physical_state": "AK",
    "physical_zip": "99502",
    "physical_zip4": "9992"
  },
  {
    "area_name": "WESTPAC",
    "area_code": "4E",
    "district_name": "ALASKA",
    "district_no": "995",
    "delivery_zipcode": "99523",
    "locale_name": "LAKE OTIS",
    "physical_delivery_address": "5855 LAKE OTIS PKWY",
    "physical_city": "ANCHORAGE",
    "physical_state": "AK",
    "physical_zip": "99507",
    "physical_zip4": "1713"
  },
  {
    "area_name": "WESTPAC",
    "area_code": "4E",
    "district_name": "ALASKA",
    "district_no": "995",
    "delivery_zipcode": "99524",
    "locale_name": "MIDTOWN",
    "physical_delivery_address": "3721 B ST",
    "physical_city": "ANCHORAGE",
    "physical_state": "AK",
    "physical_zip": "99503",
    "physical_zip4": "9998"
  },
  {
    "area_name": "WESTPAC",
    "area_code": "4E",
    "district_name": "ALASKA",
    "district_no": "995",
    "delivery_zipcode": "99540",
    "locale_name": "HUFFMAN",
    "physical_delivery_address": "1221 HUFFMAN PARK DR",
    "physical_city": "ANCHORAGE",
    "physical_state": "AK",
    "physical_zip": "99515",
    "physical_zip4": "9998"
  },
  {
    "area_name": "WESTPAC",
    "area_code": "4E",
    "district_name": "ALASKA",
    "district_no": "995",
    "delivery_zipcode": "99546",
    "locale_name": "CPU ADAK",
    "physical_delivery_address": "100 MECHANICAL ST",
    "physical_city": "ADAK",
    "physical_state": "AK",
    "physical_zip": "99546",
    "physical_zip4": "9800"
  },
  {
    "area_name": "WESTPAC",
    "area_code": "4E",
    "district_name": "ALASKA",
    "district_no": "995",
    "delivery_zipcode": "99547",
    "locale_name": "ATKA",
    "physical_delivery_address": "1 ATXAX WAY",
    "physical_city": "ATKA",
    "physical_state": "AK",
    "physical_zip": "99547",
    "physical_zip4": "9800"
  },
  {
    "area_name": "WESTPAC",
    "area_code": "4E",
    "district_name": "ALASKA",
    "district_no": "995",
    "delivery_zipcode": "99548",
    "locale_name": "CHIGNIK LAKE",
    "physical_delivery_address": "100 POSTAL WAY",
    "physical_city": "CHIGNIK LAKE",
    "physical_state": "AK",
    "physical_zip": "99548",
    "physical_zip4": "9800"
  },
  {
    "area_name": "WESTPAC",
    "area_code": "4E",
    "district_name": "ALASKA",
    "district_no": "995",
    "delivery_zipcode": "99549",
    "locale_name": "PORT HEIDEN",
    "physical_delivery_address": "2 JACKS CUL DE SAC RD",
    "physical_city": "PORT HEIDEN",
    "physical_state": "AK",
    "physical_zip": "99549",
    "physical_zip4": "9800"
  },
  {
    "area_name": "WESTPAC",
    "area_code": "4E",
    "district_name": "ALASKA",
    "district_no": "995",
    "delivery_zipcode": "99550",
    "locale_name": "PORT LIONS",
    "physical_delivery_address": "520 MAIN ST",
    "physical_city": "PORT LIONS",
    "physical_state": "AK",
    "physical_zip": "99550",
    "physical_zip4": "9800"
  },
  {
    "area_name": "WESTPAC",
    "area_code": "4E",
    "district_name": "ALASKA",
    "district_no": "995",
    "delivery_zipcode": "99551",
    "locale_name": "AKIACHAK",
    "physical_delivery_address": "500 PHILLIPS ST",
    "physical_city": "AKIACHAK",
    "physical_state": "AK",
    "physical_zip": "99551",
    "physical_zip4": "9800"
  },
  {
    "area_name": "WESTPAC",
    "area_code": "4E",
    "district_name": "ALASKA",
    "district_no": "995",
    "delivery_zipcode": "99552",
    "locale_name": "AKIAK",
    "physical_delivery_address": "250 OFF DOOPS ST",
    "physical_city": "AKIAK",
    "physical_state": "AK",
    "physical_zip": "99552",
    "physical_zip4": "9800"
  },
  {
    "area_name": "WESTPAC",
    "area_code": "4E",
    "district_name": "ALASKA",
    "district_no": "995",
    "delivery_zipcode": "99553",
    "locale_name": "AKUTAN",
    "physical_delivery_address": "101 SALMON BERRY RD",
    "physical_city": "AKUTAN",
    "physical_state": "AK",
    "physical_zip": "99553",
    "physical_zip4": "9800"
  },
  {
    "area_name": "WESTPAC",
    "area_code": "4E",
    "district_name": "ALASKA",
    "district_no": "995",
    "delivery_zipcode": "99554",
    "locale_name": "ALAKANUK",
    "physical_delivery_address": "500 ANDERSON ST",
    "physical_city": "ALAKANUK",
    "physical_state": "AK",
    "physical_zip": "99554",
    "physical_zip4": "9800"
  },
  {
    "area_name": "WESTPAC",
    "area_code": "4E",
    "district_name": "ALASKA",
    "district_no": "995",
    "delivery_zipcode": "99555",
    "locale_name": "ALEKNAGIK",
    "physical_delivery_address": "123 MAIN ST",
    "physical_city": "ALEKNAGIK",
    "physical_state": "AK",
    "physical_zip": "99555",
    "physical_zip4": "9800"
  },
  {
    "area_name": "WESTPAC",
    "area_code": "4E",
    "district_name": "ALASKA",
    "district_no": "995",
    "delivery_zipcode": "99556",
    "locale_name": "ANCHOR POINT",
    "physical_delivery_address": "33790 STERLING HWY",
    "physical_city": "ANCHOR POINT",
    "physical_state": "AK",
    "physical_zip": "99556",
    "physical_zip4": "9606"
  },
  {
    "area_name": "WESTPAC",
    "area_code": "4E",
    "district_name": "ALASKA",
    "district_no": "995",
    "delivery_zipcode": "99556",
    "locale_name": "CPU NIKOLAEVSK",
    "physical_delivery_address": "64540 NIKOLAEVSK RD",
    "physical_city": "NIKOLAEVSK",
    "physical_state": "AK",
    "physical_zip": "99556",
    "physical_zip4": "9102"
  },
  {
    "area_name": "WESTPAC",
    "area_code": "4E",
    "district_name": "ALASKA",
    "district_no": "995",
    "delivery_zipcode": "99557",
    "locale_name": "ANIAK",
    "physical_delivery_address": "101 BOUNDARY AVE",
    "physical_city": "ANIAK",
    "physical_state": "AK",
    "physical_zip": "99557",
    "physical_zip4": "9800"
  },
  {
    "area_name": "WESTPAC",
    "area_code": "4E",
    "district_name": "ALASKA",
    "district_no": "995",
    "delivery_zipcode": "99558",
    "locale_name": "ANVIK",
    "physical_delivery_address": "9998 MAIN ST",
    "physical_city": "ANVIK",
    "physical_state": "AK",
    "physical_zip": "99558",
    "physical_zip4": "9800"
  },
  {
    "area_name": "WESTPAC",
    "area_code": "4E",
    "district_name": "ALASKA",
    "district_no": "995",
    "delivery_zipcode": "99559",
    "locale_name": "ATMAUTLUAK",
    "physical_delivery_address": "6500 ATMAUTLUAK RD",
    "physical_city": "ATMAUTLUAK",
    "physical_state": "AK",
    "physical_zip": "99559",
    "physical_zip4": "9801"
  },
  {
    "area_name": "WESTPAC",
    "area_code": "4E",
    "district_name": "ALASKA",
    "district_no": "995",
    "delivery_zipcode": "99559",
    "locale_name": "BETHEL",
    "physical_delivery_address": "1484 CHIEF EDDY HOFFMAN HWY",
    "physical_city": "BETHEL",
    "physical_state": "AK",
    "physical_zip": "99559",
    "physical_zip4": "9800"
  },
  {
    "area_name": "WESTPAC",
    "area_code": "4E",
    "district_name": "ALASKA",
    "district_no": "995",
    "delivery_zipcode": "99559",
    "locale_name": "NAPASKIAK",
    "physical_delivery_address": "6198 NAPASKIAK RD",
    "physical_city": "NAPASKIAK",
    "physical_state": "AK",
    "physical_zip": "99559",
    "physical_zip4": "9803"
  },
  {
    "area_name": "WESTPAC",
    "area_code": "4E",
    "district_name": "ALASKA",
    "district_no": "995",
    "delivery_zipcode": "99559",
    "locale_name": "NEWTOK",
    "physical_delivery_address": "5598 NEWTOK RD",
    "physical_city": "NEWTOK",
    "physical_state": "AK",
    "physical_zip": "99559",
    "physical_zip4": "9804"
  },
  {
    "area_name": "WESTPAC",
    "area_code": "4E",
    "district_name": "ALASKA",
    "district_no": "995",
    "delivery_zipcode": "99561",
    "locale_name": "CHEFORNAK",
    "physical_delivery_address": "500 BOARDWALK ST",
    "physical_city": "CHEFORNAK",
    "physical_state": "AK",
    "physical_zip": "99561",
    "physical_zip4": "9800"
  },
  {
    "area_name": "WESTPAC",
    "area_code": "4E",
    "district_name": "ALASKA",
    "district_no": "995",
    "delivery_zipcode": "99563",
    "locale_name": "CHEVAK",
    "physical_delivery_address": "9998 CHEVAK RD",
    "physical_city": "CHEVAK",
    "physical_state": "AK",
    "physical_zip": "99563",
    "physical_zip4": "9800"
  },
  {
    "area_name": "WESTPAC",
    "area_code": "4E",
    "district_name": "ALASKA",
    "district_no": "995",
    "delivery_zipcode": "99564",
    "locale_name": "CHIGNIK",
    "physical_delivery_address": "101 MAIN ST",
    "physical_city": "CHIGNIK",
    "physical_state": "AK",
    "physical_zip": "99564",
    "physical_zip4": "9800"
  },
  {
    "area_name": "WESTPAC",
    "area_code": "4E",
    "district_name": "ALASKA",
    "district_no": "995",
    "delivery_zipcode": "99565",
    "locale_name": "CHIGNIK LAGOON",
    "physical_delivery_address": "100 AIRPORT DR",
    "physical_city": "CHIGNIK LAGOON",
    "physical_state": "AK",
    "physical_zip": "99565",
    "physical_zip4": "9800"
  },
  {
    "area_name": "WESTPAC",
    "area_code": "4E",
    "district_name": "ALASKA",
    "district_no": "995",
    "delivery_zipcode": "99566",
    "locale_name": "CHITINA",
    "physical_delivery_address": "400 D ST",
    "physical_city": "CHITINA",
    "physical_state": "AK",
    "physical_zip": "99566",
    "physical_zip4": "9800"
  },
  {
    "area_name": "WESTPAC",
    "area_code": "4E",
    "district_name": "ALASKA",
    "district_no": "995",
    "delivery_zipcode": "99567",
    "locale_name": "CHUGIAK",
    "physical_delivery_address": "22255 DOGSLED CT",
    "physical_city": "CHUGIAK",
    "physical_state": "AK",
    "physical_zip": "99567",
    "physical_zip4": "9997"
  },
  {
    "area_name": "WESTPAC",
    "area_code": "4E",
    "district_name": "ALASKA",
    "district_no": "995",
    "delivery_zipcode": "99568",
    "locale_name": "CLAM GULCH",
    "physical_delivery_address": "65790 STERLING HWY",
    "physical_city": "CLAM GULCH",
    "physical_state": "AK",
    "physical_zip": "99568",
    "physical_zip4": "9753"
  },
  {
    "area_name": "WESTPAC",
    "area_code": "4E",
    "district_name": "ALASKA",
    "district_no": "995",
    "delivery_zipcode": "99569",
    "locale_name": "CLARKS POINT",
    "physical_delivery_address": "11 MAIN ST",
    "physical_city": "CLARKS POINT",
    "physical_state": "AK",
    "physical_zip": "99569",
    "physical_zip4": "9800"
  },
  {
    "area_name": "WESTPAC",
    "area_code": "4E",
    "district_name": "ALASKA",
    "district_no": "995",
    "delivery_zipcode": "99571",
    "locale_name": "COLD BAY",
    "physical_delivery_address": "1 LETTY AVE",
    "physical_city": "COLD BAY",
    "physical_state": "AK",
    "physical_zip": "99571",
    "physical_zip4": "9800"
  },
  {
    "area_name": "WESTPAC",
    "area_code": "4E",
    "district_name": "ALASKA",
    "district_no": "995",
    "delivery_zipcode": "99571",
    "locale_name": "CPU NELSON LAGOON",
    "physical_delivery_address": "9998 NELSON LAGOON RD",
    "physical_city": "NELSON LAGOON",
    "physical_state": "AK",
    "physical_zip": "99571",
    "physical_zip4": "9801"
  },
  {
    "area_name": "WESTPAC",
    "area_code": "4E",
    "district_name": "ALASKA",
    "district_no": "995",
    "delivery_zipcode": "99572",
    "locale_name": "COOPER LANDING",
    "physical_delivery_address": "38741 SNUG HARBOR RD",
    "physical_city": "COOPER LANDING",
    "physical_state": "AK",
    "physical_zip": "99572",
    "physical_zip4": "9798"
  },
  {
    "area_name": "WESTPAC",
    "area_code": "4E",
    "district_name": "ALASKA",
    "district_no": "995",
    "delivery_zipcode": "99573",
    "locale_name": "COPPER CENTER",
    "physical_delivery_address": "101.5 OLD RICHARDSON HWY",
    "physical_city": "COPPER CENTER",
    "physical_state": "AK",
    "physical_zip": "99573",
    "physical_zip4": "9800"
  },
  {
    "area_name": "WESTPAC",
    "area_code": "4E",
    "district_name": "ALASKA",
    "district_no": "995",
    "delivery_zipcode": "99573",
    "locale_name": "GLENNALLEN",
    "physical_delivery_address": "9998 AURORA DR",
    "physical_city": "GLENNALLEN",
    "physical_state": "AK",
    "physical_zip": "99588",
    "physical_zip4": "9800"
  },
  {
    "area_name": "WESTPAC",
    "area_code": "4E",
    "district_name": "ALASKA",
    "district_no": "995",
    "delivery_zipcode": "99574",
    "locale_name": "CHENEGA BAY",
    "physical_delivery_address": "8098 CHENEGA BAY RD",
    "physical_city": "CHENEGA BAY",
    "physical_state": "AK",
    "physical_zip": "99574",
    "physical_zip4": "9801"
  },
  {
    "area_name": "WESTPAC",
    "area_code": "4E",
    "district_name": "ALASKA",
    "district_no": "995",
    "delivery_zipcode": "99574",
    "locale_name": "CORDOVA",
    "physical_delivery_address": "502 RAILROAD AVE",
    "physical_city": "CORDOVA",
    "physical_state": "AK",
    "physical_zip": "99574",
    "physical_zip4": "9800"
  },
  {
    "area_name": "WESTPAC",
    "area_code": "4E",
    "district_name": "ALASKA",
    "district_no": "995",
    "delivery_zipcode": "99575",
    "locale_name": "CROOKED CREEK",
    "physical_delivery_address": "500 AIRPORT RD",
    "physical_city": "CROOKED CREEK",
    "physical_state": "AK",
    "physical_zip": "99575",
    "physical_zip4": "9800"
  },
  {
    "area_name": "WESTPAC",
    "area_code": "4E",
    "district_name": "ALASKA",
    "district_no": "995",
    "delivery_zipcode": "99576",
    "locale_name": "DILLINGHAM",
    "physical_delivery_address": "114 D ST",
    "physical_city": "DILLINGHAM",
    "physical_state": "AK",
    "physical_zip": "99576",
    "physical_zip4": "9800"
  },
  {
    "area_name": "WESTPAC",
    "area_code": "4E",
    "district_name": "ALASKA",
    "district_no": "995",
    "delivery_zipcode": "99576",
    "locale_name": "KOLIGANEK",
    "physical_delivery_address": "5098 KOLIGANEK RD",
    "physical_city": "KOLIGANEK",
    "physical_state": "AK",
    "physical_zip": "99576",
    "physical_zip4": "9802"
  },
  {
    "area_name": "WESTPAC",
    "area_code": "4E",
    "district_name": "ALASKA",
    "district_no": "995",
    "delivery_zipcode": "99576",
    "locale_name": "TWIN HILLS",
    "physical_delivery_address": "101 MAIN ST",
    "physical_city": "TWIN HILLS",
    "physical_state": "AK",
    "physical_zip": "99576",
    "physical_zip4": "9801"
  },
  {
    "area_name": "WESTPAC",
    "area_code": "4E",
    "district_name": "ALASKA",
    "district_no": "995",
    "delivery_zipcode": "99577",
    "locale_name": "EAGLE RIVER",
    "physical_delivery_address": "11471 BUSINESS BLVD",
    "physical_city": "EAGLE RIVER",
    "physical_state": "AK",
    "physical_zip": "99577",
    "physical_zip4": "9998"
  },
  {
    "area_name": "WESTPAC",
    "area_code": "4E",
    "district_name": "ALASKA",
    "district_no": "995",
    "delivery_zipcode": "99578",
    "locale_name": "EEK",
    "physical_delivery_address": "9998 1ST ST",
    "physical_city": "EEK",
    "physical_state": "AK",
    "physical_zip": "99578",
    "physical_zip4": "9800"
  },
  {
    "area_name": "WESTPAC",
    "area_code": "4E",
    "district_name": "ALASKA",
    "district_no": "995",
    "delivery_zipcode": "99579",
    "locale_name": "EGEGIK",
    "physical_delivery_address": "1 SCHOOL RD",
    "physical_city": "EGEGIK",
    "physical_state": "AK",
    "physical_zip": "99579",
    "physical_zip4": "9800"
  },
  {
    "area_name": "WESTPAC",
    "area_code": "4E",
    "district_name": "ALASKA",
    "district_no": "995",
    "delivery_zipcode": "99580",
    "locale_name": "EKWOK",
    "physical_delivery_address": "1 POSTAL WAY",
    "physical_city": "EKWOK",
    "physical_state": "AK",
    "physical_zip": "99580",
    "physical_zip4": "9800"
  },
  {
    "area_name": "WESTPAC",
    "area_code": "4E",
    "district_name": "ALASKA",
    "district_no": "995",
    "delivery_zipcode": "99581",
    "locale_name": "EMMONAK",
    "physical_delivery_address": "9998 KWIGUK ST",
    "physical_city": "EMMONAK",
    "physical_state": "AK",
    "physical_zip": "99581",
    "physical_zip4": "9800"
  },
  {
    "area_name": "WESTPAC",
    "area_code": "4E",
    "district_name": "ALASKA",
    "district_no": "995",
    "delivery_zipcode": "99583",
    "locale_name": "FALSE PASS",
    "physical_delivery_address": "170 UMIAK DR",
    "physical_city": "FALSE PASS",
    "physical_state": "AK",
    "physical_zip": "99583",
    "physical_zip4": "9800"
  },
  {
    "area_name": "WESTPAC",
    "area_code": "4E",
    "district_name": "ALASKA",
    "district_no": "995",
    "delivery_zipcode": "99585",
    "locale_name": "MARSHALL",
    "physical_delivery_address": "200 YUKON AVE",
    "physical_city": "MARSHALL",
    "physical_state": "AK",
    "physical_zip": "99585",
    "physical_zip4": "9800"
  },
  {
    "area_name": "WESTPAC",
    "area_code": "4E",
    "district_name": "ALASKA",
    "district_no": "995",
    "delivery_zipcode": "99586",
    "locale_name": "GAKONA",
    "physical_delivery_address": "2.5 TOK CUTOFF",
    "physical_city": "GAKONA",
    "physical_state": "AK",
    "physical_zip": "99586",
    "physical_zip4": "9800"
  },
  {
    "area_name": "WESTPAC",
    "area_code": "4E",
    "district_name": "ALASKA",
    "district_no": "995",
    "delivery_zipcode": "99586",
    "locale_name": "GLENNALLEN",
    "physical_delivery_address": "9998 AURORA DR",
    "physical_city": "GLENNALLEN",
    "physical_state": "AK",
    "physical_zip": "99588",
    "physical_zip4": "9800"
  },
  {
    "area_name": "WESTPAC",
    "area_code": "4E",
    "district_name": "ALASKA",
    "district_no": "995",
    "delivery_zipcode": "99586",
    "locale_name": "SLANA",
    "physical_delivery_address": "2 NABESNA RD",
    "physical_city": "SLANA",
    "physical_state": "AK",
    "physical_zip": "99586",
    "physical_zip4": "9802"
  },
  {
    "area_name": "WESTPAC",
    "area_code": "4E",
    "district_name": "ALASKA",
    "district_no": "995",
    "delivery_zipcode": "99587",
    "locale_name": "GIRDWOOD",
    "physical_delivery_address": "118 LINDBLAD AVE",
    "physical_city": "GIRDWOOD",
    "physical_state": "AK",
    "physical_zip": "99587",
    "physical_zip4": "9800"
  },
  {
    "area_name": "WESTPAC",
    "area_code": "4E",
    "district_name": "ALASKA",
    "district_no": "995",
    "delivery_zipcode": "99588",
    "locale_name": "GLENNALLEN",
    "physical_delivery_address": "9998 AURORA DR",
    "physical_city": "GLENNALLEN",
    "physical_state": "AK",
    "physical_zip": "99588",
    "physical_zip4": "9800"
  },
  {
    "area_name": "WESTPAC",
    "area_code": "4E",
    "district_name": "ALASKA",
    "district_no": "995",
    "delivery_zipcode": "99589",
    "locale_name": "GOODNEWS BAY",
    "physical_delivery_address": "9998 GOODNEWS BAY ST",
    "physical_city": "GOODNEWS BAY",
    "physical_state": "AK",
    "physical_zip": "99589",
    "physical_zip4": "9800"
  },
  {
    "area_name": "WESTPAC",
    "area_code": "4E",
    "district_name": "ALASKA",
    "district_no": "995",
    "delivery_zipcode": "99590",
    "locale_name": "GRAYLING",
    "physical_delivery_address": "1 POSTAL WAY",
    "physical_city": "GRAYLING",
    "physical_state": "AK",
    "physical_zip": "99590",
    "physical_zip4": "9800"
  },
  {
    "area_name": "WESTPAC",
    "area_code": "4E",
    "district_name": "ALASKA",
    "district_no": "995",
    "delivery_zipcode": "99591",
    "locale_name": "SAINT GEORGE ISLAND",
    "physical_delivery_address": "1 MAIN ST",
    "physical_city": "SAINT GEORGE ISLAND",
    "physical_state": "AK",
    "physical_zip": "99591",
    "physical_zip4": "9800"
  },
  {
    "area_name": "WESTPAC",
    "area_code": "4E",
    "district_name": "ALASKA",
    "district_no": "995",
    "delivery_zipcode": "99602",
    "locale_name": "HOLY CROSS",
    "physical_delivery_address": "100 4TH ST",
    "physical_city": "HOLY CROSS",
    "physical_state": "AK",
    "physical_zip": "99602",
    "physical_zip4": "9800"
  },
  {
    "area_name": "WESTPAC",
    "area_code": "4E",
    "district_name": "ALASKA",
    "district_no": "995",
    "delivery_zipcode": "99603",
    "locale_name": "HALIBUT COVE",
    "physical_delivery_address": "6400 BOAT DOCK LNDG",
    "physical_city": "HOMER",
    "physical_state": "AK",
    "physical_zip": "99603",
    "physical_zip4": "9802"
  },
  {
    "area_name": "WESTPAC",
    "area_code": "4E",
    "district_name": "ALASKA",
    "district_no": "995",
    "delivery_zipcode": "99603",
    "locale_name": "HOMER",
    "physical_delivery_address": "3658 HEATH ST",
    "physical_city": "HOMER",
    "physical_state": "AK",
    "physical_zip": "99603",
    "physical_zip4": "9998"
  },
  {
    "area_name": "WESTPAC",
    "area_code": "4E",
    "district_name": "ALASKA",
    "district_no": "995",
    "delivery_zipcode": "99603",
    "locale_name": "NANWALEK",
    "physical_delivery_address": "8028 NANWALEK WAY",
    "physical_city": "HOMER",
    "physical_state": "AK",
    "physical_zip": "99603",
    "physical_zip4": "9801"
  },
  {
    "area_name": "WESTPAC",
    "area_code": "4E",
    "district_name": "ALASKA",
    "district_no": "995",
    "delivery_zipcode": "99603",
    "locale_name": "PORT GRAHAM",
    "physical_delivery_address": "5548 GRAHAM RD",
    "physical_city": "HOMER",
    "physical_state": "AK",
    "physical_zip": "99603",
    "physical_zip4": "9803"
  },
  {
    "area_name": "WESTPAC",
    "area_code": "4E",
    "district_name": "ALASKA",
    "district_no": "995",
    "delivery_zipcode": "99604",
    "locale_name": "HOOPER BAY",
    "physical_delivery_address": "1 UNIAQ AVE",
    "physical_city": "HOOPER BAY",
    "physical_state": "AK",
    "physical_zip": "99604",
    "physical_zip4": "9800"
  },
  {
    "area_name": "WESTPAC",
    "area_code": "4E",
    "district_name": "ALASKA",
    "district_no": "995",
    "delivery_zipcode": "99605",
    "locale_name": "HOPE",
    "physical_delivery_address": "19059 LOGMAN LN",
    "physical_city": "HOPE",
    "physical_state": "AK",
    "physical_zip": "99605",
    "physical_zip4": "9800"
  },
  {
    "area_name": "WESTPAC",
    "area_code": "4E",
    "district_name": "ALASKA",
    "district_no": "995",
    "delivery_zipcode": "99606",
    "locale_name": "ILIAMNA",
    "physical_delivery_address": "9998 ILIAMNA AIRPORT RD",
    "physical_city": "ILIAMNA",
    "physical_state": "AK",
    "physical_zip": "99606",
    "physical_zip4": "9800"
  },
  {
    "area_name": "WESTPAC",
    "area_code": "4E",
    "district_name": "ALASKA",
    "district_no": "995",
    "delivery_zipcode": "99606",
    "locale_name": "KOKHANOK",
    "physical_delivery_address": "998 KOKHANOK RD",
    "physical_city": "KOKHANOK",
    "physical_state": "AK",
    "physical_zip": "99606",
    "physical_zip4": "9801"
  },
  {
    "area_name": "WESTPAC",
    "area_code": "4E",
    "district_name": "ALASKA",
    "district_no": "995",
    "delivery_zipcode": "99607",
    "locale_name": "KALSKAG",
    "physical_delivery_address": "9998 KALSKAG RD",
    "physical_city": "KALSKAG",
    "physical_state": "AK",
    "physical_zip": "99607",
    "physical_zip4": "9800"
  },
  {
    "area_name": "WESTPAC",
    "area_code": "4E",
    "district_name": "ALASKA",
    "district_no": "995",
    "delivery_zipcode": "99608",
    "locale_name": "KARLUK",
    "physical_delivery_address": "1 POSTAL WAY",
    "physical_city": "KARLUK",
    "physical_state": "AK",
    "physical_zip": "99608",
    "physical_zip4": "9800"
  },
  {
    "area_name": "WESTPAC",
    "area_code": "4E",
    "district_name": "ALASKA",
    "district_no": "995",
    "delivery_zipcode": "99609",
    "locale_name": "KASIGLUK",
    "physical_delivery_address": "19 NAYAGAAM AND MISVIGMUIT RDS",
    "physical_city": "KASIGLUK",
    "physical_state": "AK",
    "physical_zip": "99609",
    "physical_zip4": "9800"
  },
  {
    "area_name": "WESTPAC",
    "area_code": "4E",
    "district_name": "ALASKA",
    "district_no": "995",
    "delivery_zipcode": "99610",
    "locale_name": "KASILOF",
    "physical_delivery_address": "23758 KALIFORNSKY BEACH RD",
    "physical_city": "KASILOF",
    "physical_state": "AK",
    "physical_zip": "99610",
    "physical_zip4": "9700"
  },
  {
    "area_name": "WESTPAC",
    "area_code": "4E",
    "district_name": "ALASKA",
    "district_no": "995",
    "delivery_zipcode": "99611",
    "locale_name": "KENAI",
    "physical_delivery_address": "140 BIDARKA ST",
    "physical_city": "KENAI",
    "physical_state": "AK",
    "physical_zip": "99611",
    "physical_zip4": "9998"
  },
  {
    "area_name": "WESTPAC",
    "area_code": "4E",
    "district_name": "ALASKA",
    "district_no": "995",
    "delivery_zipcode": "99612",
    "locale_name": "KING COVE",
    "physical_delivery_address": "38 WINDY WALKWAY",
    "physical_city": "KING COVE",
    "physical_state": "AK",
    "physical_zip": "99612",
    "physical_zip4": "9800"
  },
  {
    "area_name": "WESTPAC",
    "area_code": "4E",
    "district_name": "ALASKA",
    "district_no": "995",
    "delivery_zipcode": "99613",
    "locale_name": "IGIUGIG",
    "physical_delivery_address": "4198 MAIN ST",
    "physical_city": "IGIUGIG",
    "physical_state": "AK",
    "physical_zip": "99613",
    "physical_zip4": "9801"
  },
  {
    "area_name": "WESTPAC",
    "area_code": "4E",
    "district_name": "ALASKA",
    "district_no": "995",
    "delivery_zipcode": "99613",
    "locale_name": "KING SALMON",
    "physical_delivery_address": "13 ALASKA HWY",
    "physical_city": "KING SALMON",
    "physical_state": "AK",
    "physical_zip": "99613",
    "physical_zip4": "9800"
  },
  {
    "area_name": "WESTPAC",
    "area_code": "4E",
    "district_name": "ALASKA",
    "district_no": "995",
    "delivery_zipcode": "99614",
    "locale_name": "ANCHORAGE MAIN OFFICE",
    "physical_delivery_address": "4141 POSTMARK DR",
    "physical_city": "ANCHORAGE",
    "physical_state": "AK",
    "physical_zip": "99530",
    "physical_zip4": "9998"
  },
  {
    "area_name": "WESTPAC",
    "area_code": "4E",
    "district_name": "ALASKA",
    "district_no": "995",
    "delivery_zipcode": "99615",
    "locale_name": "AKHIOK",
    "physical_delivery_address": "165 D ST",
    "physical_city": "AKHIOK",
    "physical_state": "AK",
    "physical_zip": "99615",
    "physical_zip4": "9800"
  },
  {
    "area_name": "WESTPAC",
    "area_code": "4E",
    "district_name": "ALASKA",
    "district_no": "995",
    "delivery_zipcode": "99615",
    "locale_name": "CHINIAK",
    "physical_delivery_address": "36158 CHINIAK HWY",
    "physical_city": "CHINIAK",
    "physical_state": "AK",
    "physical_zip": "99615",
    "physical_zip4": "9801"
  },
  {
    "area_name": "WESTPAC",
    "area_code": "4E",
    "district_name": "ALASKA",
    "district_no": "995",
    "delivery_zipcode": "99615",
    "locale_name": "CPU KODIAK STA #1 DOWNTOWN",
    "physical_delivery_address": "111 W REZANOF DR",
    "physical_city": "KODIAK",
    "physical_state": "AK",
    "physical_zip": "99615",
    "physical_zip4": "6090"
  },
  {
    "area_name": "WESTPAC",
    "area_code": "4E",
    "district_name": "ALASKA",
    "district_no": "995",
    "delivery_zipcode": "99615",
    "locale_name": "CPU KODIAK STA #2 EASTSIDE",
    "physical_delivery_address": "2685 MILL BAY RD",
    "physical_city": "KODIAK",
    "physical_state": "AK",
    "physical_zip": "99615",
    "physical_zip4": "6995"
  },
  {
    "area_name": "WESTPAC",
    "area_code": "4E",
    "district_name": "ALASKA",
    "district_no": "995",
    "delivery_zipcode": "99615",
    "locale_name": "KODIAK",
    "physical_delivery_address": "419 LOWER MILL BAY RD",
    "physical_city": "KODIAK",
    "physical_state": "AK",
    "physical_zip": "99615",
    "physical_zip4": "9998"
  },
  {
    "area_name": "WESTPAC",
    "area_code": "4E",
    "district_name": "ALASKA",
    "district_no": "995",
    "delivery_zipcode": "99620",
    "locale_name": "KOTLIK",
    "physical_delivery_address": "500 USPS BOARDWALK",
    "physical_city": "KOTLIK",
    "physical_state": "AK",
    "physical_zip": "99620",
    "physical_zip4": "9800"
  },
  {
    "area_name": "WESTPAC",
    "area_code": "4E",
    "district_name": "ALASKA",
    "district_no": "995",
    "delivery_zipcode": "99621",
    "locale_name": "KWETHLUK",
    "physical_delivery_address": "500 AIRPORT RD",
    "physical_city": "KWETHLUK",
    "physical_state": "AK",
    "physical_zip": "99621",
    "physical_zip4": "9800"
  },
  {
    "area_name": "WESTPAC",
    "area_code": "4E",
    "district_name": "ALASKA",
    "district_no": "995",
    "delivery_zipcode": "99622",
    "locale_name": "ANCHORAGE MAIN OFFICE",
    "physical_delivery_address": "4141 POSTMARK DR",
    "physical_city": "ANCHORAGE",
    "physical_state": "AK",
    "physical_zip": "99530",
    "physical_zip4": "9998"
  },
  {
    "area_name": "WESTPAC",
    "area_code": "4E",
    "district_name": "ALASKA",
    "district_no": "995",
    "delivery_zipcode": "99623",
    "locale_name": "WASILLA",
    "physical_delivery_address": "401 N MAIN ST",
    "physical_city": "WASILLA",
    "physical_state": "AK",
    "physical_zip": "99654",
    "physical_zip4": "9998"
  },
  {
    "area_name": "WESTPAC",
    "area_code": "4E",
    "district_name": "ALASKA",
    "district_no": "995",
    "delivery_zipcode": "99624",
    "locale_name": "LARSEN BAY",
    "physical_delivery_address": "500 3RD ST",
    "physical_city": "LARSEN BAY",
    "physical_state": "AK",
    "physical_zip": "99624",
    "physical_zip4": "9800"
  },
  {
    "area_name": "WESTPAC",
    "area_code": "4E",
    "district_name": "ALASKA",
    "district_no": "995",
    "delivery_zipcode": "99625",
    "locale_name": "LEVELOCK",
    "physical_delivery_address": "100 MAIN ST",
    "physical_city": "LEVELOCK",
    "physical_state": "AK",
    "physical_zip": "99625",
    "physical_zip4": "9800"
  },
  {
    "area_name": "WESTPAC",
    "area_code": "4E",
    "district_name": "ALASKA",
    "district_no": "995",
    "delivery_zipcode": "99626",
    "locale_name": "LOWER KALSKAG",
    "physical_delivery_address": "100 E ST",
    "physical_city": "LOWER KALSKAG",
    "physical_state": "AK",
    "physical_zip": "99626",
    "physical_zip4": "9800"
  },
  {
    "area_name": "WESTPAC",
    "area_code": "4E",
    "district_name": "ALASKA",
    "district_no": "995",
    "delivery_zipcode": "99627",
    "locale_name": "MC GRATH",
    "physical_delivery_address": "123 TAKOTNA AVE",
    "physical_city": "MC GRATH",
    "physical_state": "AK",
    "physical_zip": "99627",
    "physical_zip4": "9800"
  },
  {
    "area_name": "WESTPAC",
    "area_code": "4E",
    "district_name": "ALASKA",
    "district_no": "995",
    "delivery_zipcode": "99629",
    "locale_name": "CPU MEADOW LAKES",
    "physical_delivery_address": "745 S RAINBOW ST",
    "physical_city": "WASILLA",
    "physical_state": "AK",
    "physical_zip": "99623",
    "physical_zip4": "9804"
  },
  {
    "area_name": "WESTPAC",
    "area_code": "4E",
    "district_name": "ALASKA",
    "district_no": "995",
    "delivery_zipcode": "99630",
    "locale_name": "MEKORYUK",
    "physical_delivery_address": "1 MAIN ST",
    "physical_city": "MEKORYUK",
    "physical_state": "AK",
    "physical_zip": "99630",
    "physical_zip4": "9800"
  },
  {
    "area_name": "WESTPAC",
    "area_code": "4E",
    "district_name": "ALASKA",
    "district_no": "995",
    "delivery_zipcode": "99631",
    "locale_name": "MOOSE PASS",
    "physical_delivery_address": "31785 POST OFFICE DR",
    "physical_city": "MOOSE PASS",
    "physical_state": "AK",
    "physical_zip": "99631",
    "physical_zip4": "9800"
  },
  {
    "area_name": "WESTPAC",
    "area_code": "4E",
    "district_name": "ALASKA",
    "district_no": "995",
    "delivery_zipcode": "99632",
    "locale_name": "MOUNTAIN VILLAGE",
    "physical_delivery_address": "9998 AIRPORT RD",
    "physical_city": "MOUNTAIN VILLAGE",
    "physical_state": "AK",
    "physical_zip": "99632",
    "physical_zip4": "9800"
  },
  {
    "area_name": "WESTPAC",
    "area_code": "4E",
    "district_name": "ALASKA",
    "district_no": "995",
    "delivery_zipcode": "99633",
    "locale_name": "NAKNEK",
    "physical_delivery_address": "1/2 SCHOOL RD",
    "physical_city": "NAKNEK",
    "physical_state": "AK",
    "physical_zip": "99633",
    "physical_zip4": "9800"
  },
  {
    "area_name": "WESTPAC",
    "area_code": "4E",
    "district_name": "ALASKA",
    "district_no": "995",
    "delivery_zipcode": "99634",
    "locale_name": "NAPAKIAK",
    "physical_delivery_address": "50 MARAQ RD",
    "physical_city": "NAPAKIAK",
    "physical_state": "AK",
    "physical_zip": "99634",
    "physical_zip4": "9800"
  },
  {
    "area_name": "WESTPAC",
    "area_code": "4E",
    "district_name": "ALASKA",
    "district_no": "995",
    "delivery_zipcode": "99635",
    "locale_name": "NIKISKI",
    "physical_delivery_address": "51708 KENAI SPUR HWY STE B",
    "physical_city": "NIKISKI",
    "physical_state": "AK",
    "physical_zip": "99635",
    "physical_zip4": "9800"
  },
  {
    "area_name": "WESTPAC",
    "area_code": "4E",
    "district_name": "ALASKA",
    "district_no": "995",
    "delivery_zipcode": "99636",
    "locale_name": "NEW STUYAHOK",
    "physical_delivery_address": "100 WALLACE ST",
    "physical_city": "NEW STUYAHOK",
    "physical_state": "AK",
    "physical_zip": "99636",
    "physical_zip4": "9800"
  },
  {
    "area_name": "WESTPAC",
    "area_code": "4E",
    "district_name": "ALASKA",
    "district_no": "995",
    "delivery_zipcode": "99637",
    "locale_name": "TOKSOOK BAY",
    "physical_delivery_address": "9637 TOKSOOK BAY RD",
    "physical_city": "TOKSOOK BAY",
    "physical_state": "AK",
    "physical_zip": "99637",
    "physical_zip4": "9800"
  },
  {
    "area_name": "WESTPAC",
    "area_code": "4E",
    "district_name": "ALASKA",
    "district_no": "995",
    "delivery_zipcode": "99639",
    "locale_name": "NINILCHIK",
    "physical_delivery_address": "15700 KINGSLEY RD",
    "physical_city": "NINILCHIK",
    "physical_state": "AK",
    "physical_zip": "99639",
    "physical_zip4": "9759"
  },
  {
    "area_name": "WESTPAC",
    "area_code": "4E",
    "district_name": "ALASKA",
    "district_no": "995",
    "delivery_zipcode": "99640",
    "locale_name": "NONDALTON",
    "physical_delivery_address": "101 MAIN ST",
    "physical_city": "NONDALTON",
    "physical_state": "AK",
    "physical_zip": "99640",
    "physical_zip4": "9800"
  },
  {
    "area_name": "WESTPAC",
    "area_code": "4E",
    "district_name": "ALASKA",
    "district_no": "995",
    "delivery_zipcode": "99641",
    "locale_name": "NUNAPITCHUK",
    "physical_delivery_address": "9998 NUNAPITCHUK RD",
    "physical_city": "NUNAPITCHUK",
    "physical_state": "AK",
    "physical_zip": "99641",
    "physical_zip4": "9800"
  },
  {
    "area_name": "WESTPAC",
    "area_code": "4E",
    "district_name": "ALASKA",
    "district_no": "995",
    "delivery_zipcode": "99643",
    "locale_name": "OLD HARBOR",
    "physical_delivery_address": "9998 THREE SAINTS AVE",
    "physical_city": "OLD HARBOR",
    "physical_state": "AK",
    "physical_zip": "99643",
    "physical_zip4": "9800"
  },
  {
    "area_name": "WESTPAC",
    "area_code": "4E",
    "district_name": "ALASKA",
    "district_no": "995",
    "delivery_zipcode": "99644",
    "locale_name": "OUZINKIE",
    "physical_delivery_address": "200 2ND AND E ST",
    "physical_city": "OUZINKIE",
    "physical_state": "AK",
    "physical_zip": "99644",
    "physical_zip4": "9800"
  },
  {
    "area_name": "WESTPAC",
    "area_code": "4E",
    "district_name": "ALASKA",
    "district_no": "995",
    "delivery_zipcode": "99645",
    "locale_name": "PALMER",
    "physical_delivery_address": "500 S COBB ST",
    "physical_city": "PALMER",
    "physical_state": "AK",
    "physical_zip": "99645",
    "physical_zip4": "9998"
  },
  {
    "area_name": "WESTPAC",
    "area_code": "4E",
    "district_name": "ALASKA",
    "district_no": "995",
    "delivery_zipcode": "99647",
    "locale_name": "PEDRO BAY",
    "physical_delivery_address": "9998 PEDRO BAY RD",
    "physical_city": "PEDRO BAY",
    "physical_state": "AK",
    "physical_zip": "99647",
    "physical_zip4": "9800"
  },
  {
    "area_name": "WESTPAC",
    "area_code": "4E",
    "district_name": "ALASKA",
    "district_no": "995",
    "delivery_zipcode": "99648",
    "locale_name": "PERRYVILLE",
    "physical_delivery_address": "16 N BROOK ACCESS RD",
    "physical_city": "PERRYVILLE",
    "physical_state": "AK",
    "physical_zip": "99648",
    "physical_zip4": "9800"
  },
  {
    "area_name": "WESTPAC",
    "area_code": "4E",
    "district_name": "ALASKA",
    "district_no": "995",
    "delivery_zipcode": "99649",
    "locale_name": "PILOT POINT",
    "physical_delivery_address": "600 AIRPLANE LAKE RD",
    "physical_city": "PILOT POINT",
    "physical_state": "AK",
    "physical_zip": "99649",
    "physical_zip4": "9800"
  },
  {
    "area_name": "WESTPAC",
    "area_code": "4E",
    "district_name": "ALASKA",
    "district_no": "995",
    "delivery_zipcode": "99650",
    "locale_name": "PILOT STATION",
    "physical_delivery_address": "4 BUILDING AIRPORT RD",
    "physical_city": "PILOT STATION",
    "physical_state": "AK",
    "physical_zip": "99650",
    "physical_zip4": "9800"
  },
  {
    "area_name": "WESTPAC",
    "area_code": "4E",
    "district_name": "ALASKA",
    "district_no": "995",
    "delivery_zipcode": "99652",
    "locale_name": "CPU BIG LAKE",
    "physical_delivery_address": "2809 BIG LAKE RD",
    "physical_city": "BIG LAKE",
    "physical_state": "AK",
    "physical_zip": "99652",
    "physical_zip4": "9800"
  },
  {
    "area_name": "WESTPAC",
    "area_code": "4E",
    "district_name": "ALASKA",
    "district_no": "995",
    "delivery_zipcode": "99653",
    "locale_name": "PORT ALSWORTH",
    "physical_delivery_address": "1 FLIGHT LINE RD STE C",
    "physical_city": "PORT ALSWORTH",
    "physical_state": "AK",
    "physical_zip": "99653",
    "physical_zip4": "9801"
  },
  {
    "area_name": "WESTPAC",
    "area_code": "4E",
    "district_name": "ALASKA",
    "district_no": "995",
    "delivery_zipcode": "99654",
    "locale_name": "WASILLA ANNEX",
    "physical_delivery_address": "626 N BOBBY DAY CIR",
    "physical_city": "WASILLA",
    "physical_state": "AK",
    "physical_zip": "99654",
    "physical_zip4": "7369"
  },
  {
    "area_name": "WESTPAC",
    "area_code": "4E",
    "district_name": "ALASKA",
    "district_no": "995",
    "delivery_zipcode": "99656",
    "locale_name": "RED DEVIL",
    "physical_delivery_address": "40 RIVER RD",
    "physical_city": "RED DEVIL",
    "physical_state": "AK",
    "physical_zip": "99656",
    "physical_zip4": "9800"
  },
  {
    "area_name": "WESTPAC",
    "area_code": "4E",
    "district_name": "ALASKA",
    "district_no": "995",
    "delivery_zipcode": "99657",
    "locale_name": "RUSSIAN MISSION",
    "physical_delivery_address": "500 AYAK LOOP",
    "physical_city": "RUSSIAN MISSION",
    "physical_state": "AK",
    "physical_zip": "99657",
    "physical_zip4": "9800"
  },
  {
    "area_name": "WESTPAC",
    "area_code": "4E",
    "district_name": "ALASKA",
    "district_no": "995",
    "delivery_zipcode": "99658",
    "locale_name": "SAINT MARYS",
    "physical_delivery_address": "101 ALSTROM ST",
    "physical_city": "SAINT MARYS",
    "physical_state": "AK",
    "physical_zip": "99658",
    "physical_zip4": "9800"
  },
  {
    "area_name": "WESTPAC",
    "area_code": "4E",
    "district_name": "ALASKA",
    "district_no": "995",
    "delivery_zipcode": "99659",
    "locale_name": "SAINT MICHAEL",
    "physical_delivery_address": "1 POSTAL WAY",
    "physical_city": "SAINT MICHAEL",
    "physical_state": "AK",
    "physical_zip": "99659",
    "physical_zip4": "9800"
  },
  {
    "area_name": "WESTPAC",
    "area_code": "4E",
    "district_name": "ALASKA",
    "district_no": "995",
    "delivery_zipcode": "99660",
    "locale_name": "SAINT PAUL ISLAND",
    "physical_delivery_address": "2000 POLOVINA TPKE",
    "physical_city": "SAINT PAUL ISLAND",
    "physical_state": "AK",
    "physical_zip": "99660",
    "physical_zip4": "9800"
  },
  {
    "area_name": "WESTPAC",
    "area_code": "4E",
    "district_name": "ALASKA",
    "district_no": "995",
    "delivery_zipcode": "99661",
    "locale_name": "SAND POINT",
    "physical_delivery_address": "9998 MAIN ST",
    "physical_city": "SAND POINT",
    "physical_state": "AK",
    "physical_zip": "99661",
    "physical_zip4": "9800"
  },
  {
    "area_name": "WESTPAC",
    "area_code": "4E",
    "district_name": "ALASKA",
    "district_no": "995",
    "delivery_zipcode": "99662",
    "locale_name": "SCAMMON BAY",
    "physical_delivery_address": "102 JOHNSON RD",
    "physical_city": "SCAMMON BAY",
    "physical_state": "AK",
    "physical_zip": "99662",
    "physical_zip4": "9800"
  },
  {
    "area_name": "WESTPAC",
    "area_code": "4E",
    "district_name": "ALASKA",
    "district_no": "995",
    "delivery_zipcode": "99663",
    "locale_name": "SELDOVIA",
    "physical_delivery_address": "251 MAIN ST",
    "physical_city": "SELDOVIA",
    "physical_state": "AK",
    "physical_zip": "99663",
    "physical_zip4": "9800"
  },
  {
    "area_name": "WESTPAC",
    "area_code": "4E",
    "district_name": "ALASKA",
    "district_no": "995",
    "delivery_zipcode": "99664",
    "locale_name": "SEWARD",
    "physical_delivery_address": "507 MADISON AVE",
    "physical_city": "SEWARD",
    "physical_state": "AK",
    "physical_zip": "99664",
    "physical_zip4": "9800"
  },
  {
    "area_name": "WESTPAC",
    "area_code": "4E",
    "district_name": "ALASKA",
    "district_no": "995",
    "delivery_zipcode": "99666",
    "locale_name": "NUNAM IQUA",
    "physical_delivery_address": "9666 NUNAM IQUA RD",
    "physical_city": "NUNAM IQUA",
    "physical_state": "AK",
    "physical_zip": "99666",
    "physical_zip4": "9800"
  },
  {
    "area_name": "WESTPAC",
    "area_code": "4E",
    "district_name": "ALASKA",
    "district_no": "995",
    "delivery_zipcode": "99667",
    "locale_name": "SKWENTNA",
    "physical_delivery_address": "100 MAIN ST",
    "physical_city": "SKWENTNA",
    "physical_state": "AK",
    "physical_zip": "99667",
    "physical_zip4": "9800"
  },
  {
    "area_name": "WESTPAC",
    "area_code": "4E",
    "district_name": "ALASKA",
    "district_no": "995",
    "delivery_zipcode": "99668",
    "locale_name": "SLEETMUTE",
    "physical_delivery_address": "100 POST OFFICE DR",
    "physical_city": "SLEETMUTE",
    "physical_state": "AK",
    "physical_zip": "99668",
    "physical_zip4": "9800"
  },
  {
    "area_name": "WESTPAC",
    "area_code": "4E",
    "district_name": "ALASKA",
    "district_no": "995",
    "delivery_zipcode": "99669",
    "locale_name": "SOLDOTNA",
    "physical_delivery_address": "175 N BINKLEY ST",
    "physical_city": "SOLDOTNA",
    "physical_state": "AK",
    "physical_zip": "99669",
    "physical_zip4": "9998"
  },
  {
    "area_name": "WESTPAC",
    "area_code": "4E",
    "district_name": "ALASKA",
    "district_no": "995",
    "delivery_zipcode": "99670",
    "locale_name": "SOUTH NAKNEK",
    "physical_delivery_address": "500 7TH ST",
    "physical_city": "SOUTH NAKNEK",
    "physical_state": "AK",
    "physical_zip": "99670",
    "physical_zip4": "9800"
  },
  {
    "area_name": "WESTPAC",
    "area_code": "4E",
    "district_name": "ALASKA",
    "district_no": "995",
    "delivery_zipcode": "99671",
    "locale_name": "STEBBINS",
    "physical_delivery_address": "100 MAIN ST",
    "physical_city": "STEBBINS",
    "physical_state": "AK",
    "physical_zip": "99671",
    "physical_zip4": "9800"
  },
  {
    "area_name": "WESTPAC",
    "area_code": "4E",
    "district_name": "ALASKA",
    "district_no": "995",
    "delivery_zipcode": "99672",
    "locale_name": "STERLING",
    "physical_delivery_address": "38161 MIDWAY DR",
    "physical_city": "STERLING",
    "physical_state": "AK",
    "physical_zip": "99672",
    "physical_zip4": "9800"
  },
  {
    "area_name": "WESTPAC",
    "area_code": "4E",
    "district_name": "ALASKA",
    "district_no": "995",
    "delivery_zipcode": "99674",
    "locale_name": "CHICKALOON",
    "physical_delivery_address": "33968 N GLENN HWY",
    "physical_city": "SUTTON",
    "physical_state": "AK",
    "physical_zip": "99674",
    "physical_zip4": "9801"
  },
  {
    "area_name": "WESTPAC",
    "area_code": "4E",
    "district_name": "ALASKA",
    "district_no": "995",
    "delivery_zipcode": "99674",
    "locale_name": "SUTTON",
    "physical_delivery_address": "11266 N CHICKALOON WAY",
    "physical_city": "SUTTON",
    "physical_state": "AK",
    "physical_zip": "99674",
    "physical_zip4": "9800"
  },
  {
    "area_name": "WESTPAC",
    "area_code": "4E",
    "district_name": "ALASKA",
    "district_no": "995",
    "delivery_zipcode": "99675",
    "locale_name": "TAKOTNA",
    "physical_delivery_address": "9675 AIRPORT RD",
    "physical_city": "TAKOTNA",
    "physical_state": "AK",
    "physical_zip": "99675",
    "physical_zip4": "9800"
  },
  {
    "area_name": "WESTPAC",
    "area_code": "4E",
    "district_name": "ALASKA",
    "district_no": "995",
    "delivery_zipcode": "99676",
    "locale_name": "TALKEETNA",
    "physical_delivery_address": "13707 E FIRST ST",
    "physical_city": "TALKEETNA",
    "physical_state": "AK",
    "physical_zip": "99676",
    "physical_zip4": "9800"
  },
  {
    "area_name": "WESTPAC",
    "area_code": "4E",
    "district_name": "ALASKA",
    "district_no": "995",
    "delivery_zipcode": "99677",
    "locale_name": "TATITLEK",
    "physical_delivery_address": "9998 TATITLEK RD",
    "physical_city": "TATITLEK",
    "physical_state": "AK",
    "physical_zip": "99677",
    "physical_zip4": "9800"
  },
  {
    "area_name": "WESTPAC",
    "area_code": "4E",
    "district_name": "ALASKA",
    "district_no": "995",
    "delivery_zipcode": "99678",
    "locale_name": "TOGIAK",
    "physical_delivery_address": "9998 AIRPORT WAY",
    "physical_city": "TOGIAK",
    "physical_state": "AK",
    "physical_zip": "99678",
    "physical_zip4": "9800"
  },
  {
    "area_name": "WESTPAC",
    "area_code": "4E",
    "district_name": "ALASKA",
    "district_no": "995",
    "delivery_zipcode": "99679",
    "locale_name": "TULUKSAK",
    "physical_delivery_address": "9679 TULUKSAK RD",
    "physical_city": "TULUKSAK",
    "physical_state": "AK",
    "physical_zip": "99679",
    "physical_zip4": "9800"
  },
  {
    "area_name": "WESTPAC",
    "area_code": "4E",
    "district_name": "ALASKA",
    "district_no": "995",
    "delivery_zipcode": "99680",
    "locale_name": "TUNTUTULIAK",
    "physical_delivery_address": "100 MAIN ST",
    "physical_city": "TUNTUTULIAK",
    "physical_state": "AK",
    "physical_zip": "99680",
    "physical_zip4": "9800"
  },
  {
    "area_name": "WESTPAC",
    "area_code": "4E",
    "district_name": "ALASKA",
    "district_no": "995",
    "delivery_zipcode": "99682",
    "locale_name": "TYONEK",
    "physical_delivery_address": "16 C ST",
    "physical_city": "TYONEK",
    "physical_state": "AK",
    "physical_zip": "99682",
    "physical_zip4": "9800"
  },
  {
    "area_name": "WESTPAC",
    "area_code": "4E",
    "district_name": "ALASKA",
    "district_no": "995",
    "delivery_zipcode": "99683",
    "locale_name": "TRAPPER CREEK",
    "physical_delivery_address": "23161 S WATSON CIR",
    "physical_city": "TRAPPER CREEK",
    "physical_state": "AK",
    "physical_zip": "99683",
    "physical_zip4": "9800"
  },
  {
    "area_name": "WESTPAC",
    "area_code": "4E",
    "district_name": "ALASKA",
    "district_no": "995",
    "delivery_zipcode": "99684",
    "locale_name": "UNALAKLEET",
    "physical_delivery_address": "100 MAIN ST",
    "physical_city": "UNALAKLEET",
    "physical_state": "AK",
    "physical_zip": "99684",
    "physical_zip4": "9800"
  },
  {
    "area_name": "WESTPAC",
    "area_code": "4E",
    "district_name": "ALASKA",
    "district_no": "995",
    "delivery_zipcode": "99685",
    "locale_name": "UNALASKA",
    "physical_delivery_address": "82 AIRPORT BEACH RD",
    "physical_city": "UNALASKA",
    "physical_state": "AK",
    "physical_zip": "99685",
    "physical_zip4": "9800"
  },
  {
    "area_name": "WESTPAC",
    "area_code": "4E",
    "district_name": "ALASKA",
    "district_no": "995",
    "delivery_zipcode": "99686",
    "locale_name": "VALDEZ",
    "physical_delivery_address": "221 TATITLEK ST",
    "physical_city": "VALDEZ",
    "physical_state": "AK",
    "physical_zip": "99686",
    "physical_zip4": "9800"
  },
  {
    "area_name": "WESTPAC",
    "area_code": "4E",
    "district_name": "ALASKA",
    "district_no": "995",
    "delivery_zipcode": "99687",
    "locale_name": "CPU BRENTWOOD",
    "physical_delivery_address": "5050 E DUNBAR DR STE G",
    "physical_city": "WASILLA",
    "physical_state": "AK",
    "physical_zip": "99654",
    "physical_zip4": "7758"
  },
  {
    "area_name": "WESTPAC",
    "area_code": "4E",
    "district_name": "ALASKA",
    "district_no": "995",
    "delivery_zipcode": "99687",
    "locale_name": "CPU SETTLERS BAY MAIL SVC",
    "physical_delivery_address": "4075 S COUNTRY DR STE B",
    "physical_city": "WASILLA",
    "physical_state": "AK",
    "physical_zip": "99623",
    "physical_zip4": "0533"
  },
  {
    "area_name": "WESTPAC",
    "area_code": "4E",
    "district_name": "ALASKA",
    "district_no": "995",
    "delivery_zipcode": "99687",
    "locale_name": "WASILLA",
    "physical_delivery_address": "401 N MAIN ST",
    "physical_city": "WASILLA",
    "physical_state": "AK",
    "physical_zip": "99654",
    "physical_zip4": "9998"
  },
  {
    "area_name": "WESTPAC",
    "area_code": "4E",
    "district_name": "ALASKA",
    "district_no": "995",
    "delivery_zipcode": "99688",
    "locale_name": "WILLOW",
    "physical_delivery_address": "13232 N MCKINLEY WAY",
    "physical_city": "WILLOW",
    "physical_state": "AK",
    "physical_zip": "99688",
    "physical_zip4": "9800"
  },
  {
    "area_name": "WESTPAC",
    "area_code": "4E",
    "district_name": "ALASKA",
    "district_no": "995",
    "delivery_zipcode": "99689",
    "locale_name": "YAKUTAT",
    "physical_delivery_address": "477 MALLOTTS AVE",
    "physical_city": "YAKUTAT",
    "physical_state": "AK",
    "physical_zip": "99689",
    "physical_zip4": "9800"
  },
  {
    "area_name": "WESTPAC",
    "area_code": "4E",
    "district_name": "ALASKA",
    "district_no": "995",
    "delivery_zipcode": "99690",
    "locale_name": "NIGHTMUTE",
    "physical_delivery_address": "9690 NIGHTMUTE RD",
    "physical_city": "NIGHTMUTE",
    "physical_state": "AK",
    "physical_zip": "99690",
    "physical_zip4": "9800"
  },
  {
    "area_name": "WESTPAC",
    "area_code": "4E",
    "district_name": "ALASKA",
    "district_no": "995",
    "delivery_zipcode": "99691",
    "locale_name": "NIKOLAI",
    "physical_delivery_address": "9691 NIKOLAI RD",
    "physical_city": "NIKOLAI",
    "physical_state": "AK",
    "physical_zip": "99691",
    "physical_zip4": "9800"
  },
  {
    "area_name": "WESTPAC",
    "area_code": "4E",
    "district_name": "ALASKA",
    "district_no": "995",
    "delivery_zipcode": "99692",
    "locale_name": "DUTCH HARBOR",
    "physical_delivery_address": "1745 AIRPORT BEACH RD",
    "physical_city": "DUTCH HARBOR",
    "physical_state": "AK",
    "physical_zip": "99692",
    "physical_zip4": "9800"
  },
  {
    "area_name": "WESTPAC",
    "area_code": "4E",
    "district_name": "ALASKA",
    "district_no": "995",
    "delivery_zipcode": "99693",
    "locale_name": "CPU WHITTIER",
    "physical_delivery_address": "9693 KENAI ST",
    "physical_city": "WHITTIER",
    "physical_state": "AK",
    "physical_zip": "99693",
    "physical_zip4": "9800"
  },
  {
    "area_name": "WESTPAC",
    "area_code": "4E",
    "district_name": "ALASKA",
    "district_no": "995",
    "delivery_zipcode": "99694",
    "locale_name": "HOUSTON",
    "physical_delivery_address": "17152 W PARKS HWY",
    "physical_city": "HOUSTON",
    "physical_state": "AK",
    "physical_zip": "99694",
    "physical_zip4": "9800"
  },
  {
    "area_name": "WESTPAC",
    "area_code": "4E",
    "district_name": "ALASKA",
    "district_no": "995",
    "delivery_zipcode": "99701",
    "locale_name": "COLLEGE",
    "physical_delivery_address": "755 FAIRBANKS ST",
    "physical_city": "FAIRBANKS",
    "physical_state": "AK",
    "physical_zip": "99709",
    "physical_zip4": "9997"
  },
  {
    "area_name": "WESTPAC",
    "area_code": "4E",
    "district_name": "ALASKA",
    "district_no": "995",
    "delivery_zipcode": "99701",
    "locale_name": "FAIRBANKS MAIN OFFICE",
    "physical_delivery_address": "5400 MAIL TRAIL RD",
    "physical_city": "FAIRBANKS",
    "physical_state": "AK",
    "physical_zip": "99709",
    "physical_zip4": "9998"
  },
  {
    "area_name": "WESTPAC",
    "area_code": "4E",
    "district_name": "ALASKA",
    "district_no": "995",
    "delivery_zipcode": "99702",
    "locale_name": "EIELSON AFB",
    "physical_delivery_address": "365 KODIAK ST",
    "physical_city": "EIELSON AFB",
    "physical_state": "AK",
    "physical_zip": "99702",
    "physical_zip4": "5300"
  },
  {
    "area_name": "WESTPAC",
    "area_code": "4E",
    "district_name": "ALASKA",
    "district_no": "995",
    "delivery_zipcode": "99702",
    "locale_name": "NORTH POLE",
    "physical_delivery_address": "325 S SANTA CLAUS LN",
    "physical_city": "NORTH POLE",
    "physical_state": "AK",
    "physical_zip": "99705",
    "physical_zip4": "9998"
  },
  {
    "area_name": "WESTPAC",
    "area_code": "4E",
    "district_name": "ALASKA",
    "district_no": "995",
    "delivery_zipcode": "99703",
    "locale_name": "FAIRBANKS MAIN OFFICE",
    "physical_delivery_address": "5400 MAIL TRAIL RD",
    "physical_city": "FAIRBANKS",
    "physical_state": "AK",
    "physical_zip": "99709",
    "physical_zip4": "9998"
  },
  {
    "area_name": "WESTPAC",
    "area_code": "4E",
    "district_name": "ALASKA",
    "district_no": "995",
    "delivery_zipcode": "99703",
    "locale_name": "FORT WAINWRIGHT",
    "physical_delivery_address": "3726 NEELY RD",
    "physical_city": "FORT WAINWRIGHT",
    "physical_state": "AK",
    "physical_zip": "99703",
    "physical_zip4": "8424"
  },
  {
    "area_name": "WESTPAC",
    "area_code": "4E",
    "district_name": "ALASKA",
    "district_no": "995",
    "delivery_zipcode": "99704",
    "locale_name": "CLEAR",
    "physical_delivery_address": "202 A ST STOP 1047",
    "physical_city": "CLEAR",
    "physical_state": "AK",
    "physical_zip": "99704",
    "physical_zip4": "5360"
  },
  {
    "area_name": "WESTPAC",
    "area_code": "4E",
    "district_name": "ALASKA",
    "district_no": "995",
    "delivery_zipcode": "99705",
    "locale_name": "NORTH POLE",
    "physical_delivery_address": "325 S SANTA CLAUS LN",
    "physical_city": "NORTH POLE",
    "physical_state": "AK",
    "physical_zip": "99705",
    "physical_zip4": "9998"
  },
  {
    "area_name": "WESTPAC",
    "area_code": "4E",
    "district_name": "ALASKA",
    "district_no": "995",
    "delivery_zipcode": "99706",
    "locale_name": "FAIRBANKS MAIN OFFICE",
    "physical_delivery_address": "5400 MAIL TRAIL RD",
    "physical_city": "FAIRBANKS",
    "physical_state": "AK",
    "physical_zip": "99709",
    "physical_zip4": "9998"
  },
  {
    "area_name": "WESTPAC",
    "area_code": "4E",
    "district_name": "ALASKA",
    "district_no": "995",
    "delivery_zipcode": "99707",
    "locale_name": "FAIRBANKS DOWNTOWN STA",
    "physical_delivery_address": "315 BARNETTE ST",
    "physical_city": "FAIRBANKS",
    "physical_state": "AK",
    "physical_zip": "99701",
    "physical_zip4": "4532"
  },
  {
    "area_name": "WESTPAC",
    "area_code": "4E",
    "district_name": "ALASKA",
    "district_no": "995",
    "delivery_zipcode": "99708",
    "locale_name": "COLLEGE",
    "physical_delivery_address": "755 FAIRBANKS ST",
    "physical_city": "FAIRBANKS",
    "physical_state": "AK",
    "physical_zip": "99709",
    "physical_zip4": "9997"
  },
  {
    "area_name": "WESTPAC",
    "area_code": "4E",
    "district_name": "ALASKA",
    "district_no": "995",
    "delivery_zipcode": "99709",
    "locale_name": "CPU COLDFOOT",
    "physical_delivery_address": "9000 DALTON HWY",
    "physical_city": "FAIRBANKS",
    "physical_state": "AK",
    "physical_zip": "99709",
    "physical_zip4": "9800"
  },
  {
    "area_name": "WESTPAC",
    "area_code": "4E",
    "district_name": "ALASKA",
    "district_no": "995",
    "delivery_zipcode": "99709",
    "locale_name": "FAIRBANKS MAIN OFFICE",
    "physical_delivery_address": "5400 MAIL TRAIL RD",
    "physical_city": "FAIRBANKS",
    "physical_state": "AK",
    "physical_zip": "99709",
    "physical_zip4": "9998"
  },
  {
    "area_name": "WESTPAC",
    "area_code": "4E",
    "district_name": "ALASKA",
    "district_no": "995",
    "delivery_zipcode": "99710",
    "locale_name": "CPU STEESE",
    "physical_delivery_address": "646 ROHLOFF ST",
    "physical_city": "FAIRBANKS",
    "physical_state": "AK",
    "physical_zip": "99712",
    "physical_zip4": "2323"
  },
  {
    "area_name": "WESTPAC",
    "area_code": "4E",
    "district_name": "ALASKA",
    "district_no": "995",
    "delivery_zipcode": "99711",
    "locale_name": "CPU BADGER",
    "physical_delivery_address": "771 BADGER RD",
    "physical_city": "NORTH POLE",
    "physical_state": "AK",
    "physical_zip": "99705",
    "physical_zip4": "5710"
  },
  {
    "area_name": "WESTPAC",
    "area_code": "4E",
    "district_name": "ALASKA",
    "district_no": "995",
    "delivery_zipcode": "99712",
    "locale_name": "FAIRBANKS MAIN OFFICE",
    "physical_delivery_address": "5400 MAIL TRAIL RD",
    "physical_city": "FAIRBANKS",
    "physical_state": "AK",
    "physical_zip": "99709",
    "physical_zip4": "9998"
  },
  {
    "area_name": "WESTPAC",
    "area_code": "4E",
    "district_name": "ALASKA",
    "district_no": "995",
    "delivery_zipcode": "99714",
    "locale_name": "NORTH POLE",
    "physical_delivery_address": "325 S SANTA CLAUS LN",
    "physical_city": "NORTH POLE",
    "physical_state": "AK",
    "physical_zip": "99705",
    "physical_zip4": "9998"
  },
  {
    "area_name": "WESTPAC",
    "area_code": "4E",
    "district_name": "ALASKA",
    "district_no": "995",
    "delivery_zipcode": "99714",
    "locale_name": "SALCHA",
    "physical_delivery_address": "9162 RICHARDSON HWY",
    "physical_city": "SALCHA",
    "physical_state": "AK",
    "physical_zip": "99714",
    "physical_zip4": "9676"
  },
  {
    "area_name": "WESTPAC",
    "area_code": "4E",
    "district_name": "ALASKA",
    "district_no": "995",
    "delivery_zipcode": "99716",
    "locale_name": "CPU TWO RIVERS",
    "physical_delivery_address": "7291 CHENA HOT SPRINGS RD",
    "physical_city": "FAIRBANKS",
    "physical_state": "AK",
    "physical_zip": "99712",
    "physical_zip4": "3798"
  },
  {
    "area_name": "WESTPAC",
    "area_code": "4E",
    "district_name": "ALASKA",
    "district_no": "995",
    "delivery_zipcode": "99720",
    "locale_name": "ALLAKAKET",
    "physical_delivery_address": "21 ALLAKAKET RD",
    "physical_city": "ALLAKAKET",
    "physical_state": "AK",
    "physical_zip": "99720",
    "physical_zip4": "9800"
  },
  {
    "area_name": "WESTPAC",
    "area_code": "4E",
    "district_name": "ALASKA",
    "district_no": "995",
    "delivery_zipcode": "99721",
    "locale_name": "ANAKTUVUK PASS",
    "physical_delivery_address": "1104 SUMMER ST",
    "physical_city": "ANAKTUVUK PASS",
    "physical_state": "AK",
    "physical_zip": "99721",
    "physical_zip4": "9800"
  },
  {
    "area_name": "WESTPAC",
    "area_code": "4E",
    "district_name": "ALASKA",
    "district_no": "995",
    "delivery_zipcode": "99722",
    "locale_name": "ARCTIC VILLAGE",
    "physical_delivery_address": "9998 BRIDGE ST",
    "physical_city": "ARCTIC VILLAGE",
    "physical_state": "AK",
    "physical_zip": "99722",
    "physical_zip4": "9800"
  },
  {
    "area_name": "WESTPAC",
    "area_code": "4E",
    "district_name": "ALASKA",
    "district_no": "995",
    "delivery_zipcode": "99723",
    "locale_name": "BARROW",
    "physical_delivery_address": "3080 EBEN HOBSON ST",
    "physical_city": "BARROW",
    "physical_state": "AK",
    "physical_zip": "99723",
    "physical_zip4": "9800"
  },
  {
    "area_name": "WESTPAC",
    "area_code": "4E",
    "district_name": "ALASKA",
    "district_no": "995",
    "delivery_zipcode": "99724",
    "locale_name": "BEAVER",
    "physical_delivery_address": "400 C ST",
    "physical_city": "BEAVER",
    "physical_state": "AK",
    "physical_zip": "99724",
    "physical_zip4": "9800"
  },
  {
    "area_name": "WESTPAC",
    "area_code": "4E",
    "district_name": "ALASKA",
    "district_no": "995",
    "delivery_zipcode": "99725",
    "locale_name": "ESTER",
    "physical_delivery_address": "501 VILLAGE RD",
    "physical_city": "ESTER",
    "physical_state": "AK",
    "physical_zip": "99725",
    "physical_zip4": "9800"
  },
  {
    "area_name": "WESTPAC",
    "area_code": "4E",
    "district_name": "ALASKA",
    "district_no": "995",
    "delivery_zipcode": "99726",
    "locale_name": "BETTLES FIELD",
    "physical_delivery_address": "1 FRONT ST",
    "physical_city": "BETTLES FIELD",
    "physical_state": "AK",
    "physical_zip": "99726",
    "physical_zip4": "9800"
  },
  {
    "area_name": "WESTPAC",
    "area_code": "4E",
    "district_name": "ALASKA",
    "district_no": "995",
    "delivery_zipcode": "99727",
    "locale_name": "BUCKLAND",
    "physical_delivery_address": "17 BETTY AVE",
    "physical_city": "BUCKLAND",
    "physical_state": "AK",
    "physical_zip": "99727",
    "physical_zip4": "9800"
  },
  {
    "area_name": "WESTPAC",
    "area_code": "4E",
    "district_name": "ALASKA",
    "district_no": "995",
    "delivery_zipcode": "99729",
    "locale_name": "CANTWELL",
    "physical_delivery_address": "210 GEORGE PARKS HWY",
    "physical_city": "CANTWELL",
    "physical_state": "AK",
    "physical_zip": "99729",
    "physical_zip4": "9800"
  },
  {
    "area_name": "WESTPAC",
    "area_code": "4E",
    "district_name": "ALASKA",
    "district_no": "995",
    "delivery_zipcode": "99730",
    "locale_name": "CENTRAL",
    "physical_delivery_address": "128 STEESE HWY",
    "physical_city": "CENTRAL",
    "physical_state": "AK",
    "physical_zip": "99730",
    "physical_zip4": "9800"
  },
  {
    "area_name": "WESTPAC",
    "area_code": "4E",
    "district_name": "ALASKA",
    "district_no": "995",
    "delivery_zipcode": "99731",
    "locale_name": "CPU FORT GREELY",
    "physical_delivery_address": "601 1ST ST",
    "physical_city": "FORT GREELY",
    "physical_state": "AK",
    "physical_zip": "99731",
    "physical_zip4": "9998"
  },
  {
    "area_name": "WESTPAC",
    "area_code": "4E",
    "district_name": "ALASKA",
    "district_no": "995",
    "delivery_zipcode": "99732",
    "locale_name": "CHICKEN",
    "physical_delivery_address": "66 TAYLOR HWY",
    "physical_city": "CHICKEN",
    "physical_state": "AK",
    "physical_zip": "99732",
    "physical_zip4": "9800"
  },
  {
    "area_name": "WESTPAC",
    "area_code": "4E",
    "district_name": "ALASKA",
    "district_no": "995",
    "delivery_zipcode": "99733",
    "locale_name": "CIRCLE",
    "physical_delivery_address": "161 STEESE HWY",
    "physical_city": "CIRCLE",
    "physical_state": "AK",
    "physical_zip": "99733",
    "physical_zip4": "9800"
  },
  {
    "area_name": "WESTPAC",
    "area_code": "4E",
    "district_name": "ALASKA",
    "district_no": "995",
    "delivery_zipcode": "99734",
    "locale_name": "CPU PRUDHOE BAY",
    "physical_delivery_address": "9734 BROOKS RANGE NAPA ST",
    "physical_city": "PRUDHOE BAY",
    "physical_state": "AK",
    "physical_zip": "99734",
    "physical_zip4": "9800"
  },
  {
    "area_name": "WESTPAC",
    "area_code": "4E",
    "district_name": "ALASKA",
    "district_no": "995",
    "delivery_zipcode": "99736",
    "locale_name": "DEERING",
    "physical_delivery_address": "59B B ST",
    "physical_city": "DEERING",
    "physical_state": "AK",
    "physical_zip": "99736",
    "physical_zip4": "9800"
  },
  {
    "area_name": "WESTPAC",
    "area_code": "4E",
    "district_name": "ALASKA",
    "district_no": "995",
    "delivery_zipcode": "99737",
    "locale_name": "DELTA JUNCTION",
    "physical_delivery_address": "266 RICHARDSON HWY",
    "physical_city": "DELTA JUNCTION",
    "physical_state": "AK",
    "physical_zip": "99737",
    "physical_zip4": "9800"
  },
  {
    "area_name": "WESTPAC",
    "area_code": "4E",
    "district_name": "ALASKA",
    "district_no": "995",
    "delivery_zipcode": "99738",
    "locale_name": "EAGLE",
    "physical_delivery_address": "200 JEFFERSON ST",
    "physical_city": "EAGLE",
    "physical_state": "AK",
    "physical_zip": "99738",
    "physical_zip4": "9800"
  },
  {
    "area_name": "WESTPAC",
    "area_code": "4E",
    "district_name": "ALASKA",
    "district_no": "995",
    "delivery_zipcode": "99739",
    "locale_name": "ELIM",
    "physical_delivery_address": "1 MAIN ST",
    "physical_city": "ELIM",
    "physical_state": "AK",
    "physical_zip": "99739",
    "physical_zip4": "9800"
  },
  {
    "area_name": "WESTPAC",
    "area_code": "4E",
    "district_name": "ALASKA",
    "district_no": "995",
    "delivery_zipcode": "99740",
    "locale_name": "FORT YUKON",
    "physical_delivery_address": "9998 E 3RD AVE",
    "physical_city": "FORT YUKON",
    "physical_state": "AK",
    "physical_zip": "99740",
    "physical_zip4": "9800"
  },
  {
    "area_name": "WESTPAC",
    "area_code": "4E",
    "district_name": "ALASKA",
    "district_no": "995",
    "delivery_zipcode": "99741",
    "locale_name": "GALENA",
    "physical_delivery_address": "511 GALENA RD",
    "physical_city": "GALENA",
    "physical_state": "AK",
    "physical_zip": "99741",
    "physical_zip4": "9800"
  },
  {
    "area_name": "WESTPAC",
    "area_code": "4E",
    "district_name": "ALASKA",
    "district_no": "995",
    "delivery_zipcode": "99742",
    "locale_name": "GAMBELL",
    "physical_delivery_address": "9998 SAINT LAWRENCE IS",
    "physical_city": "GAMBELL",
    "physical_state": "AK",
    "physical_zip": "99742",
    "physical_zip4": "9800"
  },
  {
    "area_name": "WESTPAC",
    "area_code": "4E",
    "district_name": "ALASKA",
    "district_no": "995",
    "delivery_zipcode": "99743",
    "locale_name": "HEALY",
    "physical_delivery_address": "9998 COAL ST",
    "physical_city": "HEALY",
    "physical_state": "AK",
    "physical_zip": "99743",
    "physical_zip4": "9800"
  },
  {
    "area_name": "WESTPAC",
    "area_code": "4E",
    "district_name": "ALASKA",
    "district_no": "995",
    "delivery_zipcode": "99744",
    "locale_name": "ANDERSON",
    "physical_delivery_address": "260 W 1ST ST",
    "physical_city": "ANDERSON",
    "physical_state": "AK",
    "physical_zip": "99744",
    "physical_zip4": "9800"
  },
  {
    "area_name": "WESTPAC",
    "area_code": "4E",
    "district_name": "ALASKA",
    "district_no": "995",
    "delivery_zipcode": "99745",
    "locale_name": "HUGHES",
    "physical_delivery_address": "110 FRONT ST",
    "physical_city": "HUGHES",
    "physical_state": "AK",
    "physical_zip": "99745",
    "physical_zip4": "9800"
  },
  {
    "area_name": "WESTPAC",
    "area_code": "4E",
    "district_name": "ALASKA",
    "district_no": "995",
    "delivery_zipcode": "99746",
    "locale_name": "HUSLIA",
    "physical_delivery_address": "34 DAKLI ST",
    "physical_city": "HUSLIA",
    "physical_state": "AK",
    "physical_zip": "99746",
    "physical_zip4": "9800"
  },
  {
    "area_name": "WESTPAC",
    "area_code": "4E",
    "district_name": "ALASKA",
    "district_no": "995",
    "delivery_zipcode": "99748",
    "locale_name": "KALTAG",
    "physical_delivery_address": "100 6TH AVE",
    "physical_city": "KALTAG",
    "physical_state": "AK",
    "physical_zip": "99748",
    "physical_zip4": "9800"
  },
  {
    "area_name": "WESTPAC",
    "area_code": "4E",
    "district_name": "ALASKA",
    "district_no": "995",
    "delivery_zipcode": "99749",
    "locale_name": "KIANA",
    "physical_delivery_address": "9998 TAYLOR AND KOZAK ST",
    "physical_city": "KIANA",
    "physical_state": "AK",
    "physical_zip": "99749",
    "physical_zip4": "9800"
  },
  {
    "area_name": "WESTPAC",
    "area_code": "4E",
    "district_name": "ALASKA",
    "district_no": "995",
    "delivery_zipcode": "99750",
    "locale_name": "KIVALINA",
    "physical_delivery_address": "1 POSTAL WAY",
    "physical_city": "KIVALINA",
    "physical_state": "AK",
    "physical_zip": "99750",
    "physical_zip4": "9800"
  },
  {
    "area_name": "WESTPAC",
    "area_code": "4E",
    "district_name": "ALASKA",
    "district_no": "995",
    "delivery_zipcode": "99751",
    "locale_name": "KOBUK",
    "physical_delivery_address": "9998 AIRPORT RD",
    "physical_city": "KOBUK",
    "physical_state": "AK",
    "physical_zip": "99751",
    "physical_zip4": "9800"
  },
  {
    "area_name": "WESTPAC",
    "area_code": "4E",
    "district_name": "ALASKA",
    "district_no": "995",
    "delivery_zipcode": "99752",
    "locale_name": "KOTZEBUE",
    "physical_delivery_address": "333 SHORE AVE",
    "physical_city": "KOTZEBUE",
    "physical_state": "AK",
    "physical_zip": "99752",
    "physical_zip4": "9800"
  },
  {
    "area_name": "WESTPAC",
    "area_code": "4E",
    "district_name": "ALASKA",
    "district_no": "995",
    "delivery_zipcode": "99753",
    "locale_name": "KOYUK",
    "physical_delivery_address": "200 BIRCH ST",
    "physical_city": "KOYUK",
    "physical_state": "AK",
    "physical_zip": "99753",
    "physical_zip4": "9800"
  },
  {
    "area_name": "WESTPAC",
    "area_code": "4E",
    "district_name": "ALASKA",
    "district_no": "995",
    "delivery_zipcode": "99754",
    "locale_name": "KOYUKUK",
    "physical_delivery_address": "149 MAIN ST",
    "physical_city": "KOYUKUK",
    "physical_state": "AK",
    "physical_zip": "99754",
    "physical_zip4": "9800"
  },
  {
    "area_name": "WESTPAC",
    "area_code": "4E",
    "district_name": "ALASKA",
    "district_no": "995",
    "delivery_zipcode": "99755",
    "locale_name": "DENALI NATIONAL PARK",
    "physical_delivery_address": "55998 DENALI PARK RD",
    "physical_city": "DENALI NATIONAL PARK",
    "physical_state": "AK",
    "physical_zip": "99755",
    "physical_zip4": "9800"
  },
  {
    "area_name": "WESTPAC",
    "area_code": "4E",
    "district_name": "ALASKA",
    "district_no": "995",
    "delivery_zipcode": "99756",
    "locale_name": "MANLEY HOT SPRINGS",
    "physical_delivery_address": "100 LANDING RD",
    "physical_city": "MANLEY HOT SPRINGS",
    "physical_state": "AK",
    "physical_zip": "99756",
    "physical_zip4": "9800"
  },
  {
    "area_name": "WESTPAC",
    "area_code": "4E",
    "district_name": "ALASKA",
    "district_no": "995",
    "delivery_zipcode": "99757",
    "locale_name": "LAKE MINCHUMINA",
    "physical_delivery_address": "123 AIRPORT WAY",
    "physical_city": "LAKE MINCHUMINA",
    "physical_state": "AK",
    "physical_zip": "99757",
    "physical_zip4": "9800"
  },
  {
    "area_name": "WESTPAC",
    "area_code": "4E",
    "district_name": "ALASKA",
    "district_no": "995",
    "delivery_zipcode": "99758",
    "locale_name": "MINTO",
    "physical_delivery_address": "100 3RD ST",
    "physical_city": "MINTO",
    "physical_state": "AK",
    "physical_zip": "99758",
    "physical_zip4": "9800"
  },
  {
    "area_name": "WESTPAC",
    "area_code": "4E",
    "district_name": "ALASKA",
    "district_no": "995",
    "delivery_zipcode": "99759",
    "locale_name": "POINT LAY",
    "physical_delivery_address": "218 QIGALIK ST",
    "physical_city": "POINT LAY",
    "physical_state": "AK",
    "physical_zip": "99759",
    "physical_zip4": "9800"
  },
  {
    "area_name": "WESTPAC",
    "area_code": "4E",
    "district_name": "ALASKA",
    "district_no": "995",
    "delivery_zipcode": "99760",
    "locale_name": "NENANA",
    "physical_delivery_address": "803 MARKET ST",
    "physical_city": "NENANA",
    "physical_state": "AK",
    "physical_zip": "99760",
    "physical_zip4": "9800"
  },
  {
    "area_name": "WESTPAC",
    "area_code": "4E",
    "district_name": "ALASKA",
    "district_no": "995",
    "delivery_zipcode": "99762",
    "locale_name": "GOLOVIN",
    "physical_delivery_address": "100 MAIN ST",
    "physical_city": "GOLOVIN",
    "physical_state": "AK",
    "physical_zip": "99762",
    "physical_zip4": "9802"
  },
  {
    "area_name": "WESTPAC",
    "area_code": "4E",
    "district_name": "ALASKA",
    "district_no": "995",
    "delivery_zipcode": "99762",
    "locale_name": "NOME",
    "physical_delivery_address": "113 W FRONT ST",
    "physical_city": "NOME",
    "physical_state": "AK",
    "physical_zip": "99762",
    "physical_zip4": "9800"
  },
  {
    "area_name": "WESTPAC",
    "area_code": "4E",
    "district_name": "ALASKA",
    "district_no": "995",
    "delivery_zipcode": "99763",
    "locale_name": "NOORVIK",
    "physical_delivery_address": "9998 FIREWEED LN",
    "physical_city": "NOORVIK",
    "physical_state": "AK",
    "physical_zip": "99763",
    "physical_zip4": "9800"
  },
  {
    "area_name": "WESTPAC",
    "area_code": "4E",
    "district_name": "ALASKA",
    "district_no": "995",
    "delivery_zipcode": "99764",
    "locale_name": "NORTHWAY",
    "physical_delivery_address": "6650 NORTHWAY RD",
    "physical_city": "NORTHWAY",
    "physical_state": "AK",
    "physical_zip": "99764",
    "physical_zip4": "9800"
  },
  {
    "area_name": "WESTPAC",
    "area_code": "4E",
    "district_name": "ALASKA",
    "district_no": "995",
    "delivery_zipcode": "99765",
    "locale_name": "NULATO",
    "physical_delivery_address": "250 NIKAGHUN ST",
    "physical_city": "NULATO",
    "physical_state": "AK",
    "physical_zip": "99765",
    "physical_zip4": "9800"
  },
  {
    "area_name": "WESTPAC",
    "area_code": "4E",
    "district_name": "ALASKA",
    "district_no": "995",
    "delivery_zipcode": "99766",
    "locale_name": "POINT HOPE",
    "physical_delivery_address": "655 TIKIGAQ AVE",
    "physical_city": "POINT HOPE",
    "physical_state": "AK",
    "physical_zip": "99766",
    "physical_zip4": "9800"
  },
  {
    "area_name": "WESTPAC",
    "area_code": "4E",
    "district_name": "ALASKA",
    "district_no": "995",
    "delivery_zipcode": "99767",
    "locale_name": "RAMPART",
    "physical_delivery_address": "9767 FRONT ST",
    "physical_city": "RAMPART",
    "physical_state": "AK",
    "physical_zip": "99767",
    "physical_zip4": "9800"
  },
  {
    "area_name": "WESTPAC",
    "area_code": "4E",
    "district_name": "ALASKA",
    "district_no": "995",
    "delivery_zipcode": "99768",
    "locale_name": "RUBY",
    "physical_delivery_address": "9998 WILDBERRY RD",
    "physical_city": "RUBY",
    "physical_state": "AK",
    "physical_zip": "99768",
    "physical_zip4": "9800"
  },
  {
    "area_name": "WESTPAC",
    "area_code": "4E",
    "district_name": "ALASKA",
    "district_no": "995",
    "delivery_zipcode": "99769",
    "locale_name": "SAVOONGA",
    "physical_delivery_address": "9769 SAVOONGA WAY",
    "physical_city": "SAVOONGA",
    "physical_state": "AK",
    "physical_zip": "99769",
    "physical_zip4": "9800"
  },
  {
    "area_name": "WESTPAC",
    "area_code": "4E",
    "district_name": "ALASKA",
    "district_no": "995",
    "delivery_zipcode": "99770",
    "locale_name": "SELAWIK",
    "physical_delivery_address": "78 SELAWIK RD",
    "physical_city": "SELAWIK",
    "physical_state": "AK",
    "physical_zip": "99770",
    "physical_zip4": "9800"
  },
  {
    "area_name": "WESTPAC",
    "area_code": "4E",
    "district_name": "ALASKA",
    "district_no": "995",
    "delivery_zipcode": "99771",
    "locale_name": "SHAKTOOLIK",
    "physical_delivery_address": "123 MAIN ST",
    "physical_city": "SHAKTOOLIK",
    "physical_state": "AK",
    "physical_zip": "99771",
    "physical_zip4": "9800"
  },
  {
    "area_name": "WESTPAC",
    "area_code": "4E",
    "district_name": "ALASKA",
    "district_no": "995",
    "delivery_zipcode": "99772",
    "locale_name": "SHISHMAREF",
    "physical_delivery_address": "123 MAIN ST",
    "physical_city": "SHISHMAREF",
    "physical_state": "AK",
    "physical_zip": "99772",
    "physical_zip4": "9800"
  },
  {
    "area_name": "WESTPAC",
    "area_code": "4E",
    "district_name": "ALASKA",
    "district_no": "995",
    "delivery_zipcode": "99773",
    "locale_name": "SHUNGNAK",
    "physical_delivery_address": "9998 SHUNGNAK RD",
    "physical_city": "SHUNGNAK",
    "physical_state": "AK",
    "physical_zip": "99773",
    "physical_zip4": "9800"
  },
  {
    "area_name": "WESTPAC",
    "area_code": "4E",
    "district_name": "ALASKA",
    "district_no": "995",
    "delivery_zipcode": "99776",
    "locale_name": "TANACROSS",
    "physical_delivery_address": "1000 1ST AVE",
    "physical_city": "TANACROSS",
    "physical_state": "AK",
    "physical_zip": "99776",
    "physical_zip4": "9800"
  },
  {
    "area_name": "WESTPAC",
    "area_code": "4E",
    "district_name": "ALASKA",
    "district_no": "995",
    "delivery_zipcode": "99777",
    "locale_name": "TANANA",
    "physical_delivery_address": "100 FRONT ST",
    "physical_city": "TANANA",
    "physical_state": "AK",
    "physical_zip": "99777",
    "physical_zip4": "9800"
  },
  {
    "area_name": "WESTPAC",
    "area_code": "4E",
    "district_name": "ALASKA",
    "district_no": "995",
    "delivery_zipcode": "99780",
    "locale_name": "MENTASTA LAKE",
    "physical_delivery_address": "6 MENTASTA VILLAGE RD",
    "physical_city": "MENTASTA LAKE",
    "physical_state": "AK",
    "physical_zip": "99780",
    "physical_zip4": "9803"
  },
  {
    "area_name": "WESTPAC",
    "area_code": "4E",
    "district_name": "ALASKA",
    "district_no": "995",
    "delivery_zipcode": "99780",
    "locale_name": "TOK",
    "physical_delivery_address": "1314.3 ALASKA HWY",
    "physical_city": "TOK",
    "physical_state": "AK",
    "physical_zip": "99780",
    "physical_zip4": "9800"
  },
  {
    "area_name": "WESTPAC",
    "area_code": "4E",
    "district_name": "ALASKA",
    "district_no": "995",
    "delivery_zipcode": "99781",
    "locale_name": "VENETIE",
    "physical_delivery_address": "100 MAIN ST",
    "physical_city": "VENETIE",
    "physical_state": "AK",
    "physical_zip": "99781",
    "physical_zip4": "9800"
  },
  {
    "area_name": "WESTPAC",
    "area_code": "4E",
    "district_name": "ALASKA",
    "district_no": "995",
    "delivery_zipcode": "99782",
    "locale_name": "WAINWRIGHT",
    "physical_delivery_address": "9998 WAINWRIGHT RD",
    "physical_city": "WAINWRIGHT",
    "physical_state": "AK",
    "physical_zip": "99782",
    "physical_zip4": "9800"
  },
  {
    "area_name": "WESTPAC",
    "area_code": "4E",
    "district_name": "ALASKA",
    "district_no": "995",
    "delivery_zipcode": "99783",
    "locale_name": "WALES",
    "physical_delivery_address": "500 AIRPORT JUNCTION RD",
    "physical_city": "WALES",
    "physical_state": "AK",
    "physical_zip": "99783",
    "physical_zip4": "9800"
  },
  {
    "area_name": "WESTPAC",
    "area_code": "4E",
    "district_name": "ALASKA",
    "district_no": "995",
    "delivery_zipcode": "99784",
    "locale_name": "WHITE MOUNTAIN",
    "physical_delivery_address": "100 MAIN ST",
    "physical_city": "WHITE MOUNTAIN",
    "physical_state": "AK",
    "physical_zip": "99784",
    "physical_zip4": "9800"
  },
  {
    "area_name": "WESTPAC",
    "area_code": "4E",
    "district_name": "ALASKA",
    "district_no": "995",
    "delivery_zipcode": "99785",
    "locale_name": "BREVIG MISSION",
    "physical_delivery_address": "9998 KUGSHI RD",
    "physical_city": "BREVIG MISSION",
    "physical_state": "AK",
    "physical_zip": "99785",
    "physical_zip4": "9800"
  },
  {
    "area_name": "WESTPAC",
    "area_code": "4E",
    "district_name": "ALASKA",
    "district_no": "995",
    "delivery_zipcode": "99786",
    "locale_name": "AMBLER",
    "physical_delivery_address": "9998 AMBLER AVE",
    "physical_city": "AMBLER",
    "physical_state": "AK",
    "physical_zip": "99786",
    "physical_zip4": "9800"
  },
  {
    "area_name": "WESTPAC",
    "area_code": "4E",
    "district_name": "ALASKA",
    "district_no": "995",
    "delivery_zipcode": "99788",
    "locale_name": "CHALKYITSIK",
    "physical_delivery_address": "9788 CHALKYITSIK RD",
    "physical_city": "CHALKYITSIK",
    "physical_state": "AK",
    "physical_zip": "99788",
    "physical_zip4": "9800"
  },
  {
    "area_name": "WESTPAC",
    "area_code": "4E",
    "district_name": "ALASKA",
    "district_no": "995",
    "delivery_zipcode": "99789",
    "locale_name": "NUIQSUT",
    "physical_delivery_address": "301 PAUSANNA ST",
    "physical_city": "NUIQSUT",
    "physical_state": "AK",
    "physical_zip": "99789",
    "physical_zip4": "9800"
  },
  {
    "area_name": "WESTPAC",
    "area_code": "4E",
    "district_name": "ALASKA",
    "district_no": "995",
    "delivery_zipcode": "99791",
    "locale_name": "ATQASUK",
    "physical_delivery_address": "4010 SHUGLUK ST",
    "physical_city": "ATQASUK",
    "physical_state": "AK",
    "physical_zip": "99791",
    "physical_zip4": "9800"
  },
  {
    "area_name": "WESTPAC",
    "area_code": "4E",
    "district_name": "ALASKA",
    "district_no": "995",
    "delivery_zipcode": "99801",
    "locale_name": "FEDERAL STATION",
    "physical_delivery_address": "709 W 9TH ST",
    "physical_city": "JUNEAU",
    "physical_state": "AK",
    "physical_zip": "99801",
    "physical_zip4": "1807"
  },
  {
    "area_name": "WESTPAC",
    "area_code": "4E",
    "district_name": "ALASKA",
    "district_no": "995",
    "delivery_zipcode": "99801",
    "locale_name": "MENDENHALL",
    "physical_delivery_address": "9491 VINTAGE BLVD",
    "physical_city": "JUNEAU",
    "physical_state": "AK",
    "physical_zip": "99801",
    "physical_zip4": "7111"
  },
  {
    "area_name": "WESTPAC",
    "area_code": "4E",
    "district_name": "ALASKA",
    "district_no": "995",
    "delivery_zipcode": "99802",
    "locale_name": "FEDERAL STATION",
    "physical_delivery_address": "709 W 9TH ST",
    "physical_city": "JUNEAU",
    "physical_state": "AK",
    "physical_zip": "99801",
    "physical_zip4": "1807"
  },
  {
    "area_name": "WESTPAC",
    "area_code": "4E",
    "district_name": "ALASKA",
    "district_no": "995",
    "delivery_zipcode": "99803",
    "locale_name": "MENDENHALL",
    "physical_delivery_address": "9491 VINTAGE BLVD",
    "physical_city": "JUNEAU",
    "physical_state": "AK",
    "physical_zip": "99801",
    "physical_zip4": "7111"
  },
  {
    "area_name": "WESTPAC",
    "area_code": "4E",
    "district_name": "ALASKA",
    "district_no": "995",
    "delivery_zipcode": "99820",
    "locale_name": "ANGOON",
    "physical_delivery_address": "705 AANDEINATT ST",
    "physical_city": "ANGOON",
    "physical_state": "AK",
    "physical_zip": "99820",
    "physical_zip4": "9800"
  },
  {
    "area_name": "WESTPAC",
    "area_code": "4E",
    "district_name": "ALASKA",
    "district_no": "995",
    "delivery_zipcode": "99821",
    "locale_name": "AUKE BAY",
    "physical_delivery_address": "11899 GLACIER HWY",
    "physical_city": "JUNEAU",
    "physical_state": "AK",
    "physical_zip": "99801",
    "physical_zip4": "8628"
  },
  {
    "area_name": "WESTPAC",
    "area_code": "4E",
    "district_name": "ALASKA",
    "district_no": "995",
    "delivery_zipcode": "99824",
    "locale_name": "DOUGLAS",
    "physical_delivery_address": "804 3RD ST",
    "physical_city": "DOUGLAS",
    "physical_state": "AK",
    "physical_zip": "99824",
    "physical_zip4": "5412"
  },
  {
    "area_name": "WESTPAC",
    "area_code": "4E",
    "district_name": "ALASKA",
    "district_no": "995",
    "delivery_zipcode": "99824",
    "locale_name": "FEDERAL STATION",
    "physical_delivery_address": "709 W 9TH ST",
    "physical_city": "JUNEAU",
    "physical_state": "AK",
    "physical_zip": "99801",
    "physical_zip4": "1807"
  },
  {
    "area_name": "WESTPAC",
    "area_code": "4E",
    "district_name": "ALASKA",
    "district_no": "995",
    "delivery_zipcode": "99825",
    "locale_name": "ELFIN COVE",
    "physical_delivery_address": "1 MAIN ST",
    "physical_city": "ELFIN COVE",
    "physical_state": "AK",
    "physical_zip": "99825",
    "physical_zip4": "9800"
  },
  {
    "area_name": "WESTPAC",
    "area_code": "4E",
    "district_name": "ALASKA",
    "district_no": "995",
    "delivery_zipcode": "99826",
    "locale_name": "GUSTAVUS",
    "physical_delivery_address": "123 POSTMARK DR",
    "physical_city": "GUSTAVUS",
    "physical_state": "AK",
    "physical_zip": "99826",
    "physical_zip4": "9800"
  },
  {
    "area_name": "WESTPAC",
    "area_code": "4E",
    "district_name": "ALASKA",
    "district_no": "995",
    "delivery_zipcode": "99827",
    "locale_name": "HAINES",
    "physical_delivery_address": "55 HAINES HWY",
    "physical_city": "HAINES",
    "physical_state": "AK",
    "physical_zip": "99827",
    "physical_zip4": "9800"
  },
  {
    "area_name": "WESTPAC",
    "area_code": "4E",
    "district_name": "ALASKA",
    "district_no": "995",
    "delivery_zipcode": "99829",
    "locale_name": "HOONAH",
    "physical_delivery_address": "420 AIRPORT DR",
    "physical_city": "HOONAH",
    "physical_state": "AK",
    "physical_zip": "99829",
    "physical_zip4": "9800"
  },
  {
    "area_name": "WESTPAC",
    "area_code": "4E",
    "district_name": "ALASKA",
    "district_no": "995",
    "delivery_zipcode": "99830",
    "locale_name": "KAKE",
    "physical_delivery_address": "272 KEKU RD",
    "physical_city": "KAKE",
    "physical_state": "AK",
    "physical_zip": "99830",
    "physical_zip4": "9800"
  },
  {
    "area_name": "WESTPAC",
    "area_code": "4E",
    "district_name": "ALASKA",
    "district_no": "995",
    "delivery_zipcode": "99832",
    "locale_name": "PELICAN",
    "physical_delivery_address": "171 A SALMON WAY",
    "physical_city": "PELICAN",
    "physical_state": "AK",
    "physical_zip": "99832",
    "physical_zip4": "9800"
  },
  {
    "area_name": "WESTPAC",
    "area_code": "4E",
    "district_name": "ALASKA",
    "district_no": "995",
    "delivery_zipcode": "99833",
    "locale_name": "PETERSBURG",
    "physical_delivery_address": "1201 HAUGEN DR",
    "physical_city": "PETERSBURG",
    "physical_state": "AK",
    "physical_zip": "99833",
    "physical_zip4": "9800"
  },
  {
    "area_name": "WESTPAC",
    "area_code": "4E",
    "district_name": "ALASKA",
    "district_no": "995",
    "delivery_zipcode": "99835",
    "locale_name": "SITKA",
    "physical_delivery_address": "1207 SAWMILL CREEK RD",
    "physical_city": "SITKA",
    "physical_state": "AK",
    "physical_zip": "99835",
    "physical_zip4": "9998"
  },
  {
    "area_name": "WESTPAC",
    "area_code": "4E",
    "district_name": "ALASKA",
    "district_no": "995",
    "delivery_zipcode": "99836",
    "locale_name": "PORT ALEXANDER",
    "physical_delivery_address": "206 MAIN ST",
    "physical_city": "PORT ALEXANDER",
    "physical_state": "AK",
    "physical_zip": "99836",
    "physical_zip4": "9800"
  },
  {
    "area_name": "WESTPAC",
    "area_code": "4E",
    "district_name": "ALASKA",
    "district_no": "995",
    "delivery_zipcode": "99840",
    "locale_name": "SKAGWAY",
    "physical_delivery_address": "641 BROADWAY ST",
    "physical_city": "SKAGWAY",
    "physical_state": "AK",
    "physical_zip": "99840",
    "physical_zip4": "9800"
  },
  {
    "area_name": "WESTPAC",
    "area_code": "4E",
    "district_name": "ALASKA",
    "district_no": "995",
    "delivery_zipcode": "99841",
    "locale_name": "TENAKEE SPRINGS",
    "physical_delivery_address": "108 E TENAKEE AVE",
    "physical_city": "TENAKEE SPRINGS",
    "physical_state": "AK",
    "physical_zip": "99841",
    "physical_zip4": "9800"
  },
  {
    "area_name": "WESTPAC",
    "area_code": "4E",
    "district_name": "ALASKA",
    "district_no": "995",
    "delivery_zipcode": "99901",
    "locale_name": "KETCHIKAN",
    "physical_delivery_address": "3609 TONGASS AVE",
    "physical_city": "KETCHIKAN",
    "physical_state": "AK",
    "physical_zip": "99901",
    "physical_zip4": "9998"
  },
  {
    "area_name": "WESTPAC",
    "area_code": "4E",
    "district_name": "ALASKA",
    "district_no": "995",
    "delivery_zipcode": "99918",
    "locale_name": "CPU COFFMAN COVE",
    "physical_delivery_address": "101 NW KODIAK AVE",
    "physical_city": "COFFMAN COVE",
    "physical_state": "AK",
    "physical_zip": "99918",
    "physical_zip4": "9800"
  },
  {
    "area_name": "WESTPAC",
    "area_code": "4E",
    "district_name": "ALASKA",
    "district_no": "995",
    "delivery_zipcode": "99919",
    "locale_name": "THORNE BAY",
    "physical_delivery_address": "9998 THORNE BAY",
    "physical_city": "THORNE BAY",
    "physical_state": "AK",
    "physical_zip": "99919",
    "physical_zip4": "9800"
  },
  {
    "area_name": "WESTPAC",
    "area_code": "4E",
    "district_name": "ALASKA",
    "district_no": "995",
    "delivery_zipcode": "99921",
    "locale_name": "CRAIG",
    "physical_delivery_address": "303 THOMPSON RD",
    "physical_city": "CRAIG",
    "physical_state": "AK",
    "physical_zip": "99921",
    "physical_zip4": "9800"
  },
  {
    "area_name": "WESTPAC",
    "area_code": "4E",
    "district_name": "ALASKA",
    "district_no": "995",
    "delivery_zipcode": "99922",
    "locale_name": "HYDABURG",
    "physical_delivery_address": "1 POSTAL WAY",
    "physical_city": "HYDABURG",
    "physical_state": "AK",
    "physical_zip": "99922",
    "physical_zip4": "9800"
  },
  {
    "area_name": "WESTPAC",
    "area_code": "4E",
    "district_name": "ALASKA",
    "district_no": "995",
    "delivery_zipcode": "99923",
    "locale_name": "HYDER",
    "physical_delivery_address": "100 HYDER AVE",
    "physical_city": "HYDER",
    "physical_state": "AK",
    "physical_zip": "99923",
    "physical_zip4": "9800"
  },
  {
    "area_name": "WESTPAC",
    "area_code": "4E",
    "district_name": "ALASKA",
    "district_no": "995",
    "delivery_zipcode": "99925",
    "locale_name": "KLAWOCK",
    "physical_delivery_address": "6488 KLAWOCK HOLLIS HWY",
    "physical_city": "KLAWOCK",
    "physical_state": "AK",
    "physical_zip": "99925",
    "physical_zip4": "9800"
  },
  {
    "area_name": "WESTPAC",
    "area_code": "4E",
    "district_name": "ALASKA",
    "district_no": "995",
    "delivery_zipcode": "99926",
    "locale_name": "METLAKATLA",
    "physical_delivery_address": "352 8TH AVE",
    "physical_city": "METLAKATLA",
    "physical_state": "AK",
    "physical_zip": "99926",
    "physical_zip4": "9800"
  },
  {
    "area_name": "WESTPAC",
    "area_code": "4E",
    "district_name": "ALASKA",
    "district_no": "995",
    "delivery_zipcode": "99927",
    "locale_name": "POINT BAKER",
    "physical_delivery_address": "9998 STATE FLOAT",
    "physical_city": "POINT BAKER",
    "physical_state": "AK",
    "physical_zip": "99927",
    "physical_zip4": "9800"
  },
  {
    "area_name": "WESTPAC",
    "area_code": "4E",
    "district_name": "ALASKA",
    "district_no": "995",
    "delivery_zipcode": "99928",
    "locale_name": "WARD COVE",
    "physical_delivery_address": "7172 N TONGASS HWY",
    "physical_city": "WARD COVE",
    "physical_state": "AK",
    "physical_zip": "99928",
    "physical_zip4": "9800"
  },
  {
    "area_name": "WESTPAC",
    "area_code": "4E",
    "district_name": "ALASKA",
    "district_no": "995",
    "delivery_zipcode": "99929",
    "locale_name": "WRANGELL",
    "physical_delivery_address": "112 FEDERAL WAY",
    "physical_city": "WRANGELL",
    "physical_state": "AK",
    "physical_zip": "99929",
    "physical_zip4": "9800"
  }
]