[
  {
    "area_name": "ATLANTIC",
    "area_code": "4B",
    "district_name": "MARYLAND",
    "district_no": "200",
    "delivery_zipcode": "20001",
    "locale_name": "LE DROIT PARK",
    "physical_delivery_address": "416 FLORIDA AVE NW",
    "physical_city": "WASHINGTON",
    "physical_state": "DC",
    "physical_zip": "20001",
    "physical_zip4": "9997"
  },
  {
    "area_name": "ATLANTIC",
    "area_code": "4B",
    "district_name": "MARYLAND",
    "district_no": "200",
    "delivery_zipcode": "20001",
    "locale_name": "SECTION 1 CARRIER ANNEX",
    "physical_delivery_address": "900 BRENTWOOD RD NE",
    "physical_city": "WASHINGTON",
    "physical_state": "DC",
    "physical_zip": "20018",
    "physical_zip4": "9995"
  },
  {
    "area_name": "ATLANTIC",
    "area_code": "4B",
    "district_name": "MARYLAND",
    "district_no": "200",
    "delivery_zipcode": "20002",
    "locale_name": "NORTHEAST",
    "physical_delivery_address": "1563 MARYLAND AVE NE",
    "physical_city": "WASHINGTON",
    "physical_state": "DC",
    "physical_zip": "20002",
    "physical_zip4": "9998"
  },
  {
    "area_name": "ATLANTIC",
    "area_code": "4B",
    "district_name": "MARYLAND",
    "district_no": "200",
    "delivery_zipcode": "20002",
    "locale_name": "SECTION 2 CARRIER ANNEX",
    "physical_delivery_address": "900 BRENTWOOD RD NE",
    "physical_city": "WASHINGTON",
    "physical_state": "DC",
    "physical_zip": "20018",
    "physical_zip4": "9996"
  },
  {
    "area_name": "ATLANTIC",
    "area_code": "4B",
    "district_name": "MARYLAND",
    "district_no": "200",
    "delivery_zipcode": "20003",
    "locale_name": "SOUTHEAST",
    "physical_delivery_address": "600 PENNSYLVANIA AVE SE FRNT 2",
    "physical_city": "WASHINGTON",
    "physical_state": "DC",
    "physical_zip": "20003",
    "physical_zip4": "9998"
  },
  {
    "area_name": "ATLANTIC",
    "area_code": "4B",
    "district_name": "MARYLAND",
    "district_no": "200",
    "delivery_zipcode": "20003",
    "locale_name": "SOUTHWEST",
    "physical_delivery_address": "45 L ST SW",
    "physical_city": "WASHINGTON",
    "physical_state": "DC",
    "physical_zip": "20024",
    "physical_zip4": "9997"
  },
  {
    "area_name": "ATLANTIC",
    "area_code": "4B",
    "district_name": "MARYLAND",
    "district_no": "200",
    "delivery_zipcode": "20004",
    "locale_name": "SECTION 4 CARRIER ANNEX",
    "physical_delivery_address": "900 BRENTWOOD RD NE",
    "physical_city": "WASHINGTON",
    "physical_state": "DC",
    "physical_zip": "20018",
    "physical_zip4": "9993"
  },
  {
    "area_name": "ATLANTIC",
    "area_code": "4B",
    "district_name": "MARYLAND",
    "district_no": "200",
    "delivery_zipcode": "20005",
    "locale_name": "14TH ST",
    "physical_delivery_address": "1830 14TH ST NW",
    "physical_city": "WASHINGTON",
    "physical_state": "DC",
    "physical_zip": "20009",
    "physical_zip4": "9903"
  },
  {
    "area_name": "ATLANTIC",
    "area_code": "4B",
    "district_name": "MARYLAND",
    "district_no": "200",
    "delivery_zipcode": "20005",
    "locale_name": "SECTION 5 CARRIER ANNEX",
    "physical_delivery_address": "900 BRENTWOOD RD NE",
    "physical_city": "WASHINGTON",
    "physical_state": "DC",
    "physical_zip": "20018",
    "physical_zip4": "9994"
  },
  {
    "area_name": "ATLANTIC",
    "area_code": "4B",
    "district_name": "MARYLAND",
    "district_no": "200",
    "delivery_zipcode": "20006",
    "locale_name": "WARD PLACE CARRIER ANNEX",
    "physical_delivery_address": "2121 WARD PL NW",
    "physical_city": "WASHINGTON",
    "physical_state": "DC",
    "physical_zip": "20037",
    "physical_zip4": "9996"
  },
  {
    "area_name": "ATLANTIC",
    "area_code": "4B",
    "district_name": "MARYLAND",
    "district_no": "200",
    "delivery_zipcode": "20007",
    "locale_name": "CALVERT",
    "physical_delivery_address": "2336 WISCONSIN AVE NW",
    "physical_city": "WASHINGTON",
    "physical_state": "DC",
    "physical_zip": "20007",
    "physical_zip4": "1843"
  },
  {
    "area_name": "ATLANTIC",
    "area_code": "4B",
    "district_name": "MARYLAND",
    "district_no": "200",
    "delivery_zipcode": "20007",
    "locale_name": "GEORGETOWN CARRIER ANNEX",
    "physical_delivery_address": "4005 WISCONSIN AVE NW",
    "physical_city": "WASHINGTON",
    "physical_state": "DC",
    "physical_zip": "20016",
    "physical_zip4": "9996"
  },
  {
    "area_name": "ATLANTIC",
    "area_code": "4B",
    "district_name": "MARYLAND",
    "district_no": "200",
    "delivery_zipcode": "20008",
    "locale_name": "CLEVELAND PARK",
    "physical_delivery_address": "3430 CONNECTICUT AVE NW",
    "physical_city": "WASHINGTON",
    "physical_state": "DC",
    "physical_zip": "20008",
    "physical_zip4": "9998"
  },
  {
    "area_name": "ATLANTIC",
    "area_code": "4B",
    "district_name": "MARYLAND",
    "district_no": "200",
    "delivery_zipcode": "20008",
    "locale_name": "CLEVELAND PARK CARRIER ANNEX",
    "physical_delivery_address": "4005 WISCONSIN AVE NW",
    "physical_city": "WASHINGTON",
    "physical_state": "DC",
    "physical_zip": "20016",
    "physical_zip4": "9995"
  },
  {
    "area_name": "ATLANTIC",
    "area_code": "4B",
    "district_name": "MARYLAND",
    "district_no": "200",
    "delivery_zipcode": "20009",
    "locale_name": "14TH ST",
    "physical_delivery_address": "1830 14TH ST NW",
    "physical_city": "WASHINGTON",
    "physical_state": "DC",
    "physical_zip": "20009",
    "physical_zip4": "9903"
  },
  {
    "area_name": "ATLANTIC",
    "area_code": "4B",
    "district_name": "MARYLAND",
    "district_no": "200",
    "delivery_zipcode": "20009",
    "locale_name": "KALORAMA",
    "physical_delivery_address": "2300 18TH ST NW LBBY",
    "physical_city": "WASHINGTON",
    "physical_state": "DC",
    "physical_zip": "20009",
    "physical_zip4": "9996"
  },
  {
    "area_name": "ATLANTIC",
    "area_code": "4B",
    "district_name": "MARYLAND",
    "district_no": "200",
    "delivery_zipcode": "20009",
    "locale_name": "SECTION 9 CARRIER ANNEX",
    "physical_delivery_address": "900 BRENTWOOD RD NE",
    "physical_city": "WASHINGTON",
    "physical_state": "DC",
    "physical_zip": "20018",
    "physical_zip4": "9990"
  },
  {
    "area_name": "ATLANTIC",
    "area_code": "4B",
    "district_name": "MARYLAND",
    "district_no": "200",
    "delivery_zipcode": "20009",
    "locale_name": "TEMPLE HEIGHTS",
    "physical_delivery_address": "1635 CONNECTICUT AVE NW",
    "physical_city": "WASHINGTON",
    "physical_state": "DC",
    "physical_zip": "20009",
    "physical_zip4": "9901"
  },
  {
    "area_name": "ATLANTIC",
    "area_code": "4B",
    "district_name": "MARYLAND",
    "district_no": "200",
    "delivery_zipcode": "20010",
    "locale_name": "COLUMBIA HEIGHTS",
    "physical_delivery_address": "3321 GEORGIA AVE NW",
    "physical_city": "WASHINGTON",
    "physical_state": "DC",
    "physical_zip": "20010",
    "physical_zip4": "9998"
  },
  {
    "area_name": "ATLANTIC",
    "area_code": "4B",
    "district_name": "MARYLAND",
    "district_no": "200",
    "delivery_zipcode": "20010",
    "locale_name": "SECTION 10 CARRIER ANNEX",
    "physical_delivery_address": "900 BRENTWOOD RD NE",
    "physical_city": "WASHINGTON",
    "physical_state": "DC",
    "physical_zip": "20066",
    "physical_zip4": "0010"
  },
  {
    "area_name": "ATLANTIC",
    "area_code": "4B",
    "district_name": "MARYLAND",
    "district_no": "200",
    "delivery_zipcode": "20011",
    "locale_name": "LAMMOND RIGGS",
    "physical_delivery_address": "6200 N CAPITOL ST NW",
    "physical_city": "WASHINGTON",
    "physical_state": "DC",
    "physical_zip": "20011",
    "physical_zip4": "1408"
  },
  {
    "area_name": "ATLANTIC",
    "area_code": "4B",
    "district_name": "MARYLAND",
    "district_no": "200",
    "delivery_zipcode": "20012",
    "locale_name": "SECTION 12 CARRIER ANNEX",
    "physical_delivery_address": "900 BRENTWOOD RD NE",
    "physical_city": "WASHINGTON",
    "physical_state": "DC",
    "physical_zip": "20066",
    "physical_zip4": "0012"
  },
  {
    "area_name": "ATLANTIC",
    "area_code": "4B",
    "district_name": "MARYLAND",
    "district_no": "200",
    "delivery_zipcode": "20013",
    "locale_name": "NATIONAL CAPITOL",
    "physical_delivery_address": "2 MASSACHUSETTS AVE NE",
    "physical_city": "WASHINGTON",
    "physical_state": "DC",
    "physical_zip": "20002",
    "physical_zip4": "9997"
  },
  {
    "area_name": "ATLANTIC",
    "area_code": "4B",
    "district_name": "MARYLAND",
    "district_no": "200",
    "delivery_zipcode": "20015",
    "locale_name": "NORTHWEST",
    "physical_delivery_address": "5636 CONNECTICUT AVE NW",
    "physical_city": "WASHINGTON",
    "physical_state": "DC",
    "physical_zip": "20015",
    "physical_zip4": "9998"
  },
  {
    "area_name": "ATLANTIC",
    "area_code": "4B",
    "district_name": "MARYLAND",
    "district_no": "200",
    "delivery_zipcode": "20015",
    "locale_name": "SECTION 15 CARRIER ANNEX",
    "physical_delivery_address": "900 BRENTWOOD RD NE",
    "physical_city": "WASHINGTON",
    "physical_state": "DC",
    "physical_zip": "20066",
    "physical_zip4": "0015"
  },
  {
    "area_name": "ATLANTIC",
    "area_code": "4B",
    "district_name": "MARYLAND",
    "district_no": "200",
    "delivery_zipcode": "20016",
    "locale_name": "FRIENDSHIP",
    "physical_delivery_address": "4005 WISCONSIN AVE NW",
    "physical_city": "WASHINGTON",
    "physical_state": "DC",
    "physical_zip": "20016",
    "physical_zip4": "9997"
  },
  {
    "area_name": "ATLANTIC",
    "area_code": "4B",
    "district_name": "MARYLAND",
    "district_no": "200",
    "delivery_zipcode": "20016",
    "locale_name": "PALISADES",
    "physical_delivery_address": "5136 MACARTHUR BLVD NW",
    "physical_city": "WASHINGTON",
    "physical_state": "DC",
    "physical_zip": "20016",
    "physical_zip4": "3316"
  },
  {
    "area_name": "ATLANTIC",
    "area_code": "4B",
    "district_name": "MARYLAND",
    "district_no": "200",
    "delivery_zipcode": "20017",
    "locale_name": "BROOKLAND",
    "physical_delivery_address": "3401 12TH ST NE",
    "physical_city": "WASHINGTON",
    "physical_state": "DC",
    "physical_zip": "20017",
    "physical_zip4": "9997"
  },
  {
    "area_name": "ATLANTIC",
    "area_code": "4B",
    "district_name": "MARYLAND",
    "district_no": "200",
    "delivery_zipcode": "20018",
    "locale_name": "CUSTOMS HOUSE",
    "physical_delivery_address": "3178 BLADENSBURG RD NE",
    "physical_city": "WASHINGTON",
    "physical_state": "DC",
    "physical_zip": "20018",
    "physical_zip4": "9998"
  },
  {
    "area_name": "ATLANTIC",
    "area_code": "4B",
    "district_name": "MARYLAND",
    "district_no": "200",
    "delivery_zipcode": "20018",
    "locale_name": "WOODRIDGE",
    "physical_delivery_address": "2211 RHODE ISLAND AVE NE",
    "physical_city": "WASHINGTON",
    "physical_state": "DC",
    "physical_zip": "20018",
    "physical_zip4": "2826"
  },
  {
    "area_name": "ATLANTIC",
    "area_code": "4B",
    "district_name": "MARYLAND",
    "district_no": "200",
    "delivery_zipcode": "20019",
    "locale_name": "SECTION 19 CARRIER ANNEX",
    "physical_delivery_address": "900 BRENTWOOD RD NE",
    "physical_city": "WASHINGTON",
    "physical_state": "DC",
    "physical_zip": "20066",
    "physical_zip4": "0019"
  },
  {
    "area_name": "ATLANTIC",
    "area_code": "4B",
    "district_name": "MARYLAND",
    "district_no": "200",
    "delivery_zipcode": "20020",
    "locale_name": "FORT DAVIS",
    "physical_delivery_address": "3843 PENNSYLVANIA AVE SE",
    "physical_city": "WASHINGTON",
    "physical_state": "DC",
    "physical_zip": "20020",
    "physical_zip4": "9994"
  },
  {
    "area_name": "ATLANTIC",
    "area_code": "4B",
    "district_name": "MARYLAND",
    "district_no": "200",
    "delivery_zipcode": "20020",
    "locale_name": "RANDLE",
    "physical_delivery_address": "2341 PENNSYLVANIA AVE SE",
    "physical_city": "WASHINGTON",
    "physical_state": "DC",
    "physical_zip": "20020",
    "physical_zip4": "9996"
  },
  {
    "area_name": "ATLANTIC",
    "area_code": "4B",
    "district_name": "MARYLAND",
    "district_no": "200",
    "delivery_zipcode": "20024",
    "locale_name": "SOUTHWEST",
    "physical_delivery_address": "45 L ST SW",
    "physical_city": "WASHINGTON",
    "physical_state": "DC",
    "physical_zip": "20024",
    "physical_zip4": "9997"
  },
  {
    "area_name": "ATLANTIC",
    "area_code": "4B",
    "district_name": "MARYLAND",
    "district_no": "200",
    "delivery_zipcode": "20026",
    "locale_name": "LENFANT PLAZA",
    "physical_delivery_address": "470 LENFANT PLZ SW STE 604",
    "physical_city": "WASHINGTON",
    "physical_state": "DC",
    "physical_zip": "20024",
    "physical_zip4": "9995"
  },
  {
    "area_name": "ATLANTIC",
    "area_code": "4B",
    "district_name": "MARYLAND",
    "district_no": "200",
    "delivery_zipcode": "20027",
    "locale_name": "GEORGETOWN",
    "physical_delivery_address": "1215 31ST ST NW",
    "physical_city": "WASHINGTON",
    "physical_state": "DC",
    "physical_zip": "20007",
    "physical_zip4": "9998"
  },
  {
    "area_name": "ATLANTIC",
    "area_code": "4B",
    "district_name": "MARYLAND",
    "district_no": "200",
    "delivery_zipcode": "20029",
    "locale_name": "BENNING",
    "physical_delivery_address": "3924 MINNESOTA AVE NE",
    "physical_city": "WASHINGTON",
    "physical_state": "DC",
    "physical_zip": "20019",
    "physical_zip4": "9900"
  },
  {
    "area_name": "ATLANTIC",
    "area_code": "4B",
    "district_name": "MARYLAND",
    "district_no": "200",
    "delivery_zipcode": "20030",
    "locale_name": "FREDERICK DOUGLASS",
    "physical_delivery_address": "2833 ALABAMA AVE SE",
    "physical_city": "WASHINGTON",
    "physical_state": "DC",
    "physical_zip": "20020",
    "physical_zip4": "9995"
  },
  {
    "area_name": "ATLANTIC",
    "area_code": "4B",
    "district_name": "MARYLAND",
    "district_no": "200",
    "delivery_zipcode": "20032",
    "locale_name": "BOLLING AFB",
    "physical_delivery_address": "10 BROOKLEY AVE SW",
    "physical_city": "BOLLING AFB",
    "physical_state": "DC",
    "physical_zip": "20032",
    "physical_zip4": "7701"
  },
  {
    "area_name": "ATLANTIC",
    "area_code": "4B",
    "district_name": "MARYLAND",
    "district_no": "200",
    "delivery_zipcode": "20032",
    "locale_name": "CONGRESS HEIGHTS",
    "physical_delivery_address": "400 SOUTHERN AVE SE",
    "physical_city": "WASHINGTON",
    "physical_state": "DC",
    "physical_zip": "20032",
    "physical_zip4": "9997"
  },
  {
    "area_name": "ATLANTIC",
    "area_code": "4B",
    "district_name": "MARYLAND",
    "district_no": "200",
    "delivery_zipcode": "20033",
    "locale_name": "FARRAGUT",
    "physical_delivery_address": "1800 M ST NW FRNT 1",
    "physical_city": "WASHINGTON",
    "physical_state": "DC",
    "physical_zip": "20036",
    "physical_zip4": "9998"
  },
  {
    "area_name": "ATLANTIC",
    "area_code": "4B",
    "district_name": "MARYLAND",
    "district_no": "200",
    "delivery_zipcode": "20035",
    "locale_name": "WASHINGTON SQUARE",
    "physical_delivery_address": "1050 CONNECTICUT AVE NW",
    "physical_city": "WASHINGTON",
    "physical_state": "DC",
    "physical_zip": "20036",
    "physical_zip4": "5303"
  },
  {
    "area_name": "ATLANTIC",
    "area_code": "4B",
    "district_name": "MARYLAND",
    "district_no": "200",
    "delivery_zipcode": "20036",
    "locale_name": "22ND STREET",
    "physical_delivery_address": "1255 22ND ST NW LBBY",
    "physical_city": "WASHINGTON",
    "physical_state": "DC",
    "physical_zip": "20037",
    "physical_zip4": "9995"
  },
  {
    "area_name": "ATLANTIC",
    "area_code": "4B",
    "district_name": "MARYLAND",
    "district_no": "200",
    "delivery_zipcode": "20036",
    "locale_name": "WARD PLACE CARRIER ANNEX",
    "physical_delivery_address": "2121 WARD PL NW",
    "physical_city": "WASHINGTON",
    "physical_state": "DC",
    "physical_zip": "20037",
    "physical_zip4": "9996"
  },
  {
    "area_name": "ATLANTIC",
    "area_code": "4B",
    "district_name": "MARYLAND",
    "district_no": "200",
    "delivery_zipcode": "20037",
    "locale_name": "22ND STREET",
    "physical_delivery_address": "1255 22ND ST NW LBBY",
    "physical_city": "WASHINGTON",
    "physical_state": "DC",
    "physical_zip": "20037",
    "physical_zip4": "9995"
  },
  {
    "area_name": "ATLANTIC",
    "area_code": "4B",
    "district_name": "MARYLAND",
    "district_no": "200",
    "delivery_zipcode": "20037",
    "locale_name": "WARD PLACE CARRIER ANNEX",
    "physical_delivery_address": "2121 WARD PL NW",
    "physical_city": "WASHINGTON",
    "physical_state": "DC",
    "physical_zip": "20037",
    "physical_zip4": "9996"
  },
  {
    "area_name": "ATLANTIC",
    "area_code": "4B",
    "district_name": "MARYLAND",
    "district_no": "200",
    "delivery_zipcode": "20037",
    "locale_name": "WATERGATE",
    "physical_delivery_address": "2512 VIRGINIA AVE NW",
    "physical_city": "WASHINGTON",
    "physical_state": "DC",
    "physical_zip": "20037",
    "physical_zip4": "9997"
  },
  {
    "area_name": "ATLANTIC",
    "area_code": "4B",
    "district_name": "MARYLAND",
    "district_no": "200",
    "delivery_zipcode": "20038",
    "locale_name": "MCPHERSON",
    "physical_delivery_address": "1750 PENNSYLVANIA AVE NW",
    "physical_city": "WASHINGTON",
    "physical_state": "DC",
    "physical_zip": "20006",
    "physical_zip4": "9997"
  },
  {
    "area_name": "ATLANTIC",
    "area_code": "4B",
    "district_name": "MARYLAND",
    "district_no": "200",
    "delivery_zipcode": "20039",
    "locale_name": "LAMMOND RIGGS",
    "physical_delivery_address": "6200 N CAPITOL ST NW",
    "physical_city": "WASHINGTON",
    "physical_state": "DC",
    "physical_zip": "20011",
    "physical_zip4": "1408"
  },
  {
    "area_name": "ATLANTIC",
    "area_code": "4B",
    "district_name": "MARYLAND",
    "district_no": "200",
    "delivery_zipcode": "20040",
    "locale_name": "BRIGHTWOOD",
    "physical_delivery_address": "6323 GEORGIA AVE NW STE A",
    "physical_city": "WASHINGTON",
    "physical_state": "DC",
    "physical_zip": "20011",
    "physical_zip4": "9996"
  },
  {
    "area_name": "ATLANTIC",
    "area_code": "4B",
    "district_name": "MARYLAND",
    "district_no": "200",
    "delivery_zipcode": "20043",
    "locale_name": "MARTIN LUTHER KING JR",
    "physical_delivery_address": "1400 L ST NW LBBY 2",
    "physical_city": "WASHINGTON",
    "physical_state": "DC",
    "physical_zip": "20005",
    "physical_zip4": "9997"
  },
  {
    "area_name": "ATLANTIC",
    "area_code": "4B",
    "district_name": "MARYLAND",
    "district_no": "200",
    "delivery_zipcode": "20044",
    "locale_name": "BENJAMIN FRANKLIN",
    "physical_delivery_address": "1200 PENNSYLVANIA AVE NW",
    "physical_city": "WASHINGTON",
    "physical_state": "DC",
    "physical_zip": "20004",
    "physical_zip4": "2403"
  },
  {
    "area_name": "ATLANTIC",
    "area_code": "4B",
    "district_name": "MARYLAND",
    "district_no": "200",
    "delivery_zipcode": "20045",
    "locale_name": "SECTION 1 CARRIER ANNEX",
    "physical_delivery_address": "900 BRENTWOOD RD NE",
    "physical_city": "WASHINGTON",
    "physical_state": "DC",
    "physical_zip": "20018",
    "physical_zip4": "9995"
  },
  {
    "area_name": "ATLANTIC",
    "area_code": "4B",
    "district_name": "MARYLAND",
    "district_no": "200",
    "delivery_zipcode": "20056",
    "locale_name": "14TH ST",
    "physical_delivery_address": "1830 14TH ST NW",
    "physical_city": "WASHINGTON",
    "physical_state": "DC",
    "physical_zip": "20009",
    "physical_zip4": "9903"
  },
  {
    "area_name": "ATLANTIC",
    "area_code": "4B",
    "district_name": "MARYLAND",
    "district_no": "200",
    "delivery_zipcode": "20090",
    "locale_name": "WASHINGTON",
    "physical_delivery_address": "900 BRENTWOOD RD NE",
    "physical_city": "WASHINGTON",
    "physical_state": "DC",
    "physical_zip": "20018",
    "physical_zip4": "9997"
  },
  {
    "area_name": "ATLANTIC",
    "area_code": "4B",
    "district_name": "MARYLAND",
    "district_no": "200",
    "delivery_zipcode": "20091",
    "locale_name": "NATIONAL CAPITOL",
    "physical_delivery_address": "2 MASSACHUSETTS AVE NE",
    "physical_city": "WASHINGTON",
    "physical_state": "DC",
    "physical_zip": "20002",
    "physical_zip4": "9997"
  }
]