[
  {
    "area_name": "ATLANTIC",
    "area_code": "4B",
    "district_name": "DE-PA 2",
    "district_no": "190",
    "delivery_zipcode": "19701",
    "locale_name": "BEAR",
    "physical_delivery_address": "125 RICKEY BLVD",
    "physical_city": "BEAR",
    "physical_state": "DE",
    "physical_zip": "19701",
    "physical_zip4": "9998"
  },
  {
    "area_name": "ATLANTIC",
    "area_code": "4B",
    "district_name": "DE-PA 2",
    "district_no": "190",
    "delivery_zipcode": "19702",
    "locale_name": "NEWARK CARRIER ANNEX",
    "physical_delivery_address": "125 RICKEY BLVD",
    "physical_city": "BEAR",
    "physical_state": "DE",
    "physical_zip": "19701",
    "physical_zip4": "9997"
  },
  {
    "area_name": "ATLANTIC",
    "area_code": "4B",
    "district_name": "DE-PA 2",
    "district_no": "190",
    "delivery_zipcode": "19703",
    "locale_name": "CLAYMONT",
    "physical_delivery_address": "3430 PHILADELPHIA PIKE",
    "physical_city": "CLAYMONT",
    "physical_state": "DE",
    "physical_zip": "19703",
    "physical_zip4": "9998"
  },
  {
    "area_name": "ATLANTIC",
    "area_code": "4B",
    "district_name": "DE-PA 2",
    "district_no": "190",
    "delivery_zipcode": "19703",
    "locale_name": "EDGEMOOR",
    "physical_delivery_address": "4901 GOVERNOR PRINTZ BLVD",
    "physical_city": "WILMINGTON",
    "physical_state": "DE",
    "physical_zip": "19809",
    "physical_zip4": "9998"
  },
  {
    "area_name": "ATLANTIC",
    "area_code": "4B",
    "district_name": "DE-PA 2",
    "district_no": "190",
    "delivery_zipcode": "19706",
    "locale_name": "DELAWARE CITY",
    "physical_delivery_address": "54 CLINTON ST",
    "physical_city": "DELAWARE CITY",
    "physical_state": "DE",
    "physical_zip": "19706",
    "physical_zip4": "9998"
  },
  {
    "area_name": "ATLANTIC",
    "area_code": "4B",
    "district_name": "DE-PA 2",
    "district_no": "190",
    "delivery_zipcode": "19707",
    "locale_name": "HOCKESSIN",
    "physical_delivery_address": "651 VALLEY RD",
    "physical_city": "HOCKESSIN",
    "physical_state": "DE",
    "physical_zip": "19707",
    "physical_zip4": "9998"
  },
  {
    "area_name": "ATLANTIC",
    "area_code": "4B",
    "district_name": "DE-PA 2",
    "district_no": "190",
    "delivery_zipcode": "19708",
    "locale_name": "KIRKWOOD",
    "physical_delivery_address": "2501 RED LION RD",
    "physical_city": "KIRKWOOD",
    "physical_state": "DE",
    "physical_zip": "19708",
    "physical_zip4": "9998"
  },
  {
    "area_name": "ATLANTIC",
    "area_code": "4B",
    "district_name": "DE-PA 2",
    "district_no": "190",
    "delivery_zipcode": "19709",
    "locale_name": "MIDDLETOWN",
    "physical_delivery_address": "298 E MAIN ST",
    "physical_city": "MIDDLETOWN",
    "physical_state": "DE",
    "physical_zip": "19709",
    "physical_zip4": "9998"
  },
  {
    "area_name": "ATLANTIC",
    "area_code": "4B",
    "district_name": "DE-PA 2",
    "district_no": "190",
    "delivery_zipcode": "19710",
    "locale_name": "MONTCHANIN",
    "physical_delivery_address": "101 STONE BLOCK ROW",
    "physical_city": "MONTCHANIN",
    "physical_state": "DE",
    "physical_zip": "19710",
    "physical_zip4": "9998"
  },
  {
    "area_name": "ATLANTIC",
    "area_code": "4B",
    "district_name": "DE-PA 2",
    "district_no": "190",
    "delivery_zipcode": "19711",
    "locale_name": "CPU ZINGOS",
    "physical_delivery_address": "1 POLLY DRUMMOND SHPG CTR",
    "physical_city": "NEWARK",
    "physical_state": "DE",
    "physical_zip": "19711",
    "physical_zip4": "9996"
  },
  {
    "area_name": "ATLANTIC",
    "area_code": "4B",
    "district_name": "DE-PA 2",
    "district_no": "190",
    "delivery_zipcode": "19711",
    "locale_name": "NEWARK",
    "physical_delivery_address": "401 OGLETOWN RD",
    "physical_city": "NEWARK",
    "physical_state": "DE",
    "physical_zip": "19711",
    "physical_zip4": "9998"
  },
  {
    "area_name": "ATLANTIC",
    "area_code": "4B",
    "district_name": "DE-PA 2",
    "district_no": "190",
    "delivery_zipcode": "19713",
    "locale_name": "NEWARK",
    "physical_delivery_address": "401 OGLETOWN RD",
    "physical_city": "NEWARK",
    "physical_state": "DE",
    "physical_zip": "19711",
    "physical_zip4": "9998"
  },
  {
    "area_name": "ATLANTIC",
    "area_code": "4B",
    "district_name": "DE-PA 2",
    "district_no": "190",
    "delivery_zipcode": "19714",
    "locale_name": "NEWARK",
    "physical_delivery_address": "401 OGLETOWN RD",
    "physical_city": "NEWARK",
    "physical_state": "DE",
    "physical_zip": "19711",
    "physical_zip4": "9998"
  },
  {
    "area_name": "ATLANTIC",
    "area_code": "4B",
    "district_name": "DE-PA 2",
    "district_no": "190",
    "delivery_zipcode": "19715",
    "locale_name": "FEDERAL",
    "physical_delivery_address": "110 E MAIN ST",
    "physical_city": "NEWARK",
    "physical_state": "DE",
    "physical_zip": "19711",
    "physical_zip4": "9997"
  },
  {
    "area_name": "ATLANTIC",
    "area_code": "4B",
    "district_name": "DE-PA 2",
    "district_no": "190",
    "delivery_zipcode": "19717",
    "locale_name": "NEWARK",
    "physical_delivery_address": "401 OGLETOWN RD",
    "physical_city": "NEWARK",
    "physical_state": "DE",
    "physical_zip": "19711",
    "physical_zip4": "9998"
  },
  {
    "area_name": "ATLANTIC",
    "area_code": "4B",
    "district_name": "DE-PA 2",
    "district_no": "190",
    "delivery_zipcode": "19720",
    "locale_name": "CENTERPOINT",
    "physical_delivery_address": "105 JOHNSON WAY",
    "physical_city": "HISTORIC NEW CASTLE",
    "physical_state": "DE",
    "physical_zip": "19720",
    "physical_zip4": "9997"
  },
  {
    "area_name": "ATLANTIC",
    "area_code": "4B",
    "district_name": "DE-PA 2",
    "district_no": "190",
    "delivery_zipcode": "19720",
    "locale_name": "MANOR",
    "physical_delivery_address": "100 MCMULLEN AVE",
    "physical_city": "NEW CASTLE",
    "physical_state": "DE",
    "physical_zip": "19720",
    "physical_zip4": "9996"
  },
  {
    "area_name": "ATLANTIC",
    "area_code": "4B",
    "district_name": "DE-PA 2",
    "district_no": "190",
    "delivery_zipcode": "19720",
    "locale_name": "NEW CASTLE",
    "physical_delivery_address": "501 DELAWARE ST",
    "physical_city": "NEW CASTLE",
    "physical_state": "DE",
    "physical_zip": "19720",
    "physical_zip4": "9998"
  },
  {
    "area_name": "ATLANTIC",
    "area_code": "4B",
    "district_name": "DE-PA 2",
    "district_no": "190",
    "delivery_zipcode": "19730",
    "locale_name": "ODESSA",
    "physical_delivery_address": "312 MAIN ST",
    "physical_city": "ODESSA",
    "physical_state": "DE",
    "physical_zip": "19730",
    "physical_zip4": "9998"
  },
  {
    "area_name": "ATLANTIC",
    "area_code": "4B",
    "district_name": "DE-PA 2",
    "district_no": "190",
    "delivery_zipcode": "19731",
    "locale_name": "PORT PENN",
    "physical_delivery_address": "3 S CONGRESS ST",
    "physical_city": "PORT PENN",
    "physical_state": "DE",
    "physical_zip": "19731",
    "physical_zip4": "9998"
  },
  {
    "area_name": "ATLANTIC",
    "area_code": "4B",
    "district_name": "DE-PA 2",
    "district_no": "190",
    "delivery_zipcode": "19732",
    "locale_name": "ROCKLAND",
    "physical_delivery_address": "700 ROCKLAND RD",
    "physical_city": "ROCKLAND",
    "physical_state": "DE",
    "physical_zip": "19732",
    "physical_zip4": "9998"
  },
  {
    "area_name": "ATLANTIC",
    "area_code": "4B",
    "district_name": "DE-PA 2",
    "district_no": "190",
    "delivery_zipcode": "19733",
    "locale_name": "SAINT GEORGES",
    "physical_delivery_address": "201 BROAD ST",
    "physical_city": "SAINT GEORGES",
    "physical_state": "DE",
    "physical_zip": "19733",
    "physical_zip4": "9998"
  },
  {
    "area_name": "ATLANTIC",
    "area_code": "4B",
    "district_name": "DE-PA 2",
    "district_no": "190",
    "delivery_zipcode": "19734",
    "locale_name": "MIDDLETOWN",
    "physical_delivery_address": "298 E MAIN ST",
    "physical_city": "MIDDLETOWN",
    "physical_state": "DE",
    "physical_zip": "19709",
    "physical_zip4": "9998"
  },
  {
    "area_name": "ATLANTIC",
    "area_code": "4B",
    "district_name": "DE-PA 2",
    "district_no": "190",
    "delivery_zipcode": "19734",
    "locale_name": "TOWNSEND",
    "physical_delivery_address": "400 MAIN ST",
    "physical_city": "TOWNSEND",
    "physical_state": "DE",
    "physical_zip": "19734",
    "physical_zip4": "9998"
  },
  {
    "area_name": "ATLANTIC",
    "area_code": "4B",
    "district_name": "DE-PA 2",
    "district_no": "190",
    "delivery_zipcode": "19736",
    "locale_name": "HOCKESSIN",
    "physical_delivery_address": "651 VALLEY RD",
    "physical_city": "HOCKESSIN",
    "physical_state": "DE",
    "physical_zip": "19707",
    "physical_zip4": "9998"
  },
  {
    "area_name": "ATLANTIC",
    "area_code": "4B",
    "district_name": "DE-PA 2",
    "district_no": "190",
    "delivery_zipcode": "19736",
    "locale_name": "YORKLYN",
    "physical_delivery_address": "1149 YORKLYN RD",
    "physical_city": "YORKLYN",
    "physical_state": "DE",
    "physical_zip": "19736",
    "physical_zip4": "9998"
  },
  {
    "area_name": "ATLANTIC",
    "area_code": "4B",
    "district_name": "DE-PA 2",
    "district_no": "190",
    "delivery_zipcode": "19801",
    "locale_name": "RODNEY SQ",
    "physical_delivery_address": "500 DELAWARE AVE STE 1",
    "physical_city": "WILMINGTON",
    "physical_state": "DE",
    "physical_zip": "19801",
    "physical_zip4": "9998"
  },
  {
    "area_name": "ATLANTIC",
    "area_code": "4B",
    "district_name": "DE-PA 2",
    "district_no": "190",
    "delivery_zipcode": "19802",
    "locale_name": "EDGEMOOR",
    "physical_delivery_address": "4901 GOVERNOR PRINTZ BLVD",
    "physical_city": "WILMINGTON",
    "physical_state": "DE",
    "physical_zip": "19809",
    "physical_zip4": "9998"
  },
  {
    "area_name": "ATLANTIC",
    "area_code": "4B",
    "district_name": "DE-PA 2",
    "district_no": "190",
    "delivery_zipcode": "19803",
    "locale_name": "TALLEYVILLE",
    "physical_delivery_address": "3911 CONCORD PIKE",
    "physical_city": "WILMINGTON",
    "physical_state": "DE",
    "physical_zip": "19803",
    "physical_zip4": "9995"
  },
  {
    "area_name": "ATLANTIC",
    "area_code": "4B",
    "district_name": "DE-PA 2",
    "district_no": "190",
    "delivery_zipcode": "19803",
    "locale_name": "TALLEYVILLE CARRIER ANNEX",
    "physical_delivery_address": "3505 SILVERSIDE RD STE 103",
    "physical_city": "WILMINGTON",
    "physical_state": "DE",
    "physical_zip": "19810",
    "physical_zip4": "9998"
  },
  {
    "area_name": "ATLANTIC",
    "area_code": "4B",
    "district_name": "DE-PA 2",
    "district_no": "190",
    "delivery_zipcode": "19804",
    "locale_name": "NEWPORT",
    "physical_delivery_address": "1704 W NEWPORT PIKE",
    "physical_city": "WILMINGTON",
    "physical_state": "DE",
    "physical_zip": "19804",
    "physical_zip4": "9998"
  },
  {
    "area_name": "ATLANTIC",
    "area_code": "4B",
    "district_name": "DE-PA 2",
    "district_no": "190",
    "delivery_zipcode": "19805",
    "locale_name": "LANCASTER AVE",
    "physical_delivery_address": "1500 LANCASTER AVE",
    "physical_city": "WILMINGTON",
    "physical_state": "DE",
    "physical_zip": "19805",
    "physical_zip4": "9998"
  },
  {
    "area_name": "ATLANTIC",
    "area_code": "4B",
    "district_name": "DE-PA 2",
    "district_no": "190",
    "delivery_zipcode": "19806",
    "locale_name": "LANCASTER AVE",
    "physical_delivery_address": "1500 LANCASTER AVE",
    "physical_city": "WILMINGTON",
    "physical_state": "DE",
    "physical_zip": "19805",
    "physical_zip4": "9998"
  },
  {
    "area_name": "ATLANTIC",
    "area_code": "4B",
    "district_name": "DE-PA 2",
    "district_no": "190",
    "delivery_zipcode": "19807",
    "locale_name": "GREENVILLE",
    "physical_delivery_address": "3801 KENNETT PIKE STE A101",
    "physical_city": "WILMINGTON",
    "physical_state": "DE",
    "physical_zip": "19807",
    "physical_zip4": "9998"
  },
  {
    "area_name": "ATLANTIC",
    "area_code": "4B",
    "district_name": "DE-PA 2",
    "district_no": "190",
    "delivery_zipcode": "19807",
    "locale_name": "LANCASTER AVE",
    "physical_delivery_address": "1500 LANCASTER AVE",
    "physical_city": "WILMINGTON",
    "physical_state": "DE",
    "physical_zip": "19805",
    "physical_zip4": "9998"
  },
  {
    "area_name": "ATLANTIC",
    "area_code": "4B",
    "district_name": "DE-PA 2",
    "district_no": "190",
    "delivery_zipcode": "19808",
    "locale_name": "MARSHALLTON",
    "physical_delivery_address": "3434 OLD CAPITOL TRL",
    "physical_city": "WILMINGTON",
    "physical_state": "DE",
    "physical_zip": "19808",
    "physical_zip4": "9998"
  },
  {
    "area_name": "ATLANTIC",
    "area_code": "4B",
    "district_name": "DE-PA 2",
    "district_no": "190",
    "delivery_zipcode": "19809",
    "locale_name": "EDGEMOOR",
    "physical_delivery_address": "4901 GOVERNOR PRINTZ BLVD",
    "physical_city": "WILMINGTON",
    "physical_state": "DE",
    "physical_zip": "19809",
    "physical_zip4": "9998"
  },
  {
    "area_name": "ATLANTIC",
    "area_code": "4B",
    "district_name": "DE-PA 2",
    "district_no": "190",
    "delivery_zipcode": "19810",
    "locale_name": "EDGEMOOR",
    "physical_delivery_address": "4901 GOVERNOR PRINTZ BLVD",
    "physical_city": "WILMINGTON",
    "physical_state": "DE",
    "physical_zip": "19809",
    "physical_zip4": "9998"
  },
  {
    "area_name": "ATLANTIC",
    "area_code": "4B",
    "district_name": "DE-PA 2",
    "district_no": "190",
    "delivery_zipcode": "19850",
    "locale_name": "WILMINGTON BOX",
    "physical_delivery_address": "147 QUIGLEY BLVD",
    "physical_city": "HISTORIC NEW CASTLE",
    "physical_state": "DE",
    "physical_zip": "19720",
    "physical_zip4": "9696"
  },
  {
    "area_name": "ATLANTIC",
    "area_code": "4B",
    "district_name": "DE-PA 2",
    "district_no": "190",
    "delivery_zipcode": "19880",
    "locale_name": "WILMINGTON BOX",
    "physical_delivery_address": "147 QUIGLEY BLVD",
    "physical_city": "HISTORIC NEW CASTLE",
    "physical_state": "DE",
    "physical_zip": "19720",
    "physical_zip4": "9696"
  },
  {
    "area_name": "ATLANTIC",
    "area_code": "4B",
    "district_name": "DE-PA 2",
    "district_no": "190",
    "delivery_zipcode": "19899",
    "locale_name": "RODNEY SQ",
    "physical_delivery_address": "500 DELAWARE AVE STE 1",
    "physical_city": "WILMINGTON",
    "physical_state": "DE",
    "physical_zip": "19801",
    "physical_zip4": "9998"
  },
  {
    "area_name": "ATLANTIC",
    "area_code": "4B",
    "district_name": "DE-PA 2",
    "district_no": "190",
    "delivery_zipcode": "19901",
    "locale_name": "DOVER",
    "physical_delivery_address": "445 BANK LN",
    "physical_city": "DOVER",
    "physical_state": "DE",
    "physical_zip": "19904",
    "physical_zip4": "9997"
  },
  {
    "area_name": "ATLANTIC",
    "area_code": "4B",
    "district_name": "DE-PA 2",
    "district_no": "190",
    "delivery_zipcode": "19902",
    "locale_name": "DOVER AFB",
    "physical_delivery_address": "442 13TH ST",
    "physical_city": "DOVER AFB",
    "physical_state": "DE",
    "physical_zip": "19902",
    "physical_zip4": "9998"
  },
  {
    "area_name": "ATLANTIC",
    "area_code": "4B",
    "district_name": "DE-PA 2",
    "district_no": "190",
    "delivery_zipcode": "19903",
    "locale_name": "DOVER",
    "physical_delivery_address": "445 BANK LN",
    "physical_city": "DOVER",
    "physical_state": "DE",
    "physical_zip": "19904",
    "physical_zip4": "9997"
  },
  {
    "area_name": "ATLANTIC",
    "area_code": "4B",
    "district_name": "DE-PA 2",
    "district_no": "190",
    "delivery_zipcode": "19904",
    "locale_name": "DOVER",
    "physical_delivery_address": "445 BANK LN",
    "physical_city": "DOVER",
    "physical_state": "DE",
    "physical_zip": "19904",
    "physical_zip4": "9997"
  },
  {
    "area_name": "ATLANTIC",
    "area_code": "4B",
    "district_name": "DE-PA 2",
    "district_no": "190",
    "delivery_zipcode": "19905",
    "locale_name": "DOVER",
    "physical_delivery_address": "445 BANK LN",
    "physical_city": "DOVER",
    "physical_state": "DE",
    "physical_zip": "19904",
    "physical_zip4": "9997"
  },
  {
    "area_name": "ATLANTIC",
    "area_code": "4B",
    "district_name": "DE-PA 2",
    "district_no": "190",
    "delivery_zipcode": "19930",
    "locale_name": "BETHANY BEACH",
    "physical_delivery_address": "14 N PENNSYLVANIA AVE",
    "physical_city": "BETHANY BEACH",
    "physical_state": "DE",
    "physical_zip": "19930",
    "physical_zip4": "9998"
  },
  {
    "area_name": "ATLANTIC",
    "area_code": "4B",
    "district_name": "DE-PA 2",
    "district_no": "190",
    "delivery_zipcode": "19930",
    "locale_name": "SUSSEX COUNTY CARRIER ANNEX",
    "physical_delivery_address": "35994 ZION CHURCH RD",
    "physical_city": "FRANKFORD",
    "physical_state": "DE",
    "physical_zip": "19945",
    "physical_zip4": "9997"
  },
  {
    "area_name": "ATLANTIC",
    "area_code": "4B",
    "district_name": "DE-PA 2",
    "district_no": "190",
    "delivery_zipcode": "19931",
    "locale_name": "BETHEL",
    "physical_delivery_address": "7748 MAIN ST",
    "physical_city": "BETHEL",
    "physical_state": "DE",
    "physical_zip": "19931",
    "physical_zip4": "9998"
  },
  {
    "area_name": "ATLANTIC",
    "area_code": "4B",
    "district_name": "DE-PA 2",
    "district_no": "190",
    "delivery_zipcode": "19931",
    "locale_name": "LAUREL",
    "physical_delivery_address": "1121 S CENTRAL AVE",
    "physical_city": "LAUREL",
    "physical_state": "DE",
    "physical_zip": "19956",
    "physical_zip4": "9998"
  },
  {
    "area_name": "ATLANTIC",
    "area_code": "4B",
    "district_name": "DE-PA 2",
    "district_no": "190",
    "delivery_zipcode": "19933",
    "locale_name": "BRIDGEVILLE",
    "physical_delivery_address": "300 WALNUT ST",
    "physical_city": "BRIDGEVILLE",
    "physical_state": "DE",
    "physical_zip": "19933",
    "physical_zip4": "9998"
  },
  {
    "area_name": "ATLANTIC",
    "area_code": "4B",
    "district_name": "DE-PA 2",
    "district_no": "190",
    "delivery_zipcode": "19933",
    "locale_name": "SEAFORD",
    "physical_delivery_address": "2001 BRIDGEVILLE HWY",
    "physical_city": "SEAFORD",
    "physical_state": "DE",
    "physical_zip": "19973",
    "physical_zip4": "9998"
  },
  {
    "area_name": "ATLANTIC",
    "area_code": "4B",
    "district_name": "DE-PA 2",
    "district_no": "190",
    "delivery_zipcode": "19934",
    "locale_name": "CAMDEN WYOMING",
    "physical_delivery_address": "2 OLD NORTH RD",
    "physical_city": "CAMDEN WYOMING",
    "physical_state": "DE",
    "physical_zip": "19934",
    "physical_zip4": "9998"
  },
  {
    "area_name": "ATLANTIC",
    "area_code": "4B",
    "district_name": "DE-PA 2",
    "district_no": "190",
    "delivery_zipcode": "19936",
    "locale_name": "CHESWOLD",
    "physical_delivery_address": "262 E MAIN ST",
    "physical_city": "CHESWOLD",
    "physical_state": "DE",
    "physical_zip": "19936",
    "physical_zip4": "9998"
  },
  {
    "area_name": "ATLANTIC",
    "area_code": "4B",
    "district_name": "DE-PA 2",
    "district_no": "190",
    "delivery_zipcode": "19938",
    "locale_name": "CLAYTON",
    "physical_delivery_address": "12 RAILROAD AVE",
    "physical_city": "CLAYTON",
    "physical_state": "DE",
    "physical_zip": "19938",
    "physical_zip4": "9998"
  },
  {
    "area_name": "ATLANTIC",
    "area_code": "4B",
    "district_name": "DE-PA 2",
    "district_no": "190",
    "delivery_zipcode": "19939",
    "locale_name": "DAGSBORO",
    "physical_delivery_address": "28290 CLAYTON ST",
    "physical_city": "DAGSBORO",
    "physical_state": "DE",
    "physical_zip": "19939",
    "physical_zip4": "9998"
  },
  {
    "area_name": "ATLANTIC",
    "area_code": "4B",
    "district_name": "DE-PA 2",
    "district_no": "190",
    "delivery_zipcode": "19939",
    "locale_name": "SUSSEX COUNTY CARRIER ANNEX",
    "physical_delivery_address": "35994 ZION CHURCH RD",
    "physical_city": "FRANKFORD",
    "physical_state": "DE",
    "physical_zip": "19945",
    "physical_zip4": "9997"
  },
  {
    "area_name": "ATLANTIC",
    "area_code": "4B",
    "district_name": "DE-PA 2",
    "district_no": "190",
    "delivery_zipcode": "19940",
    "locale_name": "DELMAR",
    "physical_delivery_address": "101 E GROVE ST",
    "physical_city": "DELMAR",
    "physical_state": "DE",
    "physical_zip": "19940",
    "physical_zip4": "9998"
  },
  {
    "area_name": "ATLANTIC",
    "area_code": "4B",
    "district_name": "DE-PA 2",
    "district_no": "190",
    "delivery_zipcode": "19940",
    "locale_name": "LAUREL",
    "physical_delivery_address": "1121 S CENTRAL AVE",
    "physical_city": "LAUREL",
    "physical_state": "DE",
    "physical_zip": "19956",
    "physical_zip4": "9998"
  },
  {
    "area_name": "ATLANTIC",
    "area_code": "4B",
    "district_name": "DE-PA 2",
    "district_no": "190",
    "delivery_zipcode": "19941",
    "locale_name": "ELLENDALE",
    "physical_delivery_address": "508 MAIN ST",
    "physical_city": "ELLENDALE",
    "physical_state": "DE",
    "physical_zip": "19941",
    "physical_zip4": "9998"
  },
  {
    "area_name": "ATLANTIC",
    "area_code": "4B",
    "district_name": "DE-PA 2",
    "district_no": "190",
    "delivery_zipcode": "19941",
    "locale_name": "GEORGETOWN",
    "physical_delivery_address": "115 S KING ST",
    "physical_city": "GEORGETOWN",
    "physical_state": "DE",
    "physical_zip": "19947",
    "physical_zip4": "9998"
  },
  {
    "area_name": "ATLANTIC",
    "area_code": "4B",
    "district_name": "DE-PA 2",
    "district_no": "190",
    "delivery_zipcode": "19943",
    "locale_name": "FELTON",
    "physical_delivery_address": "1 W SEWELL ST",
    "physical_city": "FELTON",
    "physical_state": "DE",
    "physical_zip": "19943",
    "physical_zip4": "9998"
  },
  {
    "area_name": "ATLANTIC",
    "area_code": "4B",
    "district_name": "DE-PA 2",
    "district_no": "190",
    "delivery_zipcode": "19944",
    "locale_name": "SUSSEX COUNTY CARRIER ANNEX",
    "physical_delivery_address": "35994 ZION CHURCH RD",
    "physical_city": "FRANKFORD",
    "physical_state": "DE",
    "physical_zip": "19945",
    "physical_zip4": "9997"
  },
  {
    "area_name": "ATLANTIC",
    "area_code": "4B",
    "district_name": "DE-PA 2",
    "district_no": "190",
    "delivery_zipcode": "19945",
    "locale_name": "FRANKFORD",
    "physical_delivery_address": "1 MAIN ST",
    "physical_city": "FRANKFORD",
    "physical_state": "DE",
    "physical_zip": "19945",
    "physical_zip4": "9998"
  },
  {
    "area_name": "ATLANTIC",
    "area_code": "4B",
    "district_name": "DE-PA 2",
    "district_no": "190",
    "delivery_zipcode": "19945",
    "locale_name": "SUSSEX COUNTY CARRIER ANNEX",
    "physical_delivery_address": "35994 ZION CHURCH RD",
    "physical_city": "FRANKFORD",
    "physical_state": "DE",
    "physical_zip": "19945",
    "physical_zip4": "9997"
  },
  {
    "area_name": "ATLANTIC",
    "area_code": "4B",
    "district_name": "DE-PA 2",
    "district_no": "190",
    "delivery_zipcode": "19946",
    "locale_name": "FELTON",
    "physical_delivery_address": "1 W SEWELL ST",
    "physical_city": "FELTON",
    "physical_state": "DE",
    "physical_zip": "19943",
    "physical_zip4": "9998"
  },
  {
    "area_name": "ATLANTIC",
    "area_code": "4B",
    "district_name": "DE-PA 2",
    "district_no": "190",
    "delivery_zipcode": "19946",
    "locale_name": "FREDERICA",
    "physical_delivery_address": "128 W FRONT ST",
    "physical_city": "FREDERICA",
    "physical_state": "DE",
    "physical_zip": "19946",
    "physical_zip4": "9998"
  },
  {
    "area_name": "ATLANTIC",
    "area_code": "4B",
    "district_name": "DE-PA 2",
    "district_no": "190",
    "delivery_zipcode": "19947",
    "locale_name": "GEORGETOWN",
    "physical_delivery_address": "115 S KING ST",
    "physical_city": "GEORGETOWN",
    "physical_state": "DE",
    "physical_zip": "19947",
    "physical_zip4": "9998"
  },
  {
    "area_name": "ATLANTIC",
    "area_code": "4B",
    "district_name": "DE-PA 2",
    "district_no": "190",
    "delivery_zipcode": "19950",
    "locale_name": "GREENWOOD",
    "physical_delivery_address": "2 E MARKET ST",
    "physical_city": "GREENWOOD",
    "physical_state": "DE",
    "physical_zip": "19950",
    "physical_zip4": "9998"
  },
  {
    "area_name": "ATLANTIC",
    "area_code": "4B",
    "district_name": "DE-PA 2",
    "district_no": "190",
    "delivery_zipcode": "19950",
    "locale_name": "SEAFORD",
    "physical_delivery_address": "2001 BRIDGEVILLE HWY",
    "physical_city": "SEAFORD",
    "physical_state": "DE",
    "physical_zip": "19973",
    "physical_zip4": "9998"
  },
  {
    "area_name": "ATLANTIC",
    "area_code": "4B",
    "district_name": "DE-PA 2",
    "district_no": "190",
    "delivery_zipcode": "19951",
    "locale_name": "GEORGETOWN",
    "physical_delivery_address": "115 S KING ST",
    "physical_city": "GEORGETOWN",
    "physical_state": "DE",
    "physical_zip": "19947",
    "physical_zip4": "9998"
  },
  {
    "area_name": "ATLANTIC",
    "area_code": "4B",
    "district_name": "DE-PA 2",
    "district_no": "190",
    "delivery_zipcode": "19951",
    "locale_name": "HARBESON",
    "physical_delivery_address": "18865 HARBESON RD",
    "physical_city": "HARBESON",
    "physical_state": "DE",
    "physical_zip": "19951",
    "physical_zip4": "9997"
  },
  {
    "area_name": "ATLANTIC",
    "area_code": "4B",
    "district_name": "DE-PA 2",
    "district_no": "190",
    "delivery_zipcode": "19952",
    "locale_name": "HARRINGTON",
    "physical_delivery_address": "2 COMMERCE ST",
    "physical_city": "HARRINGTON",
    "physical_state": "DE",
    "physical_zip": "19952",
    "physical_zip4": "9998"
  },
  {
    "area_name": "ATLANTIC",
    "area_code": "4B",
    "district_name": "DE-PA 2",
    "district_no": "190",
    "delivery_zipcode": "19953",
    "locale_name": "HARTLY",
    "physical_delivery_address": "223 MAIN ST",
    "physical_city": "HARTLY",
    "physical_state": "DE",
    "physical_zip": "19953",
    "physical_zip4": "9998"
  },
  {
    "area_name": "ATLANTIC",
    "area_code": "4B",
    "district_name": "DE-PA 2",
    "district_no": "190",
    "delivery_zipcode": "19954",
    "locale_name": "HOUSTON",
    "physical_delivery_address": "156 BROAD ST",
    "physical_city": "HOUSTON",
    "physical_state": "DE",
    "physical_zip": "19954",
    "physical_zip4": "9998"
  },
  {
    "area_name": "ATLANTIC",
    "area_code": "4B",
    "district_name": "DE-PA 2",
    "district_no": "190",
    "delivery_zipcode": "19954",
    "locale_name": "MILFORD",
    "physical_delivery_address": "110 CAUSEY AVE",
    "physical_city": "MILFORD",
    "physical_state": "DE",
    "physical_zip": "19963",
    "physical_zip4": "9998"
  },
  {
    "area_name": "ATLANTIC",
    "area_code": "4B",
    "district_name": "DE-PA 2",
    "district_no": "190",
    "delivery_zipcode": "19955",
    "locale_name": "KENTON",
    "physical_delivery_address": "24 FRAZIER ST",
    "physical_city": "KENTON",
    "physical_state": "DE",
    "physical_zip": "19955",
    "physical_zip4": "9998"
  },
  {
    "area_name": "ATLANTIC",
    "area_code": "4B",
    "district_name": "DE-PA 2",
    "district_no": "190",
    "delivery_zipcode": "19956",
    "locale_name": "LAUREL",
    "physical_delivery_address": "1121 S CENTRAL AVE",
    "physical_city": "LAUREL",
    "physical_state": "DE",
    "physical_zip": "19956",
    "physical_zip4": "9998"
  },
  {
    "area_name": "ATLANTIC",
    "area_code": "4B",
    "district_name": "DE-PA 2",
    "district_no": "190",
    "delivery_zipcode": "19958",
    "locale_name": "LEWES",
    "physical_delivery_address": "116 FRONT ST STE 1",
    "physical_city": "LEWES",
    "physical_state": "DE",
    "physical_zip": "19958",
    "physical_zip4": "9998"
  },
  {
    "area_name": "ATLANTIC",
    "area_code": "4B",
    "district_name": "DE-PA 2",
    "district_no": "190",
    "delivery_zipcode": "19958",
    "locale_name": "REHOBOTH BEACH CARRIER ANNEX",
    "physical_delivery_address": "18908 REHOBOTH MALL BLVD STE 15",
    "physical_city": "REHOBOTH BEACH",
    "physical_state": "DE",
    "physical_zip": "19971",
    "physical_zip4": "6134"
  },
  {
    "area_name": "ATLANTIC",
    "area_code": "4B",
    "district_name": "DE-PA 2",
    "district_no": "190",
    "delivery_zipcode": "19960",
    "locale_name": "LINCOLN",
    "physical_delivery_address": "8419 FRONT ST",
    "physical_city": "LINCOLN",
    "physical_state": "DE",
    "physical_zip": "19960",
    "physical_zip4": "9998"
  },
  {
    "area_name": "ATLANTIC",
    "area_code": "4B",
    "district_name": "DE-PA 2",
    "district_no": "190",
    "delivery_zipcode": "19961",
    "locale_name": "LITTLE CREEK",
    "physical_delivery_address": "458 MAIN ST",
    "physical_city": "LITTLE CREEK",
    "physical_state": "DE",
    "physical_zip": "19961",
    "physical_zip4": "9998"
  },
  {
    "area_name": "ATLANTIC",
    "area_code": "4B",
    "district_name": "DE-PA 2",
    "district_no": "190",
    "delivery_zipcode": "19962",
    "locale_name": "MAGNOLIA",
    "physical_delivery_address": "8 N MAIN ST",
    "physical_city": "MAGNOLIA",
    "physical_state": "DE",
    "physical_zip": "19962",
    "physical_zip4": "9998"
  },
  {
    "area_name": "ATLANTIC",
    "area_code": "4B",
    "district_name": "DE-PA 2",
    "district_no": "190",
    "delivery_zipcode": "19963",
    "locale_name": "MILFORD",
    "physical_delivery_address": "110 CAUSEY AVE",
    "physical_city": "MILFORD",
    "physical_state": "DE",
    "physical_zip": "19963",
    "physical_zip4": "9998"
  },
  {
    "area_name": "ATLANTIC",
    "area_code": "4B",
    "district_name": "DE-PA 2",
    "district_no": "190",
    "delivery_zipcode": "19966",
    "locale_name": "MILLSBORO",
    "physical_delivery_address": "100 MAIN ST",
    "physical_city": "MILLSBORO",
    "physical_state": "DE",
    "physical_zip": "19966",
    "physical_zip4": "9998"
  },
  {
    "area_name": "ATLANTIC",
    "area_code": "4B",
    "district_name": "DE-PA 2",
    "district_no": "190",
    "delivery_zipcode": "19967",
    "locale_name": "BETHANY BEACH",
    "physical_delivery_address": "14 N PENNSYLVANIA AVE",
    "physical_city": "BETHANY BEACH",
    "physical_state": "DE",
    "physical_zip": "19930",
    "physical_zip4": "9998"
  },
  {
    "area_name": "ATLANTIC",
    "area_code": "4B",
    "district_name": "DE-PA 2",
    "district_no": "190",
    "delivery_zipcode": "19967",
    "locale_name": "SUSSEX COUNTY CARRIER ANNEX",
    "physical_delivery_address": "35994 ZION CHURCH RD",
    "physical_city": "FRANKFORD",
    "physical_state": "DE",
    "physical_zip": "19945",
    "physical_zip4": "9997"
  },
  {
    "area_name": "ATLANTIC",
    "area_code": "4B",
    "district_name": "DE-PA 2",
    "district_no": "190",
    "delivery_zipcode": "19968",
    "locale_name": "MILTON",
    "physical_delivery_address": "219 MILTON ELLENDALE HWY",
    "physical_city": "MILTON",
    "physical_state": "DE",
    "physical_zip": "19968",
    "physical_zip4": "9998"
  },
  {
    "area_name": "ATLANTIC",
    "area_code": "4B",
    "district_name": "DE-PA 2",
    "district_no": "190",
    "delivery_zipcode": "19969",
    "locale_name": "NASSAU",
    "physical_delivery_address": "17601 COASTAL HWY UNIT 11",
    "physical_city": "NASSAU",
    "physical_state": "DE",
    "physical_zip": "19969",
    "physical_zip4": "9998"
  },
  {
    "area_name": "ATLANTIC",
    "area_code": "4B",
    "district_name": "DE-PA 2",
    "district_no": "190",
    "delivery_zipcode": "19970",
    "locale_name": "BETHANY BEACH",
    "physical_delivery_address": "14 N PENNSYLVANIA AVE",
    "physical_city": "BETHANY BEACH",
    "physical_state": "DE",
    "physical_zip": "19930",
    "physical_zip4": "9998"
  },
  {
    "area_name": "ATLANTIC",
    "area_code": "4B",
    "district_name": "DE-PA 2",
    "district_no": "190",
    "delivery_zipcode": "19970",
    "locale_name": "SUSSEX COUNTY CARRIER ANNEX",
    "physical_delivery_address": "35994 ZION CHURCH RD",
    "physical_city": "FRANKFORD",
    "physical_state": "DE",
    "physical_zip": "19945",
    "physical_zip4": "9997"
  },
  {
    "area_name": "ATLANTIC",
    "area_code": "4B",
    "district_name": "DE-PA 2",
    "district_no": "190",
    "delivery_zipcode": "19971",
    "locale_name": "REHOBOTH BEACH",
    "physical_delivery_address": "179 REHOBOTH AVE",
    "physical_city": "REHOBOTH BEACH",
    "physical_state": "DE",
    "physical_zip": "19971",
    "physical_zip4": "9998"
  },
  {
    "area_name": "ATLANTIC",
    "area_code": "4B",
    "district_name": "DE-PA 2",
    "district_no": "190",
    "delivery_zipcode": "19971",
    "locale_name": "REHOBOTH BEACH CARRIER ANNEX",
    "physical_delivery_address": "18908 REHOBOTH MALL BLVD STE 15",
    "physical_city": "REHOBOTH BEACH",
    "physical_state": "DE",
    "physical_zip": "19971",
    "physical_zip4": "6134"
  },
  {
    "area_name": "ATLANTIC",
    "area_code": "4B",
    "district_name": "DE-PA 2",
    "district_no": "190",
    "delivery_zipcode": "19973",
    "locale_name": "SEAFORD",
    "physical_delivery_address": "2001 BRIDGEVILLE HWY",
    "physical_city": "SEAFORD",
    "physical_state": "DE",
    "physical_zip": "19973",
    "physical_zip4": "9998"
  },
  {
    "area_name": "ATLANTIC",
    "area_code": "4B",
    "district_name": "DE-PA 2",
    "district_no": "190",
    "delivery_zipcode": "19975",
    "locale_name": "SELBYVILLE",
    "physical_delivery_address": "23 W CHURCH ST",
    "physical_city": "SELBYVILLE",
    "physical_state": "DE",
    "physical_zip": "19975",
    "physical_zip4": "9998"
  },
  {
    "area_name": "ATLANTIC",
    "area_code": "4B",
    "district_name": "DE-PA 2",
    "district_no": "190",
    "delivery_zipcode": "19975",
    "locale_name": "SUSSEX COUNTY CARRIER ANNEX",
    "physical_delivery_address": "35994 ZION CHURCH RD",
    "physical_city": "FRANKFORD",
    "physical_state": "DE",
    "physical_zip": "19945",
    "physical_zip4": "9997"
  },
  {
    "area_name": "ATLANTIC",
    "area_code": "4B",
    "district_name": "DE-PA 2",
    "district_no": "190",
    "delivery_zipcode": "19977",
    "locale_name": "SMYRNA",
    "physical_delivery_address": "13 S MARKET ST",
    "physical_city": "SMYRNA",
    "physical_state": "DE",
    "physical_zip": "19977",
    "physical_zip4": "9998"
  },
  {
    "area_name": "ATLANTIC",
    "area_code": "4B",
    "district_name": "DE-PA 2",
    "district_no": "190",
    "delivery_zipcode": "19979",
    "locale_name": "FELTON",
    "physical_delivery_address": "1 W SEWELL ST",
    "physical_city": "FELTON",
    "physical_state": "DE",
    "physical_zip": "19943",
    "physical_zip4": "9998"
  },
  {
    "area_name": "ATLANTIC",
    "area_code": "4B",
    "district_name": "DE-PA 2",
    "district_no": "190",
    "delivery_zipcode": "19979",
    "locale_name": "VIOLA",
    "physical_delivery_address": "3 S MAIN ST",
    "physical_city": "VIOLA",
    "physical_state": "DE",
    "physical_zip": "19979",
    "physical_zip4": "9998"
  },
  {
    "area_name": "ATLANTIC",
    "area_code": "4B",
    "district_name": "DE-PA 2",
    "district_no": "190",
    "delivery_zipcode": "19980",
    "locale_name": "WOODSIDE",
    "physical_delivery_address": "4568 TURKEY POINT RD",
    "physical_city": "WOODSIDE",
    "physical_state": "DE",
    "physical_zip": "19980",
    "physical_zip4": "9998"
  },
  {
    "area_name": "ATLANTIC",
    "area_code": "4B",
    "district_name": "MARYLAND",
    "district_no": "200",
    "delivery_zipcode": "21875",
    "locale_name": "LAUREL",
    "physical_delivery_address": "1121 S CENTRAL AVE",
    "physical_city": "LAUREL",
    "physical_state": "DE",
    "physical_zip": "19956",
    "physical_zip4": "9998"
  }
]