[
  {
    "area_name": "WESTPAC",
    "area_code": "4E",
    "district_name": "HAWAII",
    "district_no": "967",
    "delivery_zipcode": "96910",
    "locale_name": "BARRIGADA",
    "physical_delivery_address": "489 ARMY DR",
    "physical_city": "BARRIGADA",
    "physical_state": "GU",
    "physical_zip": "96913",
    "physical_zip4": "9998"
  },
  {
    "area_name": "WESTPAC",
    "area_code": "4E",
    "district_name": "HAWAII",
    "district_no": "967",
    "delivery_zipcode": "96912",
    "locale_name": "CPU DEDEDO NEW",
    "physical_delivery_address": "144 W SANTA MONICA AVE STE 101",
    "physical_city": "DEDEDO",
    "physical_state": "GU",
    "physical_zip": "96929",
    "physical_zip4": "5093"
  },
  {
    "area_name": "WESTPAC",
    "area_code": "4E",
    "district_name": "HAWAII",
    "district_no": "967",
    "delivery_zipcode": "96912",
    "locale_name": "MOU #3 NAV CAMS WESPAC",
    "physical_delivery_address": "297 NOYES ST",
    "physical_city": "DEDEDO",
    "physical_state": "GU",
    "physical_zip": "96929",
    "physical_zip4": "9996"
  },
  {
    "area_name": "WESTPAC",
    "area_code": "4E",
    "district_name": "HAWAII",
    "district_no": "967",
    "delivery_zipcode": "96913",
    "locale_name": "BARRIGADA",
    "physical_delivery_address": "489 ARMY DR",
    "physical_city": "BARRIGADA",
    "physical_state": "GU",
    "physical_zip": "96913",
    "physical_zip4": "9998"
  },
  {
    "area_name": "WESTPAC",
    "area_code": "4E",
    "district_name": "HAWAII",
    "district_no": "967",
    "delivery_zipcode": "96915",
    "locale_name": "BARRIGADA",
    "physical_delivery_address": "489 ARMY DR",
    "physical_city": "BARRIGADA",
    "physical_state": "GU",
    "physical_zip": "96913",
    "physical_zip4": "9998"
  },
  {
    "area_name": "WESTPAC",
    "area_code": "4E",
    "district_name": "HAWAII",
    "district_no": "967",
    "delivery_zipcode": "96915",
    "locale_name": "NAVAL STATION",
    "physical_delivery_address": "4 CHAPEL RD BLDG 4",
    "physical_city": "YONA",
    "physical_state": "GU",
    "physical_zip": "96915",
    "physical_zip4": "4799"
  },
  {
    "area_name": "WESTPAC",
    "area_code": "4E",
    "district_name": "HAWAII",
    "district_no": "967",
    "delivery_zipcode": "96916",
    "locale_name": "MERIZO",
    "physical_delivery_address": "76 ROSARIO ST",
    "physical_city": "MERIZO",
    "physical_state": "GU",
    "physical_zip": "96915",
    "physical_zip4": "1299"
  },
  {
    "area_name": "WESTPAC",
    "area_code": "4E",
    "district_name": "HAWAII",
    "district_no": "967",
    "delivery_zipcode": "96917",
    "locale_name": "INARAJAN",
    "physical_delivery_address": "663 PALE DUENAS ST",
    "physical_city": "SANTA RITA",
    "physical_state": "GU",
    "physical_zip": "96915",
    "physical_zip4": "3297"
  },
  {
    "area_name": "WESTPAC",
    "area_code": "4E",
    "district_name": "HAWAII",
    "district_no": "967",
    "delivery_zipcode": "96921",
    "locale_name": "BARRIGADA",
    "physical_delivery_address": "489 ARMY DR",
    "physical_city": "BARRIGADA",
    "physical_state": "GU",
    "physical_zip": "96913",
    "physical_zip4": "9998"
  },
  {
    "area_name": "WESTPAC",
    "area_code": "4E",
    "district_name": "HAWAII",
    "district_no": "967",
    "delivery_zipcode": "96923",
    "locale_name": "CPU UNIV OF GUAM",
    "physical_delivery_address": "303 UNIVERSITY DR",
    "physical_city": "MANGILAO",
    "physical_state": "GU",
    "physical_zip": "96913",
    "physical_zip4": "1800"
  },
  {
    "area_name": "WESTPAC",
    "area_code": "4E",
    "district_name": "HAWAII",
    "district_no": "967",
    "delivery_zipcode": "96928",
    "locale_name": "BARRIGADA",
    "physical_delivery_address": "489 ARMY DR",
    "physical_city": "BARRIGADA",
    "physical_state": "GU",
    "physical_zip": "96913",
    "physical_zip4": "9998"
  },
  {
    "area_name": "WESTPAC",
    "area_code": "4E",
    "district_name": "HAWAII",
    "district_no": "967",
    "delivery_zipcode": "96929",
    "locale_name": "ANDERSEN AFB",
    "physical_delivery_address": "24018 CAROLINES AVE",
    "physical_city": "YIGO",
    "physical_state": "GU",
    "physical_zip": "96929",
    "physical_zip4": "1600"
  },
  {
    "area_name": "WESTPAC",
    "area_code": "4E",
    "district_name": "HAWAII",
    "district_no": "967",
    "delivery_zipcode": "96929",
    "locale_name": "BARRIGADA",
    "physical_delivery_address": "489 ARMY DR",
    "physical_city": "BARRIGADA",
    "physical_state": "GU",
    "physical_zip": "96913",
    "physical_zip4": "9998"
  },
  {
    "area_name": "WESTPAC",
    "area_code": "4E",
    "district_name": "HAWAII",
    "district_no": "967",
    "delivery_zipcode": "96929",
    "locale_name": "CPU YIGO",
    "physical_delivery_address": "244 GAYINERO DR",
    "physical_city": "YIGO",
    "physical_state": "GU",
    "physical_zip": "96929",
    "physical_zip4": "2398"
  },
  {
    "area_name": "WESTPAC",
    "area_code": "4E",
    "district_name": "HAWAII",
    "district_no": "967",
    "delivery_zipcode": "96931",
    "locale_name": "TAMUNING",
    "physical_delivery_address": "143 EDWARD T CALVO MEMORIAL PKWY",
    "physical_city": "TAMUNING",
    "physical_state": "GU",
    "physical_zip": "96913",
    "physical_zip4": "3598"
  },
  {
    "area_name": "WESTPAC",
    "area_code": "4E",
    "district_name": "HAWAII",
    "district_no": "967",
    "delivery_zipcode": "96932",
    "locale_name": "HAGATNA",
    "physical_delivery_address": "223 W CHALAN SANTO PAPA",
    "physical_city": "HAGATNA",
    "physical_state": "GU",
    "physical_zip": "96910",
    "physical_zip4": "9998"
  }
]