[
  {
    "area_name": "WESTPAC",
    "area_code": "4E",
    "district_name": "HAWAII",
    "district_no": "967",
    "delivery_zipcode": "96701",
    "locale_name": "AIEA",
    "physical_delivery_address": "99-040 KAUHALE ST",
    "physical_city": "AIEA",
    "physical_state": "HI",
    "physical_zip": "96701",
    "physical_zip4": "9998"
  },
  {
    "area_name": "WESTPAC",
    "area_code": "4E",
    "district_name": "HAWAII",
    "district_no": "967",
    "delivery_zipcode": "96701",
    "locale_name": "PEARL CITY",
    "physical_delivery_address": "950 KAMEHAMEHA HWY",
    "physical_city": "PEARL CITY",
    "physical_state": "HI",
    "physical_zip": "96782",
    "physical_zip4": "9998"
  },
  {
    "area_name": "WESTPAC",
    "area_code": "4E",
    "district_name": "HAWAII",
    "district_no": "967",
    "delivery_zipcode": "96703",
    "locale_name": "ANAHOLA",
    "physical_delivery_address": "4-4350 KUHIO HWY",
    "physical_city": "ANAHOLA",
    "physical_state": "HI",
    "physical_zip": "96703",
    "physical_zip4": "9997"
  },
  {
    "area_name": "WESTPAC",
    "area_code": "4E",
    "district_name": "HAWAII",
    "district_no": "967",
    "delivery_zipcode": "96704",
    "locale_name": "CAPTAIN COOK",
    "physical_delivery_address": "82-6110 MAMALAHOA HWY",
    "physical_city": "CAPTAIN COOK",
    "physical_state": "HI",
    "physical_zip": "96704",
    "physical_zip4": "9998"
  },
  {
    "area_name": "WESTPAC",
    "area_code": "4E",
    "district_name": "HAWAII",
    "district_no": "967",
    "delivery_zipcode": "96704",
    "locale_name": "KEALAKEKUA",
    "physical_delivery_address": "81-990 HALEKII ST",
    "physical_city": "KEALAKEKUA",
    "physical_state": "HI",
    "physical_zip": "96750",
    "physical_zip4": "9998"
  },
  {
    "area_name": "WESTPAC",
    "area_code": "4E",
    "district_name": "HAWAII",
    "district_no": "967",
    "delivery_zipcode": "96705",
    "locale_name": "ELEELE",
    "physical_delivery_address": "4485 WAIALO RD",
    "physical_city": "ELEELE",
    "physical_state": "HI",
    "physical_zip": "96705",
    "physical_zip4": "9997"
  },
  {
    "area_name": "WESTPAC",
    "area_code": "4E",
    "district_name": "HAWAII",
    "district_no": "967",
    "delivery_zipcode": "96706",
    "locale_name": "EWA BEACH",
    "physical_delivery_address": "91-760 PAPIPI RD",
    "physical_city": "EWA BEACH",
    "physical_state": "HI",
    "physical_zip": "96706",
    "physical_zip4": "9998"
  },
  {
    "area_name": "WESTPAC",
    "area_code": "4E",
    "district_name": "HAWAII",
    "district_no": "967",
    "delivery_zipcode": "96706",
    "locale_name": "EWA STATION",
    "physical_delivery_address": "91-1202 RENTON RD",
    "physical_city": "EWA BEACH",
    "physical_state": "HI",
    "physical_zip": "96706",
    "physical_zip4": "1999"
  },
  {
    "area_name": "WESTPAC",
    "area_code": "4E",
    "district_name": "HAWAII",
    "district_no": "967",
    "delivery_zipcode": "96707",
    "locale_name": "BARBERS POINT",
    "physical_delivery_address": "91-1049 LEXINGTON ST",
    "physical_city": "KAPOLEI",
    "physical_state": "HI",
    "physical_zip": "96707",
    "physical_zip4": "9996"
  },
  {
    "area_name": "WESTPAC",
    "area_code": "4E",
    "district_name": "HAWAII",
    "district_no": "967",
    "delivery_zipcode": "96707",
    "locale_name": "WAIPAHU",
    "physical_delivery_address": "94-245 LEOKU ST",
    "physical_city": "WAIPAHU",
    "physical_state": "HI",
    "physical_zip": "96797",
    "physical_zip4": "9998"
  },
  {
    "area_name": "WESTPAC",
    "area_code": "4E",
    "district_name": "HAWAII",
    "district_no": "967",
    "delivery_zipcode": "96708",
    "locale_name": "HAIKU",
    "physical_delivery_address": "770 HAIKU RD",
    "physical_city": "HAIKU",
    "physical_state": "HI",
    "physical_zip": "96708",
    "physical_zip4": "9998"
  },
  {
    "area_name": "WESTPAC",
    "area_code": "4E",
    "district_name": "HAWAII",
    "district_no": "967",
    "delivery_zipcode": "96709",
    "locale_name": "KAPOLEI",
    "physical_delivery_address": "1001 KAMOKILA BLVD STE 115",
    "physical_city": "KAPOLEI",
    "physical_state": "HI",
    "physical_zip": "96707",
    "physical_zip4": "9997"
  },
  {
    "area_name": "WESTPAC",
    "area_code": "4E",
    "district_name": "HAWAII",
    "district_no": "967",
    "delivery_zipcode": "96710",
    "locale_name": "HONOMU",
    "physical_delivery_address": "28-171 HONOMU RD",
    "physical_city": "HONOMU",
    "physical_state": "HI",
    "physical_zip": "96728",
    "physical_zip4": "9997"
  },
  {
    "area_name": "WESTPAC",
    "area_code": "4E",
    "district_name": "HAWAII",
    "district_no": "967",
    "delivery_zipcode": "96712",
    "locale_name": "HALEIWA",
    "physical_delivery_address": "66-437 KAMEHAMEHA HWY STE 102",
    "physical_city": "HALEIWA",
    "physical_state": "HI",
    "physical_zip": "96712",
    "physical_zip4": "9998"
  },
  {
    "area_name": "WESTPAC",
    "area_code": "4E",
    "district_name": "HAWAII",
    "district_no": "967",
    "delivery_zipcode": "96712",
    "locale_name": "WAIALUA",
    "physical_delivery_address": "67-079 NAUAHI ST",
    "physical_city": "WAIALUA",
    "physical_state": "HI",
    "physical_zip": "96791",
    "physical_zip4": "9998"
  },
  {
    "area_name": "WESTPAC",
    "area_code": "4E",
    "district_name": "HAWAII",
    "district_no": "967",
    "delivery_zipcode": "96713",
    "locale_name": "HANA",
    "physical_delivery_address": "1 MILL ST",
    "physical_city": "HANA",
    "physical_state": "HI",
    "physical_zip": "96713",
    "physical_zip4": "9997"
  },
  {
    "area_name": "WESTPAC",
    "area_code": "4E",
    "district_name": "HAWAII",
    "district_no": "967",
    "delivery_zipcode": "96714",
    "locale_name": "HANALEI",
    "physical_delivery_address": "5-5226 KUHIO HWY",
    "physical_city": "HANALEI",
    "physical_state": "HI",
    "physical_zip": "96714",
    "physical_zip4": "9997"
  },
  {
    "area_name": "WESTPAC",
    "area_code": "4E",
    "district_name": "HAWAII",
    "district_no": "967",
    "delivery_zipcode": "96715",
    "locale_name": "LIHUE",
    "physical_delivery_address": "4441 RICE ST",
    "physical_city": "LIHUE",
    "physical_state": "HI",
    "physical_zip": "96766",
    "physical_zip4": "9998"
  },
  {
    "area_name": "WESTPAC",
    "area_code": "4E",
    "district_name": "HAWAII",
    "district_no": "967",
    "delivery_zipcode": "96716",
    "locale_name": "HANAPEPE",
    "physical_delivery_address": "3817 KONA RD",
    "physical_city": "HANAPEPE",
    "physical_state": "HI",
    "physical_zip": "96716",
    "physical_zip4": "9997"
  },
  {
    "area_name": "WESTPAC",
    "area_code": "4E",
    "district_name": "HAWAII",
    "district_no": "967",
    "delivery_zipcode": "96717",
    "locale_name": "HAUULA",
    "physical_delivery_address": "54-316 KAMEHAMEHA HWY",
    "physical_city": "HAUULA",
    "physical_state": "HI",
    "physical_zip": "96717",
    "physical_zip4": "9998"
  },
  {
    "area_name": "WESTPAC",
    "area_code": "4E",
    "district_name": "HAWAII",
    "district_no": "967",
    "delivery_zipcode": "96718",
    "locale_name": "HAWAII NATIONAL PARK",
    "physical_delivery_address": "1 KILAUEA MILITARY CP",
    "physical_city": "HAWAII NATIONAL PARK",
    "physical_state": "HI",
    "physical_zip": "96718",
    "physical_zip4": "9997"
  },
  {
    "area_name": "WESTPAC",
    "area_code": "4E",
    "district_name": "HAWAII",
    "district_no": "967",
    "delivery_zipcode": "96719",
    "locale_name": "HAWI",
    "physical_delivery_address": "55-515 HAWI RD",
    "physical_city": "HAWI",
    "physical_state": "HI",
    "physical_zip": "96719",
    "physical_zip4": "9997"
  },
  {
    "area_name": "WESTPAC",
    "area_code": "4E",
    "district_name": "HAWAII",
    "district_no": "967",
    "delivery_zipcode": "96720",
    "locale_name": "HILO",
    "physical_delivery_address": "1299 KEKUANAOA ST",
    "physical_city": "HILO",
    "physical_state": "HI",
    "physical_zip": "96720",
    "physical_zip4": "9998"
  },
  {
    "area_name": "WESTPAC",
    "area_code": "4E",
    "district_name": "HAWAII",
    "district_no": "967",
    "delivery_zipcode": "96721",
    "locale_name": "DOWNTOWN HILO",
    "physical_delivery_address": "154 WAIANUENUE AVE STE 1",
    "physical_city": "HILO",
    "physical_state": "HI",
    "physical_zip": "96720",
    "physical_zip4": "2452"
  },
  {
    "area_name": "WESTPAC",
    "area_code": "4E",
    "district_name": "HAWAII",
    "district_no": "967",
    "delivery_zipcode": "96722",
    "locale_name": "KILAUEA",
    "physical_delivery_address": "2585 ALA NAMAHANA PKWY",
    "physical_city": "KILAUEA",
    "physical_state": "HI",
    "physical_zip": "96754",
    "physical_zip4": "5389"
  },
  {
    "area_name": "WESTPAC",
    "area_code": "4E",
    "district_name": "HAWAII",
    "district_no": "967",
    "delivery_zipcode": "96722",
    "locale_name": "PRINCEVILLE",
    "physical_delivery_address": "5-4280 KUHIO HWY",
    "physical_city": "PRINCEVILLE",
    "physical_state": "HI",
    "physical_zip": "96722",
    "physical_zip4": "5438"
  },
  {
    "area_name": "WESTPAC",
    "area_code": "4E",
    "district_name": "HAWAII",
    "district_no": "967",
    "delivery_zipcode": "96725",
    "locale_name": "HOLUALOA",
    "physical_delivery_address": "76-5921 MAMALAHOA HWY",
    "physical_city": "HOLUALOA",
    "physical_state": "HI",
    "physical_zip": "96725",
    "physical_zip4": "9998"
  },
  {
    "area_name": "WESTPAC",
    "area_code": "4E",
    "district_name": "HAWAII",
    "district_no": "967",
    "delivery_zipcode": "96726",
    "locale_name": "HONAUNAU",
    "physical_delivery_address": "84-4840 CITY OF REFUGE RD",
    "physical_city": "HONAUNAU",
    "physical_state": "HI",
    "physical_zip": "96726",
    "physical_zip4": "9997"
  },
  {
    "area_name": "WESTPAC",
    "area_code": "4E",
    "district_name": "HAWAII",
    "district_no": "967",
    "delivery_zipcode": "96727",
    "locale_name": "HONOKAA",
    "physical_delivery_address": "45-490 LEHUA ST",
    "physical_city": "HONOKAA",
    "physical_state": "HI",
    "physical_zip": "96727",
    "physical_zip4": "9998"
  },
  {
    "area_name": "WESTPAC",
    "area_code": "4E",
    "district_name": "HAWAII",
    "district_no": "967",
    "delivery_zipcode": "96727",
    "locale_name": "KUKUIHAELE",
    "physical_delivery_address": "48-5300 KUKUIHAELE RD",
    "physical_city": "HONOKAA",
    "physical_state": "HI",
    "physical_zip": "96727",
    "physical_zip4": "7211"
  },
  {
    "area_name": "WESTPAC",
    "area_code": "4E",
    "district_name": "HAWAII",
    "district_no": "967",
    "delivery_zipcode": "96728",
    "locale_name": "HONOMU",
    "physical_delivery_address": "28-171 HONOMU RD",
    "physical_city": "HONOMU",
    "physical_state": "HI",
    "physical_zip": "96728",
    "physical_zip4": "9997"
  },
  {
    "area_name": "WESTPAC",
    "area_code": "4E",
    "district_name": "HAWAII",
    "district_no": "967",
    "delivery_zipcode": "96729",
    "locale_name": "HOOLEHUA",
    "physical_delivery_address": "69-2 PUUPEELUA AVE",
    "physical_city": "HOOLEHUA",
    "physical_state": "HI",
    "physical_zip": "96729",
    "physical_zip4": "9997"
  },
  {
    "area_name": "WESTPAC",
    "area_code": "4E",
    "district_name": "HAWAII",
    "district_no": "967",
    "delivery_zipcode": "96730",
    "locale_name": "KAAAWA",
    "physical_delivery_address": "51-480 KAMEHAMEHA HWY STE 101",
    "physical_city": "KAAAWA",
    "physical_state": "HI",
    "physical_zip": "96730",
    "physical_zip4": "9998"
  },
  {
    "area_name": "WESTPAC",
    "area_code": "4E",
    "district_name": "HAWAII",
    "district_no": "967",
    "delivery_zipcode": "96731",
    "locale_name": "KAHUKU",
    "physical_delivery_address": "56-565 KAMEHAMEHA HWY",
    "physical_city": "KAHUKU",
    "physical_state": "HI",
    "physical_zip": "96731",
    "physical_zip4": "9998"
  },
  {
    "area_name": "WESTPAC",
    "area_code": "4E",
    "district_name": "HAWAII",
    "district_no": "967",
    "delivery_zipcode": "96731",
    "locale_name": "LAIE",
    "physical_delivery_address": "55-510 KAMEHAMEHA HWY STE 20",
    "physical_city": "LAIE",
    "physical_state": "HI",
    "physical_zip": "96762",
    "physical_zip4": "9998"
  },
  {
    "area_name": "WESTPAC",
    "area_code": "4E",
    "district_name": "HAWAII",
    "district_no": "967",
    "delivery_zipcode": "96732",
    "locale_name": "KAHULUI",
    "physical_delivery_address": "138 S PUUNENE AVE",
    "physical_city": "KAHULUI",
    "physical_state": "HI",
    "physical_zip": "96732",
    "physical_zip4": "9998"
  },
  {
    "area_name": "WESTPAC",
    "area_code": "4E",
    "district_name": "HAWAII",
    "district_no": "967",
    "delivery_zipcode": "96733",
    "locale_name": "KAHULUI",
    "physical_delivery_address": "138 S PUUNENE AVE",
    "physical_city": "KAHULUI",
    "physical_state": "HI",
    "physical_zip": "96732",
    "physical_zip4": "9998"
  },
  {
    "area_name": "WESTPAC",
    "area_code": "4E",
    "district_name": "HAWAII",
    "district_no": "967",
    "delivery_zipcode": "96734",
    "locale_name": "KAILUA",
    "physical_delivery_address": "335 HAHANI ST",
    "physical_city": "KAILUA",
    "physical_state": "HI",
    "physical_zip": "96734",
    "physical_zip4": "9998"
  },
  {
    "area_name": "WESTPAC",
    "area_code": "4E",
    "district_name": "HAWAII",
    "district_no": "967",
    "delivery_zipcode": "96737",
    "locale_name": "OCEAN VIEW",
    "physical_delivery_address": "92-8678 LOTUS BLOSSOM LN STE 4",
    "physical_city": "OCEAN VIEW",
    "physical_state": "HI",
    "physical_zip": "96737",
    "physical_zip4": "9996"
  },
  {
    "area_name": "WESTPAC",
    "area_code": "4E",
    "district_name": "HAWAII",
    "district_no": "967",
    "delivery_zipcode": "96738",
    "locale_name": "WAIKOLOA",
    "physical_delivery_address": "68-1875 PUA MELIA ST",
    "physical_city": "WAIKOLOA",
    "physical_state": "HI",
    "physical_zip": "96738",
    "physical_zip4": "9998"
  },
  {
    "area_name": "WESTPAC",
    "area_code": "4E",
    "district_name": "HAWAII",
    "district_no": "967",
    "delivery_zipcode": "96739",
    "locale_name": "KAILUA KONA",
    "physical_delivery_address": "75-971 HENRY ST BLDG 6",
    "physical_city": "KAILUA KONA",
    "physical_state": "HI",
    "physical_zip": "96740",
    "physical_zip4": "9996"
  },
  {
    "area_name": "WESTPAC",
    "area_code": "4E",
    "district_name": "HAWAII",
    "district_no": "967",
    "delivery_zipcode": "96740",
    "locale_name": "KAILUA KONA",
    "physical_delivery_address": "75-971 HENRY ST BLDG 6",
    "physical_city": "KAILUA KONA",
    "physical_state": "HI",
    "physical_zip": "96740",
    "physical_zip4": "9996"
  },
  {
    "area_name": "WESTPAC",
    "area_code": "4E",
    "district_name": "HAWAII",
    "district_no": "967",
    "delivery_zipcode": "96741",
    "locale_name": "KALAHEO",
    "physical_delivery_address": "4489 PAPALINA RD",
    "physical_city": "KALAHEO",
    "physical_state": "HI",
    "physical_zip": "96741",
    "physical_zip4": "9998"
  },
  {
    "area_name": "WESTPAC",
    "area_code": "4E",
    "district_name": "HAWAII",
    "district_no": "967",
    "delivery_zipcode": "96742",
    "locale_name": "KALAUPAPA",
    "physical_delivery_address": "290 BERETANIA ST",
    "physical_city": "KALAUPAPA",
    "physical_state": "HI",
    "physical_zip": "96742",
    "physical_zip4": "9997"
  },
  {
    "area_name": "WESTPAC",
    "area_code": "4E",
    "district_name": "HAWAII",
    "district_no": "967",
    "delivery_zipcode": "96743",
    "locale_name": "KAMUELA",
    "physical_delivery_address": "67-1197 MAMALAHOA HWY",
    "physical_city": "KAMUELA",
    "physical_state": "HI",
    "physical_zip": "96743",
    "physical_zip4": "9998"
  },
  {
    "area_name": "WESTPAC",
    "area_code": "4E",
    "district_name": "HAWAII",
    "district_no": "967",
    "delivery_zipcode": "96743",
    "locale_name": "KAWAIHAE NPU",
    "physical_delivery_address": "61-3657 AKONI PULE HWY",
    "physical_city": "KAMUELA",
    "physical_state": "HI",
    "physical_zip": "96743",
    "physical_zip4": "7709"
  },
  {
    "area_name": "WESTPAC",
    "area_code": "4E",
    "district_name": "HAWAII",
    "district_no": "967",
    "delivery_zipcode": "96744",
    "locale_name": "KANEOHE",
    "physical_delivery_address": "46-036 KAMEHAMEHA HWY",
    "physical_city": "KANEOHE",
    "physical_state": "HI",
    "physical_zip": "96744",
    "physical_zip4": "9998"
  },
  {
    "area_name": "WESTPAC",
    "area_code": "4E",
    "district_name": "HAWAII",
    "district_no": "967",
    "delivery_zipcode": "96745",
    "locale_name": "KAILUA KONA",
    "physical_delivery_address": "75-971 HENRY ST BLDG 6",
    "physical_city": "KAILUA KONA",
    "physical_state": "HI",
    "physical_zip": "96740",
    "physical_zip4": "9996"
  },
  {
    "area_name": "WESTPAC",
    "area_code": "4E",
    "district_name": "HAWAII",
    "district_no": "967",
    "delivery_zipcode": "96746",
    "locale_name": "KAPAA",
    "physical_delivery_address": "4-1101 KUHIO HWY",
    "physical_city": "KAPAA",
    "physical_state": "HI",
    "physical_zip": "96746",
    "physical_zip4": "9998"
  },
  {
    "area_name": "WESTPAC",
    "area_code": "4E",
    "district_name": "HAWAII",
    "district_no": "967",
    "delivery_zipcode": "96747",
    "locale_name": "KAUMAKANI",
    "physical_delivery_address": "1-2600 KAUMUALII HWY",
    "physical_city": "KAUMAKANI",
    "physical_state": "HI",
    "physical_zip": "96747",
    "physical_zip4": "9997"
  },
  {
    "area_name": "WESTPAC",
    "area_code": "4E",
    "district_name": "HAWAII",
    "district_no": "967",
    "delivery_zipcode": "96748",
    "locale_name": "KAUNAKAKAI",
    "physical_delivery_address": "120 ALA MALAMA ST",
    "physical_city": "KAUNAKAKAI",
    "physical_state": "HI",
    "physical_zip": "96748",
    "physical_zip4": "8697"
  },
  {
    "area_name": "WESTPAC",
    "area_code": "4E",
    "district_name": "HAWAII",
    "district_no": "967",
    "delivery_zipcode": "96749",
    "locale_name": "KEAAU",
    "physical_delivery_address": "16-578 OLD VOLCANO RD",
    "physical_city": "KEAAU",
    "physical_state": "HI",
    "physical_zip": "96749",
    "physical_zip4": "9998"
  },
  {
    "area_name": "WESTPAC",
    "area_code": "4E",
    "district_name": "HAWAII",
    "district_no": "967",
    "delivery_zipcode": "96750",
    "locale_name": "KEALAKEKUA",
    "physical_delivery_address": "81-990 HALEKII ST",
    "physical_city": "KEALAKEKUA",
    "physical_state": "HI",
    "physical_zip": "96750",
    "physical_zip4": "9998"
  },
  {
    "area_name": "WESTPAC",
    "area_code": "4E",
    "district_name": "HAWAII",
    "district_no": "967",
    "delivery_zipcode": "96752",
    "locale_name": "KEKAHA",
    "physical_delivery_address": "8230 KEKAHA RD",
    "physical_city": "KEKAHA",
    "physical_state": "HI",
    "physical_zip": "96752",
    "physical_zip4": "9997"
  },
  {
    "area_name": "WESTPAC",
    "area_code": "4E",
    "district_name": "HAWAII",
    "district_no": "967",
    "delivery_zipcode": "96753",
    "locale_name": "KIHEI",
    "physical_delivery_address": "1254 S KIHEI RD",
    "physical_city": "KIHEI",
    "physical_state": "HI",
    "physical_zip": "96753",
    "physical_zip4": "9998"
  },
  {
    "area_name": "WESTPAC",
    "area_code": "4E",
    "district_name": "HAWAII",
    "district_no": "967",
    "delivery_zipcode": "96754",
    "locale_name": "KILAUEA",
    "physical_delivery_address": "2585 ALA NAMAHANA PKWY",
    "physical_city": "KILAUEA",
    "physical_state": "HI",
    "physical_zip": "96754",
    "physical_zip4": "5389"
  },
  {
    "area_name": "WESTPAC",
    "area_code": "4E",
    "district_name": "HAWAII",
    "district_no": "967",
    "delivery_zipcode": "96755",
    "locale_name": "KAPAAU",
    "physical_delivery_address": "54-396 UNION MILL RD",
    "physical_city": "KAPAAU",
    "physical_state": "HI",
    "physical_zip": "96755",
    "physical_zip4": "9997"
  },
  {
    "area_name": "WESTPAC",
    "area_code": "4E",
    "district_name": "HAWAII",
    "district_no": "967",
    "delivery_zipcode": "96756",
    "locale_name": "KOLOA",
    "physical_delivery_address": "5485 KOLOA RD",
    "physical_city": "KOLOA",
    "physical_state": "HI",
    "physical_zip": "96756",
    "physical_zip4": "9998"
  },
  {
    "area_name": "WESTPAC",
    "area_code": "4E",
    "district_name": "HAWAII",
    "district_no": "967",
    "delivery_zipcode": "96757",
    "locale_name": "KUALAPUU",
    "physical_delivery_address": "308 FARRINGTON AVE",
    "physical_city": "KUALAPUU",
    "physical_state": "HI",
    "physical_zip": "96757",
    "physical_zip4": "9997"
  },
  {
    "area_name": "WESTPAC",
    "area_code": "4E",
    "district_name": "HAWAII",
    "district_no": "967",
    "delivery_zipcode": "96759",
    "locale_name": "KUNIA",
    "physical_delivery_address": "92-1770 KUNIA RD",
    "physical_city": "KUNIA",
    "physical_state": "HI",
    "physical_zip": "96759",
    "physical_zip4": "9997"
  },
  {
    "area_name": "WESTPAC",
    "area_code": "4E",
    "district_name": "HAWAII",
    "district_no": "967",
    "delivery_zipcode": "96760",
    "locale_name": "KURTISTOWN",
    "physical_delivery_address": "17-345 VOLCANO RD",
    "physical_city": "KURTISTOWN",
    "physical_state": "HI",
    "physical_zip": "96760",
    "physical_zip4": "9997"
  },
  {
    "area_name": "WESTPAC",
    "area_code": "4E",
    "district_name": "HAWAII",
    "district_no": "967",
    "delivery_zipcode": "96761",
    "locale_name": "LAHAINA",
    "physical_delivery_address": "1760 HONOAPIILANI HWY",
    "physical_city": "LAHAINA",
    "physical_state": "HI",
    "physical_zip": "96761",
    "physical_zip4": "9998"
  },
  {
    "area_name": "WESTPAC",
    "area_code": "4E",
    "district_name": "HAWAII",
    "district_no": "967",
    "delivery_zipcode": "96762",
    "locale_name": "LAIE",
    "physical_delivery_address": "55-510 KAMEHAMEHA HWY STE 20",
    "physical_city": "LAIE",
    "physical_state": "HI",
    "physical_zip": "96762",
    "physical_zip4": "9998"
  },
  {
    "area_name": "WESTPAC",
    "area_code": "4E",
    "district_name": "HAWAII",
    "district_no": "967",
    "delivery_zipcode": "96763",
    "locale_name": "LANAI CITY",
    "physical_delivery_address": "620 JACARANDA ST",
    "physical_city": "LANAI CITY",
    "physical_state": "HI",
    "physical_zip": "96763",
    "physical_zip4": "9997"
  },
  {
    "area_name": "WESTPAC",
    "area_code": "4E",
    "district_name": "HAWAII",
    "district_no": "967",
    "delivery_zipcode": "96764",
    "locale_name": "LAUPAHOEHOE",
    "physical_delivery_address": "36-2281 MAMALAHOA HWY",
    "physical_city": "LAUPAHOEHOE",
    "physical_state": "HI",
    "physical_zip": "96764",
    "physical_zip4": "9997"
  },
  {
    "area_name": "WESTPAC",
    "area_code": "4E",
    "district_name": "HAWAII",
    "district_no": "967",
    "delivery_zipcode": "96765",
    "locale_name": "LAWAI",
    "physical_delivery_address": "2-3675 KAUMUALII HWY",
    "physical_city": "LAWAI",
    "physical_state": "HI",
    "physical_zip": "96765",
    "physical_zip4": "9997"
  },
  {
    "area_name": "WESTPAC",
    "area_code": "4E",
    "district_name": "HAWAII",
    "district_no": "967",
    "delivery_zipcode": "96766",
    "locale_name": "LIHUE",
    "physical_delivery_address": "4441 RICE ST",
    "physical_city": "LIHUE",
    "physical_state": "HI",
    "physical_zip": "96766",
    "physical_zip4": "9998"
  },
  {
    "area_name": "WESTPAC",
    "area_code": "4E",
    "district_name": "HAWAII",
    "district_no": "967",
    "delivery_zipcode": "96766",
    "locale_name": "LIHUE CARRIER ANNEX",
    "physical_delivery_address": "3230 KAPULE HWY",
    "physical_city": "LIHUE",
    "physical_state": "HI",
    "physical_zip": "96766",
    "physical_zip4": "1488"
  },
  {
    "area_name": "WESTPAC",
    "area_code": "4E",
    "district_name": "HAWAII",
    "district_no": "967",
    "delivery_zipcode": "96767",
    "locale_name": "LAHAINA",
    "physical_delivery_address": "1760 HONOAPIILANI HWY",
    "physical_city": "LAHAINA",
    "physical_state": "HI",
    "physical_zip": "96761",
    "physical_zip4": "9998"
  },
  {
    "area_name": "WESTPAC",
    "area_code": "4E",
    "district_name": "HAWAII",
    "district_no": "967",
    "delivery_zipcode": "96768",
    "locale_name": "MAKAWAO",
    "physical_delivery_address": "1075 MAKAWAO AVE",
    "physical_city": "MAKAWAO",
    "physical_state": "HI",
    "physical_zip": "96768",
    "physical_zip4": "9998"
  },
  {
    "area_name": "WESTPAC",
    "area_code": "4E",
    "district_name": "HAWAII",
    "district_no": "967",
    "delivery_zipcode": "96769",
    "locale_name": "MAKAWELI",
    "physical_delivery_address": "1-1100 KAUMUALII HWY",
    "physical_city": "MAKAWELI",
    "physical_state": "HI",
    "physical_zip": "96769",
    "physical_zip4": "9997"
  },
  {
    "area_name": "WESTPAC",
    "area_code": "4E",
    "district_name": "HAWAII",
    "district_no": "967",
    "delivery_zipcode": "96770",
    "locale_name": "MAUNALOA",
    "physical_delivery_address": "2 MAUNALOA RD BLDG 2",
    "physical_city": "MAUNALOA",
    "physical_state": "HI",
    "physical_zip": "96770",
    "physical_zip4": "9997"
  },
  {
    "area_name": "WESTPAC",
    "area_code": "4E",
    "district_name": "HAWAII",
    "district_no": "967",
    "delivery_zipcode": "96771",
    "locale_name": "MOUNTAIN VIEW",
    "physical_delivery_address": "18-1350 VOLCANO RD",
    "physical_city": "MOUNTAIN VIEW",
    "physical_state": "HI",
    "physical_zip": "96771",
    "physical_zip4": "9997"
  },
  {
    "area_name": "WESTPAC",
    "area_code": "4E",
    "district_name": "HAWAII",
    "district_no": "967",
    "delivery_zipcode": "96772",
    "locale_name": "NAALEHU",
    "physical_delivery_address": "95-5663 MAMALAHOA HWY",
    "physical_city": "NAALEHU",
    "physical_state": "HI",
    "physical_zip": "96772",
    "physical_zip4": "9997"
  },
  {
    "area_name": "WESTPAC",
    "area_code": "4E",
    "district_name": "HAWAII",
    "district_no": "967",
    "delivery_zipcode": "96773",
    "locale_name": "NINOLE",
    "physical_delivery_address": "32-942 MAMALAHOA HWY",
    "physical_city": "NINOLE",
    "physical_state": "HI",
    "physical_zip": "96773",
    "physical_zip4": "9997"
  },
  {
    "area_name": "WESTPAC",
    "area_code": "4E",
    "district_name": "HAWAII",
    "district_no": "967",
    "delivery_zipcode": "96774",
    "locale_name": "PAAUILO",
    "physical_delivery_address": "43-1355 MAMALAHOA HWY",
    "physical_city": "PAAUILO",
    "physical_state": "HI",
    "physical_zip": "96776",
    "physical_zip4": "9997"
  },
  {
    "area_name": "WESTPAC",
    "area_code": "4E",
    "district_name": "HAWAII",
    "district_no": "967",
    "delivery_zipcode": "96776",
    "locale_name": "PAAUILO",
    "physical_delivery_address": "43-1355 MAMALAHOA HWY",
    "physical_city": "PAAUILO",
    "physical_state": "HI",
    "physical_zip": "96776",
    "physical_zip4": "9997"
  },
  {
    "area_name": "WESTPAC",
    "area_code": "4E",
    "district_name": "HAWAII",
    "district_no": "967",
    "delivery_zipcode": "96777",
    "locale_name": "PAHALA",
    "physical_delivery_address": "96-3163 PIKAKE ST",
    "physical_city": "PAHALA",
    "physical_state": "HI",
    "physical_zip": "96777",
    "physical_zip4": "9997"
  },
  {
    "area_name": "WESTPAC",
    "area_code": "4E",
    "district_name": "HAWAII",
    "district_no": "967",
    "delivery_zipcode": "96778",
    "locale_name": "PAHOA",
    "physical_delivery_address": "15-2859 PAHOA VILLAGE RD",
    "physical_city": "PAHOA",
    "physical_state": "HI",
    "physical_zip": "96778",
    "physical_zip4": "9998"
  },
  {
    "area_name": "WESTPAC",
    "area_code": "4E",
    "district_name": "HAWAII",
    "district_no": "967",
    "delivery_zipcode": "96779",
    "locale_name": "PAIA",
    "physical_delivery_address": "120 BALDWIN AVE",
    "physical_city": "PAIA",
    "physical_state": "HI",
    "physical_zip": "96779",
    "physical_zip4": "9998"
  },
  {
    "area_name": "WESTPAC",
    "area_code": "4E",
    "district_name": "HAWAII",
    "district_no": "967",
    "delivery_zipcode": "96780",
    "locale_name": "PAPAALOA",
    "physical_delivery_address": "35-2032 OLD MAMALAHOA HWY",
    "physical_city": "PAPAALOA",
    "physical_state": "HI",
    "physical_zip": "96780",
    "physical_zip4": "9997"
  },
  {
    "area_name": "WESTPAC",
    "area_code": "4E",
    "district_name": "HAWAII",
    "district_no": "967",
    "delivery_zipcode": "96781",
    "locale_name": "PAPAIKOU",
    "physical_delivery_address": "27-250 OLD MAMALAHOA HWY",
    "physical_city": "PAPAIKOU",
    "physical_state": "HI",
    "physical_zip": "96781",
    "physical_zip4": "7735"
  },
  {
    "area_name": "WESTPAC",
    "area_code": "4E",
    "district_name": "HAWAII",
    "district_no": "967",
    "delivery_zipcode": "96782",
    "locale_name": "PEARL CITY",
    "physical_delivery_address": "950 KAMEHAMEHA HWY",
    "physical_city": "PEARL CITY",
    "physical_state": "HI",
    "physical_zip": "96782",
    "physical_zip4": "9998"
  },
  {
    "area_name": "WESTPAC",
    "area_code": "4E",
    "district_name": "HAWAII",
    "district_no": "967",
    "delivery_zipcode": "96783",
    "locale_name": "PEPEEKEO",
    "physical_delivery_address": "28-2825 MAMALAHOA HWY",
    "physical_city": "PEPEEKEO",
    "physical_state": "HI",
    "physical_zip": "96783",
    "physical_zip4": "8497"
  },
  {
    "area_name": "WESTPAC",
    "area_code": "4E",
    "district_name": "HAWAII",
    "district_no": "967",
    "delivery_zipcode": "96784",
    "locale_name": "KAHULUI",
    "physical_delivery_address": "138 S PUUNENE AVE",
    "physical_city": "KAHULUI",
    "physical_state": "HI",
    "physical_zip": "96732",
    "physical_zip4": "9998"
  },
  {
    "area_name": "WESTPAC",
    "area_code": "4E",
    "district_name": "HAWAII",
    "district_no": "967",
    "delivery_zipcode": "96785",
    "locale_name": "VOLCANO",
    "physical_delivery_address": "19-4030 OLD VOLCANO HWY",
    "physical_city": "VOLCANO",
    "physical_state": "HI",
    "physical_zip": "96785",
    "physical_zip4": "9997"
  },
  {
    "area_name": "WESTPAC",
    "area_code": "4E",
    "district_name": "HAWAII",
    "district_no": "967",
    "delivery_zipcode": "96786",
    "locale_name": "WAHIAWA",
    "physical_delivery_address": "115 LEHUA ST",
    "physical_city": "WAHIAWA",
    "physical_state": "HI",
    "physical_zip": "96786",
    "physical_zip4": "9998"
  },
  {
    "area_name": "WESTPAC",
    "area_code": "4E",
    "district_name": "HAWAII",
    "district_no": "967",
    "delivery_zipcode": "96788",
    "locale_name": "PUKALANI",
    "physical_delivery_address": "55 PUKALANI ST STE 12",
    "physical_city": "MAKAWAO",
    "physical_state": "HI",
    "physical_zip": "96768",
    "physical_zip4": "8544"
  },
  {
    "area_name": "WESTPAC",
    "area_code": "4E",
    "district_name": "HAWAII",
    "district_no": "967",
    "delivery_zipcode": "96789",
    "locale_name": "MILILANI",
    "physical_delivery_address": "95-1030 MEHEULA PKWY",
    "physical_city": "MILILANI",
    "physical_state": "HI",
    "physical_zip": "96789",
    "physical_zip4": "9998"
  },
  {
    "area_name": "WESTPAC",
    "area_code": "4E",
    "district_name": "HAWAII",
    "district_no": "967",
    "delivery_zipcode": "96790",
    "locale_name": "KULA",
    "physical_delivery_address": "4450 KULA HWY",
    "physical_city": "KULA",
    "physical_state": "HI",
    "physical_zip": "96790",
    "physical_zip4": "9998"
  },
  {
    "area_name": "WESTPAC",
    "area_code": "4E",
    "district_name": "HAWAII",
    "district_no": "967",
    "delivery_zipcode": "96791",
    "locale_name": "WAIALUA",
    "physical_delivery_address": "67-079 NAUAHI ST",
    "physical_city": "WAIALUA",
    "physical_state": "HI",
    "physical_zip": "96791",
    "physical_zip4": "9998"
  },
  {
    "area_name": "WESTPAC",
    "area_code": "4E",
    "district_name": "HAWAII",
    "district_no": "967",
    "delivery_zipcode": "96792",
    "locale_name": "NANAKULI",
    "physical_delivery_address": "87-2070 FARRINGTON HWY STE J",
    "physical_city": "WAIANAE",
    "physical_state": "HI",
    "physical_zip": "96792",
    "physical_zip4": "3798"
  },
  {
    "area_name": "WESTPAC",
    "area_code": "4E",
    "district_name": "HAWAII",
    "district_no": "967",
    "delivery_zipcode": "96792",
    "locale_name": "WAIANAE",
    "physical_delivery_address": "86-014 FARRINGTON HWY",
    "physical_city": "WAIANAE",
    "physical_state": "HI",
    "physical_zip": "96792",
    "physical_zip4": "9998"
  },
  {
    "area_name": "WESTPAC",
    "area_code": "4E",
    "district_name": "HAWAII",
    "district_no": "967",
    "delivery_zipcode": "96793",
    "locale_name": "WAILUKU",
    "physical_delivery_address": "250 IMI KALA ST",
    "physical_city": "WAILUKU",
    "physical_state": "HI",
    "physical_zip": "96793",
    "physical_zip4": "9998"
  },
  {
    "area_name": "WESTPAC",
    "area_code": "4E",
    "district_name": "HAWAII",
    "district_no": "967",
    "delivery_zipcode": "96795",
    "locale_name": "WAIMANALO",
    "physical_delivery_address": "41-859 KALANIANAOLE HWY",
    "physical_city": "WAIMANALO",
    "physical_state": "HI",
    "physical_zip": "96795",
    "physical_zip4": "9998"
  },
  {
    "area_name": "WESTPAC",
    "area_code": "4E",
    "district_name": "HAWAII",
    "district_no": "967",
    "delivery_zipcode": "96796",
    "locale_name": "WAIMEA",
    "physical_delivery_address": "9911 WAIMEA RD",
    "physical_city": "WAIMEA",
    "physical_state": "HI",
    "physical_zip": "96796",
    "physical_zip4": "9997"
  },
  {
    "area_name": "WESTPAC",
    "area_code": "4E",
    "district_name": "HAWAII",
    "district_no": "967",
    "delivery_zipcode": "96797",
    "locale_name": "WAIPAHU",
    "physical_delivery_address": "94-245 LEOKU ST",
    "physical_city": "WAIPAHU",
    "physical_state": "HI",
    "physical_zip": "96797",
    "physical_zip4": "9998"
  },
  {
    "area_name": "WESTPAC",
    "area_code": "4E",
    "district_name": "HAWAII",
    "district_no": "967",
    "delivery_zipcode": "96801",
    "locale_name": "DOWNTOWN HONOLULU",
    "physical_delivery_address": "335 MERCHANT ST FL GROUND",
    "physical_city": "HONOLULU",
    "physical_state": "HI",
    "physical_zip": "96813",
    "physical_zip4": "9998"
  },
  {
    "area_name": "WESTPAC",
    "area_code": "4E",
    "district_name": "HAWAII",
    "district_no": "967",
    "delivery_zipcode": "96802",
    "locale_name": "DOWNTOWN HONOLULU",
    "physical_delivery_address": "335 MERCHANT ST FL GROUND",
    "physical_city": "HONOLULU",
    "physical_state": "HI",
    "physical_zip": "96813",
    "physical_zip4": "9998"
  },
  {
    "area_name": "WESTPAC",
    "area_code": "4E",
    "district_name": "HAWAII",
    "district_no": "967",
    "delivery_zipcode": "96803",
    "locale_name": "DOWNTOWN HONOLULU",
    "physical_delivery_address": "335 MERCHANT ST FL GROUND",
    "physical_city": "HONOLULU",
    "physical_state": "HI",
    "physical_zip": "96813",
    "physical_zip4": "9998"
  },
  {
    "area_name": "WESTPAC",
    "area_code": "4E",
    "district_name": "HAWAII",
    "district_no": "967",
    "delivery_zipcode": "96804",
    "locale_name": "DOWNTOWN HONOLULU",
    "physical_delivery_address": "335 MERCHANT ST FL GROUND",
    "physical_city": "HONOLULU",
    "physical_state": "HI",
    "physical_zip": "96813",
    "physical_zip4": "9998"
  },
  {
    "area_name": "WESTPAC",
    "area_code": "4E",
    "district_name": "HAWAII",
    "district_no": "967",
    "delivery_zipcode": "96805",
    "locale_name": "DOWNTOWN HONOLULU",
    "physical_delivery_address": "335 MERCHANT ST FL GROUND",
    "physical_city": "HONOLULU",
    "physical_state": "HI",
    "physical_zip": "96813",
    "physical_zip4": "9998"
  },
  {
    "area_name": "WESTPAC",
    "area_code": "4E",
    "district_name": "HAWAII",
    "district_no": "967",
    "delivery_zipcode": "96806",
    "locale_name": "DOWNTOWN HONOLULU",
    "physical_delivery_address": "335 MERCHANT ST FL GROUND",
    "physical_city": "HONOLULU",
    "physical_state": "HI",
    "physical_zip": "96813",
    "physical_zip4": "9998"
  },
  {
    "area_name": "WESTPAC",
    "area_code": "4E",
    "district_name": "HAWAII",
    "district_no": "967",
    "delivery_zipcode": "96807",
    "locale_name": "DOWNTOWN HONOLULU",
    "physical_delivery_address": "335 MERCHANT ST FL GROUND",
    "physical_city": "HONOLULU",
    "physical_state": "HI",
    "physical_zip": "96813",
    "physical_zip4": "9998"
  },
  {
    "area_name": "WESTPAC",
    "area_code": "4E",
    "district_name": "HAWAII",
    "district_no": "967",
    "delivery_zipcode": "96808",
    "locale_name": "DOWNTOWN HONOLULU",
    "physical_delivery_address": "335 MERCHANT ST FL GROUND",
    "physical_city": "HONOLULU",
    "physical_state": "HI",
    "physical_zip": "96813",
    "physical_zip4": "9998"
  },
  {
    "area_name": "WESTPAC",
    "area_code": "4E",
    "district_name": "HAWAII",
    "district_no": "967",
    "delivery_zipcode": "96809",
    "locale_name": "DOWNTOWN HONOLULU",
    "physical_delivery_address": "335 MERCHANT ST FL GROUND",
    "physical_city": "HONOLULU",
    "physical_state": "HI",
    "physical_zip": "96813",
    "physical_zip4": "9998"
  },
  {
    "area_name": "WESTPAC",
    "area_code": "4E",
    "district_name": "HAWAII",
    "district_no": "967",
    "delivery_zipcode": "96810",
    "locale_name": "DOWNTOWN HONOLULU",
    "physical_delivery_address": "335 MERCHANT ST FL GROUND",
    "physical_city": "HONOLULU",
    "physical_state": "HI",
    "physical_zip": "96813",
    "physical_zip4": "9998"
  },
  {
    "area_name": "WESTPAC",
    "area_code": "4E",
    "district_name": "HAWAII",
    "district_no": "967",
    "delivery_zipcode": "96811",
    "locale_name": "DOWNTOWN HONOLULU",
    "physical_delivery_address": "335 MERCHANT ST FL GROUND",
    "physical_city": "HONOLULU",
    "physical_state": "HI",
    "physical_zip": "96813",
    "physical_zip4": "9998"
  },
  {
    "area_name": "WESTPAC",
    "area_code": "4E",
    "district_name": "HAWAII",
    "district_no": "967",
    "delivery_zipcode": "96812",
    "locale_name": "DOWNTOWN HONOLULU",
    "physical_delivery_address": "335 MERCHANT ST FL GROUND",
    "physical_city": "HONOLULU",
    "physical_state": "HI",
    "physical_zip": "96813",
    "physical_zip4": "9998"
  },
  {
    "area_name": "WESTPAC",
    "area_code": "4E",
    "district_name": "HAWAII",
    "district_no": "967",
    "delivery_zipcode": "96813",
    "locale_name": "DOWNTOWN HONOLULU",
    "physical_delivery_address": "335 MERCHANT ST FL GROUND",
    "physical_city": "HONOLULU",
    "physical_state": "HI",
    "physical_zip": "96813",
    "physical_zip4": "9998"
  },
  {
    "area_name": "WESTPAC",
    "area_code": "4E",
    "district_name": "HAWAII",
    "district_no": "967",
    "delivery_zipcode": "96814",
    "locale_name": "DOWNTOWN HONOLULU",
    "physical_delivery_address": "335 MERCHANT ST FL GROUND",
    "physical_city": "HONOLULU",
    "physical_state": "HI",
    "physical_zip": "96813",
    "physical_zip4": "9998"
  },
  {
    "area_name": "WESTPAC",
    "area_code": "4E",
    "district_name": "HAWAII",
    "district_no": "967",
    "delivery_zipcode": "96815",
    "locale_name": "WAIKIKI",
    "physical_delivery_address": "330 SARATOGA RD",
    "physical_city": "HONOLULU",
    "physical_state": "HI",
    "physical_zip": "96815",
    "physical_zip4": "9998"
  },
  {
    "area_name": "WESTPAC",
    "area_code": "4E",
    "district_name": "HAWAII",
    "district_no": "967",
    "delivery_zipcode": "96816",
    "locale_name": "WAIALAE KAHALA",
    "physical_delivery_address": "4354 PAHOA AVE",
    "physical_city": "HONOLULU",
    "physical_state": "HI",
    "physical_zip": "96816",
    "physical_zip4": "9998"
  },
  {
    "area_name": "WESTPAC",
    "area_code": "4E",
    "district_name": "HAWAII",
    "district_no": "967",
    "delivery_zipcode": "96817",
    "locale_name": "KAPALAMA",
    "physical_delivery_address": "1271 N KING ST",
    "physical_city": "HONOLULU",
    "physical_state": "HI",
    "physical_zip": "96817",
    "physical_zip4": "9998"
  },
  {
    "area_name": "WESTPAC",
    "area_code": "4E",
    "district_name": "HAWAII",
    "district_no": "967",
    "delivery_zipcode": "96818",
    "locale_name": "MAIN OFFICE CARRIERS",
    "physical_delivery_address": "3600 AOLELE ST RM 400",
    "physical_city": "HONOLULU",
    "physical_state": "HI",
    "physical_zip": "96820",
    "physical_zip4": "9711"
  },
  {
    "area_name": "WESTPAC",
    "area_code": "4E",
    "district_name": "HAWAII",
    "district_no": "967",
    "delivery_zipcode": "96819",
    "locale_name": "SAND ISLAND CARRIER ANNEX",
    "physical_delivery_address": "91 SAND ISLAND ACCESS RD",
    "physical_city": "HONOLULU",
    "physical_state": "HI",
    "physical_zip": "96819",
    "physical_zip4": "9998"
  },
  {
    "area_name": "WESTPAC",
    "area_code": "4E",
    "district_name": "HAWAII",
    "district_no": "967",
    "delivery_zipcode": "96820",
    "locale_name": "HONOLULU",
    "physical_delivery_address": "3600 AOLELE ST RM 208C",
    "physical_city": "HONOLULU",
    "physical_state": "HI",
    "physical_zip": "96820",
    "physical_zip4": "9998"
  },
  {
    "area_name": "WESTPAC",
    "area_code": "4E",
    "district_name": "HAWAII",
    "district_no": "967",
    "delivery_zipcode": "96821",
    "locale_name": "HAWAII KAI",
    "physical_delivery_address": "7040 HAWAII KAI DR",
    "physical_city": "HONOLULU",
    "physical_state": "HI",
    "physical_zip": "96825",
    "physical_zip4": "9998"
  },
  {
    "area_name": "WESTPAC",
    "area_code": "4E",
    "district_name": "HAWAII",
    "district_no": "967",
    "delivery_zipcode": "96822",
    "locale_name": "MAKIKI",
    "physical_delivery_address": "1111 LUNALILO ST",
    "physical_city": "HONOLULU",
    "physical_state": "HI",
    "physical_zip": "96822",
    "physical_zip4": "9998"
  },
  {
    "area_name": "WESTPAC",
    "area_code": "4E",
    "district_name": "HAWAII",
    "district_no": "967",
    "delivery_zipcode": "96823",
    "locale_name": "MAKIKI",
    "physical_delivery_address": "1111 LUNALILO ST",
    "physical_city": "HONOLULU",
    "physical_state": "HI",
    "physical_zip": "96822",
    "physical_zip4": "9998"
  },
  {
    "area_name": "WESTPAC",
    "area_code": "4E",
    "district_name": "HAWAII",
    "district_no": "967",
    "delivery_zipcode": "96824",
    "locale_name": "AINA HAINA",
    "physical_delivery_address": "820 W HIND DR STE 128",
    "physical_city": "HONOLULU",
    "physical_state": "HI",
    "physical_zip": "96821",
    "physical_zip4": "1899"
  },
  {
    "area_name": "WESTPAC",
    "area_code": "4E",
    "district_name": "HAWAII",
    "district_no": "967",
    "delivery_zipcode": "96825",
    "locale_name": "HAWAII KAI",
    "physical_delivery_address": "7040 HAWAII KAI DR",
    "physical_city": "HONOLULU",
    "physical_state": "HI",
    "physical_zip": "96825",
    "physical_zip4": "9998"
  },
  {
    "area_name": "WESTPAC",
    "area_code": "4E",
    "district_name": "HAWAII",
    "district_no": "967",
    "delivery_zipcode": "96826",
    "locale_name": "MAKIKI",
    "physical_delivery_address": "1111 LUNALILO ST",
    "physical_city": "HONOLULU",
    "physical_state": "HI",
    "physical_zip": "96822",
    "physical_zip4": "9998"
  },
  {
    "area_name": "WESTPAC",
    "area_code": "4E",
    "district_name": "HAWAII",
    "district_no": "967",
    "delivery_zipcode": "96828",
    "locale_name": "MOILIILI",
    "physical_delivery_address": "2700 S KING ST STE B",
    "physical_city": "HONOLULU",
    "physical_state": "HI",
    "physical_zip": "96826",
    "physical_zip4": "3398"
  },
  {
    "area_name": "WESTPAC",
    "area_code": "4E",
    "district_name": "HAWAII",
    "district_no": "967",
    "delivery_zipcode": "96830",
    "locale_name": "WAIKIKI",
    "physical_delivery_address": "330 SARATOGA RD",
    "physical_city": "HONOLULU",
    "physical_state": "HI",
    "physical_zip": "96815",
    "physical_zip4": "9998"
  },
  {
    "area_name": "WESTPAC",
    "area_code": "4E",
    "district_name": "HAWAII",
    "district_no": "967",
    "delivery_zipcode": "96836",
    "locale_name": "CPU EATON SQUARE",
    "physical_delivery_address": "438 HOBRON LN STE P11",
    "physical_city": "HONOLULU",
    "physical_state": "HI",
    "physical_zip": "96815",
    "physical_zip4": "1298"
  },
  {
    "area_name": "WESTPAC",
    "area_code": "4E",
    "district_name": "HAWAII",
    "district_no": "967",
    "delivery_zipcode": "96837",
    "locale_name": "UPTOWN",
    "physical_delivery_address": "1170 NUUANU AVE STE 105",
    "physical_city": "HONOLULU",
    "physical_state": "HI",
    "physical_zip": "96817",
    "physical_zip4": "5199"
  },
  {
    "area_name": "WESTPAC",
    "area_code": "4E",
    "district_name": "HAWAII",
    "district_no": "967",
    "delivery_zipcode": "96838",
    "locale_name": "HONOLULU",
    "physical_delivery_address": "3600 AOLELE ST RM 208C",
    "physical_city": "HONOLULU",
    "physical_state": "HI",
    "physical_zip": "96820",
    "physical_zip4": "9998"
  },
  {
    "area_name": "WESTPAC",
    "area_code": "4E",
    "district_name": "HAWAII",
    "district_no": "967",
    "delivery_zipcode": "96839",
    "locale_name": "CPU MANOA",
    "physical_delivery_address": "2754 WOODLAWN DR STE 7-101",
    "physical_city": "HONOLULU",
    "physical_state": "HI",
    "physical_zip": "96822",
    "physical_zip4": "1896"
  },
  {
    "area_name": "WESTPAC",
    "area_code": "4E",
    "district_name": "HAWAII",
    "district_no": "967",
    "delivery_zipcode": "96850",
    "locale_name": "DOWNTOWN HONOLULU",
    "physical_delivery_address": "335 MERCHANT ST FL GROUND",
    "physical_city": "HONOLULU",
    "physical_state": "HI",
    "physical_zip": "96813",
    "physical_zip4": "9998"
  }
]