[
  {
    "area_name": "WESTPAC",
    "area_code": "4E",
    "district_name": "NV-UT",
    "district_no": "890",
    "delivery_zipcode": "89001",
    "locale_name": "ALAMO",
    "physical_delivery_address": "40 N PURPLE SAGE AVE",
    "physical_city": "ALAMO",
    "physical_state": "NV",
    "physical_zip": "89001",
    "physical_zip4": "9801"
  },
  {
    "area_name": "WESTPAC",
    "area_code": "4E",
    "district_name": "NV-UT",
    "district_no": "890",
    "delivery_zipcode": "89002",
    "locale_name": "HENDERSON",
    "physical_delivery_address": "404 S BOULDER HWY",
    "physical_city": "HENDERSON",
    "physical_state": "NV",
    "physical_zip": "89015",
    "physical_zip4": "9998"
  },
  {
    "area_name": "WESTPAC",
    "area_code": "4E",
    "district_name": "NV-UT",
    "district_no": "890",
    "delivery_zipcode": "89003",
    "locale_name": "BEATTY",
    "physical_delivery_address": "600 E HWY 95 N",
    "physical_city": "BEATTY",
    "physical_state": "NV",
    "physical_zip": "89003",
    "physical_zip4": "0107"
  },
  {
    "area_name": "WESTPAC",
    "area_code": "4E",
    "district_name": "NV-UT",
    "district_no": "890",
    "delivery_zipcode": "89004",
    "locale_name": "BLUE DIAMOND",
    "physical_delivery_address": "2 DIAMOND ST",
    "physical_city": "BLUE DIAMOND",
    "physical_state": "NV",
    "physical_zip": "89004",
    "physical_zip4": "9800"
  },
  {
    "area_name": "WESTPAC",
    "area_code": "4E",
    "district_name": "NV-UT",
    "district_no": "890",
    "delivery_zipcode": "89005",
    "locale_name": "BOULDER CITY",
    "physical_delivery_address": "1101 COLORADO ST",
    "physical_city": "BOULDER CITY",
    "physical_state": "NV",
    "physical_zip": "89005",
    "physical_zip4": "9998"
  },
  {
    "area_name": "WESTPAC",
    "area_code": "4E",
    "district_name": "NV-UT",
    "district_no": "890",
    "delivery_zipcode": "89006",
    "locale_name": "BOULDER CITY",
    "physical_delivery_address": "1101 COLORADO ST",
    "physical_city": "BOULDER CITY",
    "physical_state": "NV",
    "physical_zip": "89005",
    "physical_zip4": "9998"
  },
  {
    "area_name": "WESTPAC",
    "area_code": "4E",
    "district_name": "NV-UT",
    "district_no": "890",
    "delivery_zipcode": "89007",
    "locale_name": "BUNKERVILLE",
    "physical_delivery_address": "170 MAIN ST",
    "physical_city": "BUNKERVILLE",
    "physical_state": "NV",
    "physical_zip": "89007",
    "physical_zip4": "9900"
  },
  {
    "area_name": "WESTPAC",
    "area_code": "4E",
    "district_name": "NV-UT",
    "district_no": "890",
    "delivery_zipcode": "89008",
    "locale_name": "CALIENTE",
    "physical_delivery_address": "700 FRONT ST",
    "physical_city": "CALIENTE",
    "physical_state": "NV",
    "physical_zip": "89008",
    "physical_zip4": "0100"
  },
  {
    "area_name": "WESTPAC",
    "area_code": "4E",
    "district_name": "NV-UT",
    "district_no": "890",
    "delivery_zipcode": "89009",
    "locale_name": "HENDERSON",
    "physical_delivery_address": "404 S BOULDER HWY",
    "physical_city": "HENDERSON",
    "physical_state": "NV",
    "physical_zip": "89015",
    "physical_zip4": "9998"
  },
  {
    "area_name": "WESTPAC",
    "area_code": "4E",
    "district_name": "NV-UT",
    "district_no": "890",
    "delivery_zipcode": "89010",
    "locale_name": "DYER",
    "physical_delivery_address": "1 VALLEY CENTER RD",
    "physical_city": "DYER",
    "physical_state": "NV",
    "physical_zip": "89010",
    "physical_zip4": "9997"
  },
  {
    "area_name": "WESTPAC",
    "area_code": "4E",
    "district_name": "NV-UT",
    "district_no": "890",
    "delivery_zipcode": "89011",
    "locale_name": "HENDERSON",
    "physical_delivery_address": "404 S BOULDER HWY",
    "physical_city": "HENDERSON",
    "physical_state": "NV",
    "physical_zip": "89015",
    "physical_zip4": "9998"
  },
  {
    "area_name": "WESTPAC",
    "area_code": "4E",
    "district_name": "NV-UT",
    "district_no": "890",
    "delivery_zipcode": "89012",
    "locale_name": "HENDERSON NV VALLE VERDE SDC",
    "physical_delivery_address": "1575 W HORIZON RIDGE PKWY",
    "physical_city": "HENDERSON",
    "physical_state": "NV",
    "physical_zip": "89012",
    "physical_zip4": "9900"
  },
  {
    "area_name": "WESTPAC",
    "area_code": "4E",
    "district_name": "NV-UT",
    "district_no": "890",
    "delivery_zipcode": "89013",
    "locale_name": "GOLDFIELD",
    "physical_delivery_address": "400 S 4TH ST",
    "physical_city": "GOLDFIELD",
    "physical_state": "NV",
    "physical_zip": "89013",
    "physical_zip4": "9997"
  },
  {
    "area_name": "WESTPAC",
    "area_code": "4E",
    "district_name": "NV-UT",
    "district_no": "890",
    "delivery_zipcode": "89014",
    "locale_name": "HENDERSON NV VALLE VERDE SDC",
    "physical_delivery_address": "1575 W HORIZON RIDGE PKWY",
    "physical_city": "HENDERSON",
    "physical_state": "NV",
    "physical_zip": "89012",
    "physical_zip4": "9900"
  },
  {
    "area_name": "WESTPAC",
    "area_code": "4E",
    "district_name": "NV-UT",
    "district_no": "890",
    "delivery_zipcode": "89015",
    "locale_name": "HENDERSON",
    "physical_delivery_address": "404 S BOULDER HWY",
    "physical_city": "HENDERSON",
    "physical_state": "NV",
    "physical_zip": "89015",
    "physical_zip4": "9998"
  },
  {
    "area_name": "WESTPAC",
    "area_code": "4E",
    "district_name": "NV-UT",
    "district_no": "890",
    "delivery_zipcode": "89016",
    "locale_name": "GREEN VALLEY",
    "physical_delivery_address": "2722 N GREEN VALLEY PKWY",
    "physical_city": "HENDERSON",
    "physical_state": "NV",
    "physical_zip": "89014",
    "physical_zip4": "9997"
  },
  {
    "area_name": "WESTPAC",
    "area_code": "4E",
    "district_name": "NV-UT",
    "district_no": "890",
    "delivery_zipcode": "89017",
    "locale_name": "ALAMO",
    "physical_delivery_address": "40 N PURPLE SAGE AVE",
    "physical_city": "ALAMO",
    "physical_state": "NV",
    "physical_zip": "89001",
    "physical_zip4": "9801"
  },
  {
    "area_name": "WESTPAC",
    "area_code": "4E",
    "district_name": "NV-UT",
    "district_no": "890",
    "delivery_zipcode": "89018",
    "locale_name": "INDIAN SPRINGS",
    "physical_delivery_address": "185 N HWY 95",
    "physical_city": "INDIAN SPRINGS",
    "physical_state": "NV",
    "physical_zip": "89018",
    "physical_zip4": "0139"
  },
  {
    "area_name": "WESTPAC",
    "area_code": "4E",
    "district_name": "NV-UT",
    "district_no": "890",
    "delivery_zipcode": "89019",
    "locale_name": "JEAN",
    "physical_delivery_address": "18500 LAS VEGAS BLVD S",
    "physical_city": "JEAN",
    "physical_state": "NV",
    "physical_zip": "89019",
    "physical_zip4": "9995"
  },
  {
    "area_name": "WESTPAC",
    "area_code": "4E",
    "district_name": "NV-UT",
    "district_no": "890",
    "delivery_zipcode": "89020",
    "locale_name": "AMARGOSA VALLEY",
    "physical_delivery_address": "3830 E SAGE ST",
    "physical_city": "AMARGOSA VALLEY",
    "physical_state": "NV",
    "physical_zip": "89020",
    "physical_zip4": "0482"
  },
  {
    "area_name": "WESTPAC",
    "area_code": "4E",
    "district_name": "NV-UT",
    "district_no": "890",
    "delivery_zipcode": "89021",
    "locale_name": "LOGANDALE",
    "physical_delivery_address": "3145 N MOAPA VALLEY BLVD",
    "physical_city": "LOGANDALE",
    "physical_state": "NV",
    "physical_zip": "89021",
    "physical_zip4": "9995"
  },
  {
    "area_name": "WESTPAC",
    "area_code": "4E",
    "district_name": "NV-UT",
    "district_no": "890",
    "delivery_zipcode": "89022",
    "locale_name": "MANHATTAN",
    "physical_delivery_address": "17 MAIN ST",
    "physical_city": "MANHATTAN",
    "physical_state": "NV",
    "physical_zip": "89022",
    "physical_zip4": "9995"
  },
  {
    "area_name": "WESTPAC",
    "area_code": "4E",
    "district_name": "NV-UT",
    "district_no": "890",
    "delivery_zipcode": "89023",
    "locale_name": "MERCURY",
    "physical_delivery_address": "525 BUSTER ST",
    "physical_city": "MERCURY",
    "physical_state": "NV",
    "physical_zip": "89023",
    "physical_zip4": "9997"
  },
  {
    "area_name": "WESTPAC",
    "area_code": "4E",
    "district_name": "NV-UT",
    "district_no": "890",
    "delivery_zipcode": "89024",
    "locale_name": "MESQUITE",
    "physical_delivery_address": "510 W MESQUITE BLVD",
    "physical_city": "MESQUITE",
    "physical_state": "NV",
    "physical_zip": "89027",
    "physical_zip4": "9995"
  },
  {
    "area_name": "WESTPAC",
    "area_code": "4E",
    "district_name": "NV-UT",
    "district_no": "890",
    "delivery_zipcode": "89025",
    "locale_name": "MOAPA",
    "physical_delivery_address": "1800 E STATE HIGHWAY 168",
    "physical_city": "MOAPA",
    "physical_state": "NV",
    "physical_zip": "89025",
    "physical_zip4": "9002"
  },
  {
    "area_name": "WESTPAC",
    "area_code": "4E",
    "district_name": "NV-UT",
    "district_no": "890",
    "delivery_zipcode": "89027",
    "locale_name": "MESQUITE",
    "physical_delivery_address": "510 W MESQUITE BLVD",
    "physical_city": "MESQUITE",
    "physical_state": "NV",
    "physical_zip": "89027",
    "physical_zip4": "9995"
  },
  {
    "area_name": "WESTPAC",
    "area_code": "4E",
    "district_name": "NV-UT",
    "district_no": "890",
    "delivery_zipcode": "89028",
    "locale_name": "LAUGHLIN",
    "physical_delivery_address": "2850 S NEEDLES HWY",
    "physical_city": "LAUGHLIN",
    "physical_state": "NV",
    "physical_zip": "89029",
    "physical_zip4": "9998"
  },
  {
    "area_name": "WESTPAC",
    "area_code": "4E",
    "district_name": "NV-UT",
    "district_no": "890",
    "delivery_zipcode": "89029",
    "locale_name": "LAUGHLIN",
    "physical_delivery_address": "2850 S NEEDLES HWY",
    "physical_city": "LAUGHLIN",
    "physical_state": "NV",
    "physical_zip": "89029",
    "physical_zip4": "9998"
  },
  {
    "area_name": "WESTPAC",
    "area_code": "4E",
    "district_name": "NV-UT",
    "district_no": "890",
    "delivery_zipcode": "89030",
    "locale_name": "NORTH LAS VEGAS",
    "physical_delivery_address": "1414 E LAKE MEAD BLVD",
    "physical_city": "NORTH LAS VEGAS",
    "physical_state": "NV",
    "physical_zip": "89030",
    "physical_zip4": "9998"
  },
  {
    "area_name": "WESTPAC",
    "area_code": "4E",
    "district_name": "NV-UT",
    "district_no": "890",
    "delivery_zipcode": "89031",
    "locale_name": "MEADOW MESA",
    "physical_delivery_address": "4904 CAMINO AL NORTE",
    "physical_city": "NORTH LAS VEGAS",
    "physical_state": "NV",
    "physical_zip": "89031",
    "physical_zip4": "9998"
  },
  {
    "area_name": "WESTPAC",
    "area_code": "4E",
    "district_name": "NV-UT",
    "district_no": "890",
    "delivery_zipcode": "89032",
    "locale_name": "MEADOW MESA",
    "physical_delivery_address": "4904 CAMINO AL NORTE",
    "physical_city": "NORTH LAS VEGAS",
    "physical_state": "NV",
    "physical_zip": "89031",
    "physical_zip4": "9998"
  },
  {
    "area_name": "WESTPAC",
    "area_code": "4E",
    "district_name": "NV-UT",
    "district_no": "890",
    "delivery_zipcode": "89033",
    "locale_name": "MEADOW MESA",
    "physical_delivery_address": "4904 CAMINO AL NORTE",
    "physical_city": "NORTH LAS VEGAS",
    "physical_state": "NV",
    "physical_zip": "89031",
    "physical_zip4": "9998"
  },
  {
    "area_name": "WESTPAC",
    "area_code": "4E",
    "district_name": "NV-UT",
    "district_no": "890",
    "delivery_zipcode": "89034",
    "locale_name": "MESQUITE",
    "physical_delivery_address": "510 W MESQUITE BLVD",
    "physical_city": "MESQUITE",
    "physical_state": "NV",
    "physical_zip": "89027",
    "physical_zip4": "9995"
  },
  {
    "area_name": "WESTPAC",
    "area_code": "4E",
    "district_name": "NV-UT",
    "district_no": "890",
    "delivery_zipcode": "89036",
    "locale_name": "NORTH LAS VEGAS",
    "physical_delivery_address": "1414 E LAKE MEAD BLVD",
    "physical_city": "NORTH LAS VEGAS",
    "physical_state": "NV",
    "physical_zip": "89030",
    "physical_zip4": "9998"
  },
  {
    "area_name": "WESTPAC",
    "area_code": "4E",
    "district_name": "NV-UT",
    "district_no": "890",
    "delivery_zipcode": "89037",
    "locale_name": "MOAPA",
    "physical_delivery_address": "1800 E STATE HIGHWAY 168",
    "physical_city": "MOAPA",
    "physical_state": "NV",
    "physical_zip": "89025",
    "physical_zip4": "9002"
  },
  {
    "area_name": "WESTPAC",
    "area_code": "4E",
    "district_name": "NV-UT",
    "district_no": "890",
    "delivery_zipcode": "89039",
    "locale_name": "SEARCHLIGHT",
    "physical_delivery_address": "437 S MAIN ST",
    "physical_city": "SEARCHLIGHT",
    "physical_state": "NV",
    "physical_zip": "89046",
    "physical_zip4": "9800"
  },
  {
    "area_name": "WESTPAC",
    "area_code": "4E",
    "district_name": "NV-UT",
    "district_no": "890",
    "delivery_zipcode": "89040",
    "locale_name": "OVERTON",
    "physical_delivery_address": "275 MOAPA VALLEY BLVD",
    "physical_city": "OVERTON",
    "physical_state": "NV",
    "physical_zip": "89040",
    "physical_zip4": "9000"
  },
  {
    "area_name": "WESTPAC",
    "area_code": "4E",
    "district_name": "NV-UT",
    "district_no": "890",
    "delivery_zipcode": "89041",
    "locale_name": "HOMESTEAD",
    "physical_delivery_address": "3001 E KELLOGG RD",
    "physical_city": "PAHRUMP",
    "physical_state": "NV",
    "physical_zip": "89061",
    "physical_zip4": "7988"
  },
  {
    "area_name": "WESTPAC",
    "area_code": "4E",
    "district_name": "NV-UT",
    "district_no": "890",
    "delivery_zipcode": "89041",
    "locale_name": "PAHRUMP",
    "physical_delivery_address": "2300 POSTAL DR",
    "physical_city": "PAHRUMP",
    "physical_state": "NV",
    "physical_zip": "89048",
    "physical_zip4": "9998"
  },
  {
    "area_name": "WESTPAC",
    "area_code": "4E",
    "district_name": "NV-UT",
    "district_no": "890",
    "delivery_zipcode": "89042",
    "locale_name": "PANACA",
    "physical_delivery_address": "350 MAIN ST",
    "physical_city": "PANACA",
    "physical_state": "NV",
    "physical_zip": "89042",
    "physical_zip4": "9800"
  },
  {
    "area_name": "WESTPAC",
    "area_code": "4E",
    "district_name": "NV-UT",
    "district_no": "890",
    "delivery_zipcode": "89043",
    "locale_name": "PIOCHE",
    "physical_delivery_address": "432 MAIN ST",
    "physical_city": "PIOCHE",
    "physical_state": "NV",
    "physical_zip": "89043",
    "physical_zip4": "2568"
  },
  {
    "area_name": "WESTPAC",
    "area_code": "4E",
    "district_name": "NV-UT",
    "district_no": "890",
    "delivery_zipcode": "89044",
    "locale_name": "SEVEN HILLS",
    "physical_delivery_address": "3055 SAINT ROSE PKWY",
    "physical_city": "HENDERSON",
    "physical_state": "NV",
    "physical_zip": "89052",
    "physical_zip4": "9998"
  },
  {
    "area_name": "WESTPAC",
    "area_code": "4E",
    "district_name": "NV-UT",
    "district_no": "890",
    "delivery_zipcode": "89045",
    "locale_name": "ROUND MOUNTAIN",
    "physical_delivery_address": "83 HADLEY LN",
    "physical_city": "ROUND MOUNTAIN",
    "physical_state": "NV",
    "physical_zip": "89045",
    "physical_zip4": "9995"
  },
  {
    "area_name": "WESTPAC",
    "area_code": "4E",
    "district_name": "NV-UT",
    "district_no": "890",
    "delivery_zipcode": "89046",
    "locale_name": "SEARCHLIGHT",
    "physical_delivery_address": "437 S MAIN ST",
    "physical_city": "SEARCHLIGHT",
    "physical_state": "NV",
    "physical_zip": "89046",
    "physical_zip4": "9800"
  },
  {
    "area_name": "WESTPAC",
    "area_code": "4E",
    "district_name": "NV-UT",
    "district_no": "890",
    "delivery_zipcode": "89047",
    "locale_name": "SILVERPEAK",
    "physical_delivery_address": "350 MAIN ST",
    "physical_city": "SILVERPEAK",
    "physical_state": "NV",
    "physical_zip": "89047",
    "physical_zip4": "9995"
  },
  {
    "area_name": "WESTPAC",
    "area_code": "4E",
    "district_name": "NV-UT",
    "district_no": "890",
    "delivery_zipcode": "89048",
    "locale_name": "PAHRUMP",
    "physical_delivery_address": "2300 POSTAL DR",
    "physical_city": "PAHRUMP",
    "physical_state": "NV",
    "physical_zip": "89048",
    "physical_zip4": "9998"
  },
  {
    "area_name": "WESTPAC",
    "area_code": "4E",
    "district_name": "NV-UT",
    "district_no": "890",
    "delivery_zipcode": "89049",
    "locale_name": "TONOPAH",
    "physical_delivery_address": "201 ERIE MAIN",
    "physical_city": "TONOPAH",
    "physical_state": "NV",
    "physical_zip": "89049",
    "physical_zip4": "9800"
  },
  {
    "area_name": "WESTPAC",
    "area_code": "4E",
    "district_name": "NV-UT",
    "district_no": "890",
    "delivery_zipcode": "89052",
    "locale_name": "SEVEN HILLS",
    "physical_delivery_address": "3055 SAINT ROSE PKWY",
    "physical_city": "HENDERSON",
    "physical_state": "NV",
    "physical_zip": "89052",
    "physical_zip4": "9998"
  },
  {
    "area_name": "WESTPAC",
    "area_code": "4E",
    "district_name": "NV-UT",
    "district_no": "890",
    "delivery_zipcode": "89053",
    "locale_name": "HENDERSON NV VALLE VERDE SDC",
    "physical_delivery_address": "1575 W HORIZON RIDGE PKWY",
    "physical_city": "HENDERSON",
    "physical_state": "NV",
    "physical_zip": "89012",
    "physical_zip4": "9900"
  },
  {
    "area_name": "WESTPAC",
    "area_code": "4E",
    "district_name": "NV-UT",
    "district_no": "890",
    "delivery_zipcode": "89054",
    "locale_name": "JEAN",
    "physical_delivery_address": "18500 LAS VEGAS BLVD S",
    "physical_city": "JEAN",
    "physical_state": "NV",
    "physical_zip": "89019",
    "physical_zip4": "9995"
  },
  {
    "area_name": "WESTPAC",
    "area_code": "4E",
    "district_name": "NV-UT",
    "district_no": "890",
    "delivery_zipcode": "89060",
    "locale_name": "PAHRUMP",
    "physical_delivery_address": "2300 POSTAL DR",
    "physical_city": "PAHRUMP",
    "physical_state": "NV",
    "physical_zip": "89048",
    "physical_zip4": "9998"
  },
  {
    "area_name": "WESTPAC",
    "area_code": "4E",
    "district_name": "NV-UT",
    "district_no": "890",
    "delivery_zipcode": "89060",
    "locale_name": "SIMKINS",
    "physical_delivery_address": "3950 N BLAGG RD",
    "physical_city": "PAHRUMP",
    "physical_state": "NV",
    "physical_zip": "89060",
    "physical_zip4": "2659"
  },
  {
    "area_name": "WESTPAC",
    "area_code": "4E",
    "district_name": "NV-UT",
    "district_no": "890",
    "delivery_zipcode": "89061",
    "locale_name": "PAHRUMP",
    "physical_delivery_address": "2300 POSTAL DR",
    "physical_city": "PAHRUMP",
    "physical_state": "NV",
    "physical_zip": "89048",
    "physical_zip4": "9998"
  },
  {
    "area_name": "WESTPAC",
    "area_code": "4E",
    "district_name": "NV-UT",
    "district_no": "890",
    "delivery_zipcode": "89074",
    "locale_name": "HENDERSON NV VALLE VERDE SDC",
    "physical_delivery_address": "1575 W HORIZON RIDGE PKWY",
    "physical_city": "HENDERSON",
    "physical_state": "NV",
    "physical_zip": "89012",
    "physical_zip4": "9900"
  },
  {
    "area_name": "WESTPAC",
    "area_code": "4E",
    "district_name": "NV-UT",
    "district_no": "890",
    "delivery_zipcode": "89077",
    "locale_name": "SEVEN HILLS",
    "physical_delivery_address": "3055 SAINT ROSE PKWY",
    "physical_city": "HENDERSON",
    "physical_state": "NV",
    "physical_zip": "89052",
    "physical_zip4": "9998"
  },
  {
    "area_name": "WESTPAC",
    "area_code": "4E",
    "district_name": "NV-UT",
    "district_no": "890",
    "delivery_zipcode": "89081",
    "locale_name": "MEADOW MESA",
    "physical_delivery_address": "4904 CAMINO AL NORTE",
    "physical_city": "NORTH LAS VEGAS",
    "physical_state": "NV",
    "physical_zip": "89031",
    "physical_zip4": "9998"
  },
  {
    "area_name": "WESTPAC",
    "area_code": "4E",
    "district_name": "NV-UT",
    "district_no": "890",
    "delivery_zipcode": "89084",
    "locale_name": "MEADOW MESA",
    "physical_delivery_address": "4904 CAMINO AL NORTE",
    "physical_city": "NORTH LAS VEGAS",
    "physical_state": "NV",
    "physical_zip": "89031",
    "physical_zip4": "9998"
  },
  {
    "area_name": "WESTPAC",
    "area_code": "4E",
    "district_name": "NV-UT",
    "district_no": "890",
    "delivery_zipcode": "89085",
    "locale_name": "MEADOW MESA",
    "physical_delivery_address": "4904 CAMINO AL NORTE",
    "physical_city": "NORTH LAS VEGAS",
    "physical_state": "NV",
    "physical_zip": "89031",
    "physical_zip4": "9998"
  },
  {
    "area_name": "WESTPAC",
    "area_code": "4E",
    "district_name": "NV-UT",
    "district_no": "890",
    "delivery_zipcode": "89086",
    "locale_name": "MEADOW MESA",
    "physical_delivery_address": "4904 CAMINO AL NORTE",
    "physical_city": "NORTH LAS VEGAS",
    "physical_state": "NV",
    "physical_zip": "89031",
    "physical_zip4": "9998"
  },
  {
    "area_name": "WESTPAC",
    "area_code": "4E",
    "district_name": "NV-UT",
    "district_no": "890",
    "delivery_zipcode": "89101",
    "locale_name": "KING",
    "physical_delivery_address": "1801 N MARTIN L KING BLVD",
    "physical_city": "LAS VEGAS",
    "physical_state": "NV",
    "physical_zip": "89106",
    "physical_zip4": "9998"
  },
  {
    "area_name": "WESTPAC",
    "area_code": "4E",
    "district_name": "NV-UT",
    "district_no": "890",
    "delivery_zipcode": "89102",
    "locale_name": "GARSIDE",
    "physical_delivery_address": "1801 S DECATUR BLVD",
    "physical_city": "LAS VEGAS",
    "physical_state": "NV",
    "physical_zip": "89102",
    "physical_zip4": "9998"
  },
  {
    "area_name": "WESTPAC",
    "area_code": "4E",
    "district_name": "NV-UT",
    "district_no": "890",
    "delivery_zipcode": "89103",
    "locale_name": "EMERALD",
    "physical_delivery_address": "4030 S JONES BLVD",
    "physical_city": "LAS VEGAS",
    "physical_state": "NV",
    "physical_zip": "89103",
    "physical_zip4": "9998"
  },
  {
    "area_name": "WESTPAC",
    "area_code": "4E",
    "district_name": "NV-UT",
    "district_no": "890",
    "delivery_zipcode": "89104",
    "locale_name": "HUNTRIDGE",
    "physical_delivery_address": "3115 OLIVE ST",
    "physical_city": "LAS VEGAS",
    "physical_state": "NV",
    "physical_zip": "89104",
    "physical_zip4": "4460"
  },
  {
    "area_name": "WESTPAC",
    "area_code": "4E",
    "district_name": "NV-UT",
    "district_no": "890",
    "delivery_zipcode": "89105",
    "locale_name": "SILVERADO",
    "physical_delivery_address": "455 E PEBBLE RD",
    "physical_city": "LAS VEGAS",
    "physical_state": "NV",
    "physical_zip": "89123",
    "physical_zip4": "9998"
  },
  {
    "area_name": "WESTPAC",
    "area_code": "4E",
    "district_name": "NV-UT",
    "district_no": "890",
    "delivery_zipcode": "89106",
    "locale_name": "KING",
    "physical_delivery_address": "1801 N MARTIN L KING BLVD",
    "physical_city": "LAS VEGAS",
    "physical_state": "NV",
    "physical_zip": "89106",
    "physical_zip4": "9998"
  },
  {
    "area_name": "WESTPAC",
    "area_code": "4E",
    "district_name": "NV-UT",
    "district_no": "890",
    "delivery_zipcode": "89107",
    "locale_name": "GARSIDE",
    "physical_delivery_address": "1801 S DECATUR BLVD",
    "physical_city": "LAS VEGAS",
    "physical_state": "NV",
    "physical_zip": "89102",
    "physical_zip4": "9998"
  },
  {
    "area_name": "WESTPAC",
    "area_code": "4E",
    "district_name": "NV-UT",
    "district_no": "890",
    "delivery_zipcode": "89108",
    "locale_name": "TOPAZ",
    "physical_delivery_address": "2675 N DECATUR BLVD",
    "physical_city": "LAS VEGAS",
    "physical_state": "NV",
    "physical_zip": "89108",
    "physical_zip4": "2991"
  },
  {
    "area_name": "WESTPAC",
    "area_code": "4E",
    "district_name": "NV-UT",
    "district_no": "890",
    "delivery_zipcode": "89109",
    "locale_name": "PARADISE VALLEY",
    "physical_delivery_address": "4975 UNIVERSITY CENTER DR",
    "physical_city": "LAS VEGAS",
    "physical_state": "NV",
    "physical_zip": "89119",
    "physical_zip4": "9998"
  },
  {
    "area_name": "WESTPAC",
    "area_code": "4E",
    "district_name": "NV-UT",
    "district_no": "890",
    "delivery_zipcode": "89110",
    "locale_name": "SUNRISE",
    "physical_delivery_address": "4885 E CAREY AVE",
    "physical_city": "LAS VEGAS",
    "physical_state": "NV",
    "physical_zip": "89115",
    "physical_zip4": "9998"
  },
  {
    "area_name": "WESTPAC",
    "area_code": "4E",
    "district_name": "NV-UT",
    "district_no": "890",
    "delivery_zipcode": "89111",
    "locale_name": "AIRPORT",
    "physical_delivery_address": "5757 WAYNE NEWTON BLVD",
    "physical_city": "LAS VEGAS",
    "physical_state": "NV",
    "physical_zip": "89111",
    "physical_zip4": "9997"
  },
  {
    "area_name": "WESTPAC",
    "area_code": "4E",
    "district_name": "NV-UT",
    "district_no": "890",
    "delivery_zipcode": "89112",
    "locale_name": "EAST LAS VEGAS",
    "physical_delivery_address": "4948 MOUNTAIN VISTA ST",
    "physical_city": "LAS VEGAS",
    "physical_state": "NV",
    "physical_zip": "89121",
    "physical_zip4": "9995"
  },
  {
    "area_name": "WESTPAC",
    "area_code": "4E",
    "district_name": "NV-UT",
    "district_no": "890",
    "delivery_zipcode": "89113",
    "locale_name": "WESTRIDGE",
    "physical_delivery_address": "7925 W RUSSELL RD",
    "physical_city": "LAS VEGAS",
    "physical_state": "NV",
    "physical_zip": "89113",
    "physical_zip4": "9998"
  },
  {
    "area_name": "WESTPAC",
    "area_code": "4E",
    "district_name": "NV-UT",
    "district_no": "890",
    "delivery_zipcode": "89114",
    "locale_name": "GARSIDE",
    "physical_delivery_address": "1801 S DECATUR BLVD",
    "physical_city": "LAS VEGAS",
    "physical_state": "NV",
    "physical_zip": "89102",
    "physical_zip4": "9998"
  },
  {
    "area_name": "WESTPAC",
    "area_code": "4E",
    "district_name": "NV-UT",
    "district_no": "890",
    "delivery_zipcode": "89115",
    "locale_name": "SUNRISE",
    "physical_delivery_address": "4885 E CAREY AVE",
    "physical_city": "LAS VEGAS",
    "physical_state": "NV",
    "physical_zip": "89115",
    "physical_zip4": "9998"
  },
  {
    "area_name": "WESTPAC",
    "area_code": "4E",
    "district_name": "NV-UT",
    "district_no": "890",
    "delivery_zipcode": "89116",
    "locale_name": "HUNTRIDGE",
    "physical_delivery_address": "3115 OLIVE ST",
    "physical_city": "LAS VEGAS",
    "physical_state": "NV",
    "physical_zip": "89104",
    "physical_zip4": "4460"
  },
  {
    "area_name": "WESTPAC",
    "area_code": "4E",
    "district_name": "NV-UT",
    "district_no": "890",
    "delivery_zipcode": "89117",
    "locale_name": "SPRING VALLEY",
    "physical_delivery_address": "3375 S RAINBOW BLVD",
    "physical_city": "LAS VEGAS",
    "physical_state": "NV",
    "physical_zip": "89146",
    "physical_zip4": "9998"
  },
  {
    "area_name": "WESTPAC",
    "area_code": "4E",
    "district_name": "NV-UT",
    "district_no": "890",
    "delivery_zipcode": "89118",
    "locale_name": "EMERALD",
    "physical_delivery_address": "4030 S JONES BLVD",
    "physical_city": "LAS VEGAS",
    "physical_state": "NV",
    "physical_zip": "89103",
    "physical_zip4": "9998"
  },
  {
    "area_name": "WESTPAC",
    "area_code": "4E",
    "district_name": "NV-UT",
    "district_no": "890",
    "delivery_zipcode": "89119",
    "locale_name": "PARADISE VALLEY",
    "physical_delivery_address": "4975 UNIVERSITY CENTER DR",
    "physical_city": "LAS VEGAS",
    "physical_state": "NV",
    "physical_zip": "89119",
    "physical_zip4": "9998"
  },
  {
    "area_name": "WESTPAC",
    "area_code": "4E",
    "district_name": "NV-UT",
    "district_no": "890",
    "delivery_zipcode": "89120",
    "locale_name": "EAST LAS VEGAS",
    "physical_delivery_address": "4948 MOUNTAIN VISTA ST",
    "physical_city": "LAS VEGAS",
    "physical_state": "NV",
    "physical_zip": "89121",
    "physical_zip4": "9995"
  },
  {
    "area_name": "WESTPAC",
    "area_code": "4E",
    "district_name": "NV-UT",
    "district_no": "890",
    "delivery_zipcode": "89121",
    "locale_name": "EAST LAS VEGAS",
    "physical_delivery_address": "4948 MOUNTAIN VISTA ST",
    "physical_city": "LAS VEGAS",
    "physical_state": "NV",
    "physical_zip": "89121",
    "physical_zip4": "9995"
  },
  {
    "area_name": "WESTPAC",
    "area_code": "4E",
    "district_name": "NV-UT",
    "district_no": "890",
    "delivery_zipcode": "89122",
    "locale_name": "WINTERWOOD",
    "physical_delivery_address": "5070 VEGAS VALLEY DR",
    "physical_city": "LAS VEGAS",
    "physical_state": "NV",
    "physical_zip": "89142",
    "physical_zip4": "9998"
  },
  {
    "area_name": "WESTPAC",
    "area_code": "4E",
    "district_name": "NV-UT",
    "district_no": "890",
    "delivery_zipcode": "89123",
    "locale_name": "SILVERADO",
    "physical_delivery_address": "455 E PEBBLE RD",
    "physical_city": "LAS VEGAS",
    "physical_state": "NV",
    "physical_zip": "89123",
    "physical_zip4": "9998"
  },
  {
    "area_name": "WESTPAC",
    "area_code": "4E",
    "district_name": "NV-UT",
    "district_no": "890",
    "delivery_zipcode": "89124",
    "locale_name": "CROSSROADS",
    "physical_delivery_address": "6210 N JONES BLVD",
    "physical_city": "LAS VEGAS",
    "physical_state": "NV",
    "physical_zip": "89130",
    "physical_zip4": "9998"
  },
  {
    "area_name": "WESTPAC",
    "area_code": "4E",
    "district_name": "NV-UT",
    "district_no": "890",
    "delivery_zipcode": "89124",
    "locale_name": "JAMES C BROWN JR",
    "physical_delivery_address": "1001 E SUNSET RD UNIT 1001",
    "physical_city": "LAS VEGAS",
    "physical_state": "NV",
    "physical_zip": "89199",
    "physical_zip4": "9712"
  },
  {
    "area_name": "WESTPAC",
    "area_code": "4E",
    "district_name": "NV-UT",
    "district_no": "890",
    "delivery_zipcode": "89125",
    "locale_name": "DOWNTOWN LAS VEGAS",
    "physical_delivery_address": "201 LAS VEGAS BLVD S STE 100",
    "physical_city": "LAS VEGAS",
    "physical_state": "NV",
    "physical_zip": "89101",
    "physical_zip4": "9997"
  },
  {
    "area_name": "WESTPAC",
    "area_code": "4E",
    "district_name": "NV-UT",
    "district_no": "890",
    "delivery_zipcode": "89126",
    "locale_name": "GARSIDE",
    "physical_delivery_address": "1801 S DECATUR BLVD",
    "physical_city": "LAS VEGAS",
    "physical_state": "NV",
    "physical_zip": "89102",
    "physical_zip4": "9998"
  },
  {
    "area_name": "WESTPAC",
    "area_code": "4E",
    "district_name": "NV-UT",
    "district_no": "890",
    "delivery_zipcode": "89127",
    "locale_name": "KING",
    "physical_delivery_address": "1801 N MARTIN L KING BLVD",
    "physical_city": "LAS VEGAS",
    "physical_state": "NV",
    "physical_zip": "89106",
    "physical_zip4": "9998"
  },
  {
    "area_name": "WESTPAC",
    "area_code": "4E",
    "district_name": "NV-UT",
    "district_no": "890",
    "delivery_zipcode": "89128",
    "locale_name": "RED ROCK VISTA",
    "physical_delivery_address": "2449 N TENAYA WAY",
    "physical_city": "LAS VEGAS",
    "physical_state": "NV",
    "physical_zip": "89128",
    "physical_zip4": "9995"
  },
  {
    "area_name": "WESTPAC",
    "area_code": "4E",
    "district_name": "NV-UT",
    "district_no": "890",
    "delivery_zipcode": "89129",
    "locale_name": "RED ROCK VISTA",
    "physical_delivery_address": "2449 N TENAYA WAY",
    "physical_city": "LAS VEGAS",
    "physical_state": "NV",
    "physical_zip": "89128",
    "physical_zip4": "9995"
  },
  {
    "area_name": "WESTPAC",
    "area_code": "4E",
    "district_name": "NV-UT",
    "district_no": "890",
    "delivery_zipcode": "89130",
    "locale_name": "CROSSROADS",
    "physical_delivery_address": "6210 N JONES BLVD",
    "physical_city": "LAS VEGAS",
    "physical_state": "NV",
    "physical_zip": "89130",
    "physical_zip4": "9998"
  },
  {
    "area_name": "WESTPAC",
    "area_code": "4E",
    "district_name": "NV-UT",
    "district_no": "890",
    "delivery_zipcode": "89131",
    "locale_name": "CROSSROADS",
    "physical_delivery_address": "6210 N JONES BLVD",
    "physical_city": "LAS VEGAS",
    "physical_state": "NV",
    "physical_zip": "89130",
    "physical_zip4": "9998"
  },
  {
    "area_name": "WESTPAC",
    "area_code": "4E",
    "district_name": "NV-UT",
    "district_no": "890",
    "delivery_zipcode": "89132",
    "locale_name": "PARADISE VALLEY",
    "physical_delivery_address": "4975 UNIVERSITY CENTER DR",
    "physical_city": "LAS VEGAS",
    "physical_state": "NV",
    "physical_zip": "89119",
    "physical_zip4": "9998"
  },
  {
    "area_name": "WESTPAC",
    "area_code": "4E",
    "district_name": "NV-UT",
    "district_no": "890",
    "delivery_zipcode": "89133",
    "locale_name": "RED ROCK VISTA",
    "physical_delivery_address": "2449 N TENAYA WAY",
    "physical_city": "LAS VEGAS",
    "physical_state": "NV",
    "physical_zip": "89128",
    "physical_zip4": "9995"
  },
  {
    "area_name": "WESTPAC",
    "area_code": "4E",
    "district_name": "NV-UT",
    "district_no": "890",
    "delivery_zipcode": "89134",
    "locale_name": "SUMMERLIN",
    "physical_delivery_address": "1611 SPRING GATE LN",
    "physical_city": "LAS VEGAS",
    "physical_state": "NV",
    "physical_zip": "89134",
    "physical_zip4": "9998"
  },
  {
    "area_name": "WESTPAC",
    "area_code": "4E",
    "district_name": "NV-UT",
    "district_no": "890",
    "delivery_zipcode": "89135",
    "locale_name": "SUMMERLIN",
    "physical_delivery_address": "1611 SPRING GATE LN",
    "physical_city": "LAS VEGAS",
    "physical_state": "NV",
    "physical_zip": "89134",
    "physical_zip4": "9998"
  },
  {
    "area_name": "WESTPAC",
    "area_code": "4E",
    "district_name": "NV-UT",
    "district_no": "890",
    "delivery_zipcode": "89136",
    "locale_name": "CROSSROADS",
    "physical_delivery_address": "6210 N JONES BLVD",
    "physical_city": "LAS VEGAS",
    "physical_state": "NV",
    "physical_zip": "89130",
    "physical_zip4": "9998"
  },
  {
    "area_name": "WESTPAC",
    "area_code": "4E",
    "district_name": "NV-UT",
    "district_no": "890",
    "delivery_zipcode": "89137",
    "locale_name": "SUMMERLIN",
    "physical_delivery_address": "1611 SPRING GATE LN",
    "physical_city": "LAS VEGAS",
    "physical_state": "NV",
    "physical_zip": "89134",
    "physical_zip4": "9998"
  },
  {
    "area_name": "WESTPAC",
    "area_code": "4E",
    "district_name": "NV-UT",
    "district_no": "890",
    "delivery_zipcode": "89138",
    "locale_name": "SUMMERLIN",
    "physical_delivery_address": "1611 SPRING GATE LN",
    "physical_city": "LAS VEGAS",
    "physical_state": "NV",
    "physical_zip": "89134",
    "physical_zip4": "9998"
  },
  {
    "area_name": "WESTPAC",
    "area_code": "4E",
    "district_name": "NV-UT",
    "district_no": "890",
    "delivery_zipcode": "89139",
    "locale_name": "WESTRIDGE",
    "physical_delivery_address": "7925 W RUSSELL RD",
    "physical_city": "LAS VEGAS",
    "physical_state": "NV",
    "physical_zip": "89113",
    "physical_zip4": "9998"
  },
  {
    "area_name": "WESTPAC",
    "area_code": "4E",
    "district_name": "NV-UT",
    "district_no": "890",
    "delivery_zipcode": "89140",
    "locale_name": "WESTRIDGE",
    "physical_delivery_address": "7925 W RUSSELL RD",
    "physical_city": "LAS VEGAS",
    "physical_state": "NV",
    "physical_zip": "89113",
    "physical_zip4": "9998"
  },
  {
    "area_name": "WESTPAC",
    "area_code": "4E",
    "district_name": "NV-UT",
    "district_no": "890",
    "delivery_zipcode": "89141",
    "locale_name": "SILVERADO",
    "physical_delivery_address": "455 E PEBBLE RD",
    "physical_city": "LAS VEGAS",
    "physical_state": "NV",
    "physical_zip": "89123",
    "physical_zip4": "9998"
  },
  {
    "area_name": "WESTPAC",
    "area_code": "4E",
    "district_name": "NV-UT",
    "district_no": "890",
    "delivery_zipcode": "89142",
    "locale_name": "WINTERWOOD",
    "physical_delivery_address": "5070 VEGAS VALLEY DR",
    "physical_city": "LAS VEGAS",
    "physical_state": "NV",
    "physical_zip": "89142",
    "physical_zip4": "9998"
  },
  {
    "area_name": "WESTPAC",
    "area_code": "4E",
    "district_name": "NV-UT",
    "district_no": "890",
    "delivery_zipcode": "89143",
    "locale_name": "CROSSROADS",
    "physical_delivery_address": "6210 N JONES BLVD",
    "physical_city": "LAS VEGAS",
    "physical_state": "NV",
    "physical_zip": "89130",
    "physical_zip4": "9998"
  },
  {
    "area_name": "WESTPAC",
    "area_code": "4E",
    "district_name": "NV-UT",
    "district_no": "890",
    "delivery_zipcode": "89144",
    "locale_name": "SUMMERLIN",
    "physical_delivery_address": "1611 SPRING GATE LN",
    "physical_city": "LAS VEGAS",
    "physical_state": "NV",
    "physical_zip": "89134",
    "physical_zip4": "9998"
  },
  {
    "area_name": "WESTPAC",
    "area_code": "4E",
    "district_name": "NV-UT",
    "district_no": "890",
    "delivery_zipcode": "89145",
    "locale_name": "RED ROCK VISTA",
    "physical_delivery_address": "2449 N TENAYA WAY",
    "physical_city": "LAS VEGAS",
    "physical_state": "NV",
    "physical_zip": "89128",
    "physical_zip4": "9995"
  },
  {
    "area_name": "WESTPAC",
    "area_code": "4E",
    "district_name": "NV-UT",
    "district_no": "890",
    "delivery_zipcode": "89146",
    "locale_name": "GARSIDE",
    "physical_delivery_address": "1801 S DECATUR BLVD",
    "physical_city": "LAS VEGAS",
    "physical_state": "NV",
    "physical_zip": "89102",
    "physical_zip4": "9998"
  },
  {
    "area_name": "WESTPAC",
    "area_code": "4E",
    "district_name": "NV-UT",
    "district_no": "890",
    "delivery_zipcode": "89147",
    "locale_name": "SPRING VALLEY",
    "physical_delivery_address": "3375 S RAINBOW BLVD",
    "physical_city": "LAS VEGAS",
    "physical_state": "NV",
    "physical_zip": "89146",
    "physical_zip4": "9998"
  },
  {
    "area_name": "WESTPAC",
    "area_code": "4E",
    "district_name": "NV-UT",
    "district_no": "890",
    "delivery_zipcode": "89148",
    "locale_name": "WESTRIDGE",
    "physical_delivery_address": "7925 W RUSSELL RD",
    "physical_city": "LAS VEGAS",
    "physical_state": "NV",
    "physical_zip": "89113",
    "physical_zip4": "9998"
  },
  {
    "area_name": "WESTPAC",
    "area_code": "4E",
    "district_name": "NV-UT",
    "district_no": "890",
    "delivery_zipcode": "89149",
    "locale_name": "CROSSROADS",
    "physical_delivery_address": "6210 N JONES BLVD",
    "physical_city": "LAS VEGAS",
    "physical_state": "NV",
    "physical_zip": "89130",
    "physical_zip4": "9998"
  },
  {
    "area_name": "WESTPAC",
    "area_code": "4E",
    "district_name": "NV-UT",
    "district_no": "890",
    "delivery_zipcode": "89156",
    "locale_name": "SUNRISE",
    "physical_delivery_address": "4885 E CAREY AVE",
    "physical_city": "LAS VEGAS",
    "physical_state": "NV",
    "physical_zip": "89115",
    "physical_zip4": "9998"
  },
  {
    "area_name": "WESTPAC",
    "area_code": "4E",
    "district_name": "NV-UT",
    "district_no": "890",
    "delivery_zipcode": "89157",
    "locale_name": "TOPAZ",
    "physical_delivery_address": "2675 N DECATUR BLVD",
    "physical_city": "LAS VEGAS",
    "physical_state": "NV",
    "physical_zip": "89108",
    "physical_zip4": "2991"
  },
  {
    "area_name": "WESTPAC",
    "area_code": "4E",
    "district_name": "NV-UT",
    "district_no": "890",
    "delivery_zipcode": "89160",
    "locale_name": "DESERT INN",
    "physical_delivery_address": "2478 E DESERT INN RD",
    "physical_city": "LAS VEGAS",
    "physical_state": "NV",
    "physical_zip": "89121",
    "physical_zip4": "9997"
  },
  {
    "area_name": "WESTPAC",
    "area_code": "4E",
    "district_name": "NV-UT",
    "district_no": "890",
    "delivery_zipcode": "89161",
    "locale_name": "JAMES C BROWN JR",
    "physical_delivery_address": "1001 E SUNSET RD UNIT 1001",
    "physical_city": "LAS VEGAS",
    "physical_state": "NV",
    "physical_zip": "89199",
    "physical_zip4": "9712"
  },
  {
    "area_name": "WESTPAC",
    "area_code": "4E",
    "district_name": "NV-UT",
    "district_no": "890",
    "delivery_zipcode": "89162",
    "locale_name": "WINTERWOOD",
    "physical_delivery_address": "5070 VEGAS VALLEY DR",
    "physical_city": "LAS VEGAS",
    "physical_state": "NV",
    "physical_zip": "89142",
    "physical_zip4": "9998"
  },
  {
    "area_name": "WESTPAC",
    "area_code": "4E",
    "district_name": "NV-UT",
    "district_no": "890",
    "delivery_zipcode": "89165",
    "locale_name": "JAMES C BROWN JR",
    "physical_delivery_address": "1001 E SUNSET RD UNIT 1001",
    "physical_city": "LAS VEGAS",
    "physical_state": "NV",
    "physical_zip": "89199",
    "physical_zip4": "9712"
  },
  {
    "area_name": "WESTPAC",
    "area_code": "4E",
    "district_name": "NV-UT",
    "district_no": "890",
    "delivery_zipcode": "89165",
    "locale_name": "SUNRISE",
    "physical_delivery_address": "4885 E CAREY AVE",
    "physical_city": "LAS VEGAS",
    "physical_state": "NV",
    "physical_zip": "89115",
    "physical_zip4": "9998"
  },
  {
    "area_name": "WESTPAC",
    "area_code": "4E",
    "district_name": "NV-UT",
    "district_no": "890",
    "delivery_zipcode": "89166",
    "locale_name": "CROSSROADS",
    "physical_delivery_address": "6210 N JONES BLVD",
    "physical_city": "LAS VEGAS",
    "physical_state": "NV",
    "physical_zip": "89130",
    "physical_zip4": "9998"
  },
  {
    "area_name": "WESTPAC",
    "area_code": "4E",
    "district_name": "NV-UT",
    "district_no": "890",
    "delivery_zipcode": "89169",
    "locale_name": "PARADISE VALLEY",
    "physical_delivery_address": "4975 UNIVERSITY CENTER DR",
    "physical_city": "LAS VEGAS",
    "physical_state": "NV",
    "physical_zip": "89119",
    "physical_zip4": "9998"
  },
  {
    "area_name": "WESTPAC",
    "area_code": "4E",
    "district_name": "NV-UT",
    "district_no": "890",
    "delivery_zipcode": "89170",
    "locale_name": "PARADISE VALLEY",
    "physical_delivery_address": "4975 UNIVERSITY CENTER DR",
    "physical_city": "LAS VEGAS",
    "physical_state": "NV",
    "physical_zip": "89119",
    "physical_zip4": "9998"
  },
  {
    "area_name": "WESTPAC",
    "area_code": "4E",
    "district_name": "NV-UT",
    "district_no": "890",
    "delivery_zipcode": "89173",
    "locale_name": "EMERALD",
    "physical_delivery_address": "4030 S JONES BLVD",
    "physical_city": "LAS VEGAS",
    "physical_state": "NV",
    "physical_zip": "89103",
    "physical_zip4": "9998"
  },
  {
    "area_name": "WESTPAC",
    "area_code": "4E",
    "district_name": "NV-UT",
    "district_no": "890",
    "delivery_zipcode": "89178",
    "locale_name": "WESTRIDGE",
    "physical_delivery_address": "7925 W RUSSELL RD",
    "physical_city": "LAS VEGAS",
    "physical_state": "NV",
    "physical_zip": "89113",
    "physical_zip4": "9998"
  },
  {
    "area_name": "WESTPAC",
    "area_code": "4E",
    "district_name": "NV-UT",
    "district_no": "890",
    "delivery_zipcode": "89179",
    "locale_name": "WESTRIDGE",
    "physical_delivery_address": "7925 W RUSSELL RD",
    "physical_city": "LAS VEGAS",
    "physical_state": "NV",
    "physical_zip": "89113",
    "physical_zip4": "9998"
  },
  {
    "area_name": "WESTPAC",
    "area_code": "4E",
    "district_name": "NV-UT",
    "district_no": "890",
    "delivery_zipcode": "89180",
    "locale_name": "SPRING VALLEY",
    "physical_delivery_address": "3375 S RAINBOW BLVD",
    "physical_city": "LAS VEGAS",
    "physical_state": "NV",
    "physical_zip": "89146",
    "physical_zip4": "9998"
  },
  {
    "area_name": "WESTPAC",
    "area_code": "4E",
    "district_name": "NV-UT",
    "district_no": "890",
    "delivery_zipcode": "89183",
    "locale_name": "SILVERADO",
    "physical_delivery_address": "455 E PEBBLE RD",
    "physical_city": "LAS VEGAS",
    "physical_state": "NV",
    "physical_zip": "89123",
    "physical_zip4": "9998"
  },
  {
    "area_name": "WESTPAC",
    "area_code": "4E",
    "district_name": "NV-UT",
    "district_no": "890",
    "delivery_zipcode": "89191",
    "locale_name": "HUNTRIDGE",
    "physical_delivery_address": "3115 OLIVE ST",
    "physical_city": "LAS VEGAS",
    "physical_state": "NV",
    "physical_zip": "89104",
    "physical_zip4": "4460"
  },
  {
    "area_name": "WESTPAC",
    "area_code": "4E",
    "district_name": "NV-UT",
    "district_no": "890",
    "delivery_zipcode": "89193",
    "locale_name": "JAMES C BROWN JR",
    "physical_delivery_address": "1001 E SUNSET RD UNIT 1001",
    "physical_city": "LAS VEGAS",
    "physical_state": "NV",
    "physical_zip": "89199",
    "physical_zip4": "9712"
  },
  {
    "area_name": "WESTPAC",
    "area_code": "4E",
    "district_name": "NV-UT",
    "district_no": "890",
    "delivery_zipcode": "89301",
    "locale_name": "ELY",
    "physical_delivery_address": "2600 BRISTLECONE AVE",
    "physical_city": "ELY",
    "physical_state": "NV",
    "physical_zip": "89301",
    "physical_zip4": "3140"
  },
  {
    "area_name": "WESTPAC",
    "area_code": "4E",
    "district_name": "NV-UT",
    "district_no": "890",
    "delivery_zipcode": "89310",
    "locale_name": "AUSTIN",
    "physical_delivery_address": "166 MAIN ST",
    "physical_city": "AUSTIN",
    "physical_state": "NV",
    "physical_zip": "89310",
    "physical_zip4": "9995"
  },
  {
    "area_name": "WESTPAC",
    "area_code": "4E",
    "district_name": "NV-UT",
    "district_no": "890",
    "delivery_zipcode": "89311",
    "locale_name": "BAKER",
    "physical_delivery_address": "101 CARSON ST",
    "physical_city": "BAKER",
    "physical_state": "NV",
    "physical_zip": "89311",
    "physical_zip4": "9995"
  },
  {
    "area_name": "WESTPAC",
    "area_code": "4E",
    "district_name": "NV-UT",
    "district_no": "890",
    "delivery_zipcode": "89314",
    "locale_name": "ELY",
    "physical_delivery_address": "2600 BRISTLECONE AVE",
    "physical_city": "ELY",
    "physical_state": "NV",
    "physical_zip": "89301",
    "physical_zip4": "3140"
  },
  {
    "area_name": "WESTPAC",
    "area_code": "4E",
    "district_name": "NV-UT",
    "district_no": "890",
    "delivery_zipcode": "89315",
    "locale_name": "ELY",
    "physical_delivery_address": "2600 BRISTLECONE AVE",
    "physical_city": "ELY",
    "physical_state": "NV",
    "physical_zip": "89301",
    "physical_zip4": "3140"
  },
  {
    "area_name": "WESTPAC",
    "area_code": "4E",
    "district_name": "NV-UT",
    "district_no": "890",
    "delivery_zipcode": "89316",
    "locale_name": "EUREKA",
    "physical_delivery_address": "51 S MAIN ST",
    "physical_city": "EUREKA",
    "physical_state": "NV",
    "physical_zip": "89316",
    "physical_zip4": "9995"
  },
  {
    "area_name": "WESTPAC",
    "area_code": "4E",
    "district_name": "NV-UT",
    "district_no": "890",
    "delivery_zipcode": "89317",
    "locale_name": "LUND",
    "physical_delivery_address": "50 S MAIN ST",
    "physical_city": "LUND",
    "physical_state": "NV",
    "physical_zip": "89317",
    "physical_zip4": "9800"
  },
  {
    "area_name": "WESTPAC",
    "area_code": "4E",
    "district_name": "NV-UT",
    "district_no": "890",
    "delivery_zipcode": "89318",
    "locale_name": "MC GILL",
    "physical_delivery_address": "2 4TH ST",
    "physical_city": "MC GILL",
    "physical_state": "NV",
    "physical_zip": "89318",
    "physical_zip4": "9800"
  },
  {
    "area_name": "WESTPAC",
    "area_code": "4E",
    "district_name": "NV-UT",
    "district_no": "890",
    "delivery_zipcode": "89319",
    "locale_name": "ELY",
    "physical_delivery_address": "2600 BRISTLECONE AVE",
    "physical_city": "ELY",
    "physical_state": "NV",
    "physical_zip": "89301",
    "physical_zip4": "3140"
  },
  {
    "area_name": "WESTPAC",
    "area_code": "4E",
    "district_name": "NV-UT",
    "district_no": "890",
    "delivery_zipcode": "89402",
    "locale_name": "CRYSTAL BAY",
    "physical_delivery_address": "26 STATE ROUTE 28",
    "physical_city": "CRYSTAL BAY",
    "physical_state": "NV",
    "physical_zip": "89402",
    "physical_zip4": "9801"
  },
  {
    "area_name": "WESTPAC",
    "area_code": "4E",
    "district_name": "NV-UT",
    "district_no": "890",
    "delivery_zipcode": "89403",
    "locale_name": "DAYTON",
    "physical_delivery_address": "50 FOURTH AVE",
    "physical_city": "DAYTON",
    "physical_state": "NV",
    "physical_zip": "89403",
    "physical_zip4": "9998"
  },
  {
    "area_name": "WESTPAC",
    "area_code": "4E",
    "district_name": "NV-UT",
    "district_no": "890",
    "delivery_zipcode": "89404",
    "locale_name": "DENIO",
    "physical_delivery_address": "1 MAIN ST",
    "physical_city": "DENIO",
    "physical_state": "NV",
    "physical_zip": "89404",
    "physical_zip4": "9995"
  },
  {
    "area_name": "WESTPAC",
    "area_code": "4E",
    "district_name": "NV-UT",
    "district_no": "890",
    "delivery_zipcode": "89406",
    "locale_name": "FALLON",
    "physical_delivery_address": "120 N MAINE ST",
    "physical_city": "FALLON",
    "physical_state": "NV",
    "physical_zip": "89406",
    "physical_zip4": "2930"
  },
  {
    "area_name": "WESTPAC",
    "area_code": "4E",
    "district_name": "NV-UT",
    "district_no": "890",
    "delivery_zipcode": "89407",
    "locale_name": "FALLON",
    "physical_delivery_address": "120 N MAINE ST",
    "physical_city": "FALLON",
    "physical_state": "NV",
    "physical_zip": "89406",
    "physical_zip4": "2930"
  },
  {
    "area_name": "WESTPAC",
    "area_code": "4E",
    "district_name": "NV-UT",
    "district_no": "890",
    "delivery_zipcode": "89407",
    "locale_name": "PONY EXPRESS",
    "physical_delivery_address": "120 S ALLEN RD",
    "physical_city": "FALLON",
    "physical_state": "NV",
    "physical_zip": "89406",
    "physical_zip4": "3275"
  },
  {
    "area_name": "WESTPAC",
    "area_code": "4E",
    "district_name": "NV-UT",
    "district_no": "890",
    "delivery_zipcode": "89408",
    "locale_name": "FERNLEY",
    "physical_delivery_address": "315 E MAIN ST",
    "physical_city": "FERNLEY",
    "physical_state": "NV",
    "physical_zip": "89408",
    "physical_zip4": "7747"
  },
  {
    "area_name": "WESTPAC",
    "area_code": "4E",
    "district_name": "NV-UT",
    "district_no": "890",
    "delivery_zipcode": "89409",
    "locale_name": "GABBS",
    "physical_delivery_address": "101 4TH ST",
    "physical_city": "GABBS",
    "physical_state": "NV",
    "physical_zip": "89409",
    "physical_zip4": "9800"
  },
  {
    "area_name": "WESTPAC",
    "area_code": "4E",
    "district_name": "NV-UT",
    "district_no": "890",
    "delivery_zipcode": "89410",
    "locale_name": "GARDNERVILLE",
    "physical_delivery_address": "1267 US HIGHWAY 395 N STE L",
    "physical_city": "GARDNERVILLE",
    "physical_state": "NV",
    "physical_zip": "89410",
    "physical_zip4": "8300"
  },
  {
    "area_name": "WESTPAC",
    "area_code": "4E",
    "district_name": "NV-UT",
    "district_no": "890",
    "delivery_zipcode": "89411",
    "locale_name": "GENOA",
    "physical_delivery_address": "2244 FOOTHILL RD",
    "physical_city": "GENOA",
    "physical_state": "NV",
    "physical_zip": "89411",
    "physical_zip4": "9998"
  },
  {
    "area_name": "WESTPAC",
    "area_code": "4E",
    "district_name": "NV-UT",
    "district_no": "890",
    "delivery_zipcode": "89412",
    "locale_name": "GERLACH",
    "physical_delivery_address": "345 E SUNSET BLVD",
    "physical_city": "GERLACH",
    "physical_state": "NV",
    "physical_zip": "89412",
    "physical_zip4": "9800"
  },
  {
    "area_name": "WESTPAC",
    "area_code": "4E",
    "district_name": "NV-UT",
    "district_no": "890",
    "delivery_zipcode": "89413",
    "locale_name": "GLENBROOK",
    "physical_delivery_address": "1785 US HIGHWAY 50",
    "physical_city": "GLENBROOK",
    "physical_state": "NV",
    "physical_zip": "89413",
    "physical_zip4": "9995"
  },
  {
    "area_name": "WESTPAC",
    "area_code": "4E",
    "district_name": "NV-UT",
    "district_no": "890",
    "delivery_zipcode": "89414",
    "locale_name": "GOLCONDA",
    "physical_delivery_address": "295 OLD HIGHWAY 40 E",
    "physical_city": "GOLCONDA",
    "physical_state": "NV",
    "physical_zip": "89414",
    "physical_zip4": "9800"
  },
  {
    "area_name": "WESTPAC",
    "area_code": "4E",
    "district_name": "NV-UT",
    "district_no": "890",
    "delivery_zipcode": "89414",
    "locale_name": "WINNEMUCCA",
    "physical_delivery_address": "850 HANSON ST",
    "physical_city": "WINNEMUCCA",
    "physical_state": "NV",
    "physical_zip": "89445",
    "physical_zip4": "3676"
  },
  {
    "area_name": "WESTPAC",
    "area_code": "4E",
    "district_name": "NV-UT",
    "district_no": "890",
    "delivery_zipcode": "89415",
    "locale_name": "HAWTHORNE",
    "physical_delivery_address": "701 6TH ST",
    "physical_city": "HAWTHORNE",
    "physical_state": "NV",
    "physical_zip": "89415",
    "physical_zip4": "9995"
  },
  {
    "area_name": "WESTPAC",
    "area_code": "4E",
    "district_name": "NV-UT",
    "district_no": "890",
    "delivery_zipcode": "89418",
    "locale_name": "IMLAY",
    "physical_delivery_address": "410 MAIN ST",
    "physical_city": "IMLAY",
    "physical_state": "NV",
    "physical_zip": "89418",
    "physical_zip4": "9995"
  },
  {
    "area_name": "WESTPAC",
    "area_code": "4E",
    "district_name": "NV-UT",
    "district_no": "890",
    "delivery_zipcode": "89419",
    "locale_name": "LOVELOCK",
    "physical_delivery_address": "390 MAIN ST",
    "physical_city": "LOVELOCK",
    "physical_state": "NV",
    "physical_zip": "89419",
    "physical_zip4": "9995"
  },
  {
    "area_name": "WESTPAC",
    "area_code": "4E",
    "district_name": "NV-UT",
    "district_no": "890",
    "delivery_zipcode": "89420",
    "locale_name": "LUNING",
    "physical_delivery_address": "202 PLYMIRE ST",
    "physical_city": "LUNING",
    "physical_state": "NV",
    "physical_zip": "89420",
    "physical_zip4": "9700"
  },
  {
    "area_name": "WESTPAC",
    "area_code": "4E",
    "district_name": "NV-UT",
    "district_no": "890",
    "delivery_zipcode": "89421",
    "locale_name": "MC DERMITT",
    "physical_delivery_address": "5 US HIGHWAY 95 S",
    "physical_city": "MC DERMITT",
    "physical_state": "NV",
    "physical_zip": "89421",
    "physical_zip4": "9800"
  },
  {
    "area_name": "WESTPAC",
    "area_code": "4E",
    "district_name": "NV-UT",
    "district_no": "890",
    "delivery_zipcode": "89422",
    "locale_name": "MINA",
    "physical_delivery_address": "215 8TH ST",
    "physical_city": "MINA",
    "physical_state": "NV",
    "physical_zip": "89422",
    "physical_zip4": "9800"
  },
  {
    "area_name": "WESTPAC",
    "area_code": "4E",
    "district_name": "NV-UT",
    "district_no": "890",
    "delivery_zipcode": "89423",
    "locale_name": "MINDEN",
    "physical_delivery_address": "1640 US HIGHWAY 395 N",
    "physical_city": "MINDEN",
    "physical_state": "NV",
    "physical_zip": "89423",
    "physical_zip4": "4307"
  },
  {
    "area_name": "WESTPAC",
    "area_code": "4E",
    "district_name": "NV-UT",
    "district_no": "890",
    "delivery_zipcode": "89424",
    "locale_name": "NIXON",
    "physical_delivery_address": "199 STATE ROUTE 447",
    "physical_city": "NIXON",
    "physical_state": "NV",
    "physical_zip": "89424",
    "physical_zip4": "9800"
  },
  {
    "area_name": "WESTPAC",
    "area_code": "4E",
    "district_name": "NV-UT",
    "district_no": "890",
    "delivery_zipcode": "89425",
    "locale_name": "OROVADA",
    "physical_delivery_address": "0 US HIGHWAY 95 RD",
    "physical_city": "OROVADA",
    "physical_state": "NV",
    "physical_zip": "89425",
    "physical_zip4": "9995"
  },
  {
    "area_name": "WESTPAC",
    "area_code": "4E",
    "district_name": "NV-UT",
    "district_no": "890",
    "delivery_zipcode": "89426",
    "locale_name": "PARADISE VALLEY",
    "physical_delivery_address": "130 S MAIN ST",
    "physical_city": "PARADISE VALLEY",
    "physical_state": "NV",
    "physical_zip": "89426",
    "physical_zip4": "9800"
  },
  {
    "area_name": "WESTPAC",
    "area_code": "4E",
    "district_name": "NV-UT",
    "district_no": "890",
    "delivery_zipcode": "89427",
    "locale_name": "SCHURZ",
    "physical_delivery_address": "4000A US HIGHWAY 95 N",
    "physical_city": "SCHURZ",
    "physical_state": "NV",
    "physical_zip": "89427",
    "physical_zip4": "9800"
  },
  {
    "area_name": "WESTPAC",
    "area_code": "4E",
    "district_name": "NV-UT",
    "district_no": "890",
    "delivery_zipcode": "89428",
    "locale_name": "SILVER CITY",
    "physical_delivery_address": "270 MAIN ST",
    "physical_city": "SILVER CITY",
    "physical_state": "NV",
    "physical_zip": "89428",
    "physical_zip4": "9800"
  },
  {
    "area_name": "WESTPAC",
    "area_code": "4E",
    "district_name": "NV-UT",
    "district_no": "890",
    "delivery_zipcode": "89429",
    "locale_name": "SILVER SPRINGS",
    "physical_delivery_address": "1250 DONNER TRL",
    "physical_city": "SILVER SPRINGS",
    "physical_state": "NV",
    "physical_zip": "89429",
    "physical_zip4": "9997"
  },
  {
    "area_name": "WESTPAC",
    "area_code": "4E",
    "district_name": "NV-UT",
    "district_no": "890",
    "delivery_zipcode": "89430",
    "locale_name": "SMITH",
    "physical_delivery_address": "2306 STATE ROUTE 208",
    "physical_city": "SMITH",
    "physical_state": "NV",
    "physical_zip": "89430",
    "physical_zip4": "9995"
  },
  {
    "area_name": "WESTPAC",
    "area_code": "4E",
    "district_name": "NV-UT",
    "district_no": "890",
    "delivery_zipcode": "89431",
    "locale_name": "SPARKS",
    "physical_delivery_address": "750 4TH ST",
    "physical_city": "SPARKS",
    "physical_state": "NV",
    "physical_zip": "89431",
    "physical_zip4": "7419"
  },
  {
    "area_name": "WESTPAC",
    "area_code": "4E",
    "district_name": "NV-UT",
    "district_no": "890",
    "delivery_zipcode": "89432",
    "locale_name": "SPARKS",
    "physical_delivery_address": "750 4TH ST",
    "physical_city": "SPARKS",
    "physical_state": "NV",
    "physical_zip": "89431",
    "physical_zip4": "7419"
  },
  {
    "area_name": "WESTPAC",
    "area_code": "4E",
    "district_name": "NV-UT",
    "district_no": "890",
    "delivery_zipcode": "89433",
    "locale_name": "SPARKS",
    "physical_delivery_address": "750 4TH ST",
    "physical_city": "SPARKS",
    "physical_state": "NV",
    "physical_zip": "89431",
    "physical_zip4": "7419"
  },
  {
    "area_name": "WESTPAC",
    "area_code": "4E",
    "district_name": "NV-UT",
    "district_no": "890",
    "delivery_zipcode": "89433",
    "locale_name": "SUN VALLEY",
    "physical_delivery_address": "125 W 6TH AVE",
    "physical_city": "SUN VALLEY",
    "physical_state": "NV",
    "physical_zip": "89433",
    "physical_zip4": "7303"
  },
  {
    "area_name": "WESTPAC",
    "area_code": "4E",
    "district_name": "NV-UT",
    "district_no": "890",
    "delivery_zipcode": "89434",
    "locale_name": "VISTA",
    "physical_delivery_address": "2929 VISTA BLVD",
    "physical_city": "SPARKS",
    "physical_state": "NV",
    "physical_zip": "89434",
    "physical_zip4": "8040"
  },
  {
    "area_name": "WESTPAC",
    "area_code": "4E",
    "district_name": "NV-UT",
    "district_no": "890",
    "delivery_zipcode": "89435",
    "locale_name": "VISTA",
    "physical_delivery_address": "2929 VISTA BLVD",
    "physical_city": "SPARKS",
    "physical_state": "NV",
    "physical_zip": "89434",
    "physical_zip4": "8040"
  },
  {
    "area_name": "WESTPAC",
    "area_code": "4E",
    "district_name": "NV-UT",
    "district_no": "890",
    "delivery_zipcode": "89436",
    "locale_name": "VISTA",
    "physical_delivery_address": "2929 VISTA BLVD",
    "physical_city": "SPARKS",
    "physical_state": "NV",
    "physical_zip": "89434",
    "physical_zip4": "8040"
  },
  {
    "area_name": "WESTPAC",
    "area_code": "4E",
    "district_name": "NV-UT",
    "district_no": "890",
    "delivery_zipcode": "89438",
    "locale_name": "VALMY",
    "physical_delivery_address": "1 I 80 W EXIT 216",
    "physical_city": "VALMY",
    "physical_state": "NV",
    "physical_zip": "89438",
    "physical_zip4": "9800"
  },
  {
    "area_name": "WESTPAC",
    "area_code": "4E",
    "district_name": "NV-UT",
    "district_no": "890",
    "delivery_zipcode": "89439",
    "locale_name": "VERDI",
    "physical_delivery_address": "1675 HIGHWAY 40 W",
    "physical_city": "VERDI",
    "physical_state": "NV",
    "physical_zip": "89439",
    "physical_zip4": "9998"
  },
  {
    "area_name": "WESTPAC",
    "area_code": "4E",
    "district_name": "NV-UT",
    "district_no": "890",
    "delivery_zipcode": "89440",
    "locale_name": "VIRGINIA CITY",
    "physical_delivery_address": "132 S C ST",
    "physical_city": "VIRGINIA CITY",
    "physical_state": "NV",
    "physical_zip": "89440",
    "physical_zip4": "9800"
  },
  {
    "area_name": "WESTPAC",
    "area_code": "4E",
    "district_name": "NV-UT",
    "district_no": "890",
    "delivery_zipcode": "89441",
    "locale_name": "VISTA",
    "physical_delivery_address": "2929 VISTA BLVD",
    "physical_city": "SPARKS",
    "physical_state": "NV",
    "physical_zip": "89434",
    "physical_zip4": "8040"
  },
  {
    "area_name": "WESTPAC",
    "area_code": "4E",
    "district_name": "NV-UT",
    "district_no": "890",
    "delivery_zipcode": "89442",
    "locale_name": "WADSWORTH",
    "physical_delivery_address": "150 US HIGHWAY 40",
    "physical_city": "WADSWORTH",
    "physical_state": "NV",
    "physical_zip": "89442",
    "physical_zip4": "9800"
  },
  {
    "area_name": "WESTPAC",
    "area_code": "4E",
    "district_name": "NV-UT",
    "district_no": "890",
    "delivery_zipcode": "89444",
    "locale_name": "WELLINGTON",
    "physical_delivery_address": "2818 STATE ROUTE 208",
    "physical_city": "WELLINGTON",
    "physical_state": "NV",
    "physical_zip": "89444",
    "physical_zip4": "9995"
  },
  {
    "area_name": "WESTPAC",
    "area_code": "4E",
    "district_name": "NV-UT",
    "district_no": "890",
    "delivery_zipcode": "89445",
    "locale_name": "WINNEMUCCA",
    "physical_delivery_address": "850 HANSON ST",
    "physical_city": "WINNEMUCCA",
    "physical_state": "NV",
    "physical_zip": "89445",
    "physical_zip4": "3676"
  },
  {
    "area_name": "WESTPAC",
    "area_code": "4E",
    "district_name": "NV-UT",
    "district_no": "890",
    "delivery_zipcode": "89446",
    "locale_name": "WINNEMUCCA",
    "physical_delivery_address": "850 HANSON ST",
    "physical_city": "WINNEMUCCA",
    "physical_state": "NV",
    "physical_zip": "89445",
    "physical_zip4": "3676"
  },
  {
    "area_name": "WESTPAC",
    "area_code": "4E",
    "district_name": "NV-UT",
    "district_no": "890",
    "delivery_zipcode": "89447",
    "locale_name": "SOUTH VALLEY",
    "physical_delivery_address": "811 S MAIN ST",
    "physical_city": "YERINGTON",
    "physical_state": "NV",
    "physical_zip": "89447",
    "physical_zip4": "2467"
  },
  {
    "area_name": "WESTPAC",
    "area_code": "4E",
    "district_name": "NV-UT",
    "district_no": "890",
    "delivery_zipcode": "89447",
    "locale_name": "YERINGTON",
    "physical_delivery_address": "26 N MAIN ST",
    "physical_city": "YERINGTON",
    "physical_state": "NV",
    "physical_zip": "89447",
    "physical_zip4": "2278"
  },
  {
    "area_name": "WESTPAC",
    "area_code": "4E",
    "district_name": "NV-UT",
    "district_no": "890",
    "delivery_zipcode": "89448",
    "locale_name": "ZEPHYR COVE",
    "physical_delivery_address": "212 ELKS POINT RD",
    "physical_city": "ZEPHYR COVE",
    "physical_state": "NV",
    "physical_zip": "89448",
    "physical_zip4": "9800"
  },
  {
    "area_name": "WESTPAC",
    "area_code": "4E",
    "district_name": "NV-UT",
    "district_no": "890",
    "delivery_zipcode": "89449",
    "locale_name": "STATELINE",
    "physical_delivery_address": "223 KINGSBURY GRADE",
    "physical_city": "STATELINE",
    "physical_state": "NV",
    "physical_zip": "89449",
    "physical_zip4": "9997"
  },
  {
    "area_name": "WESTPAC",
    "area_code": "4E",
    "district_name": "NV-UT",
    "district_no": "890",
    "delivery_zipcode": "89450",
    "locale_name": "INCLINE VILLAGE",
    "physical_delivery_address": "770 MAYS BLVD",
    "physical_city": "INCLINE VILLAGE",
    "physical_state": "NV",
    "physical_zip": "89451",
    "physical_zip4": "9997"
  },
  {
    "area_name": "WESTPAC",
    "area_code": "4E",
    "district_name": "NV-UT",
    "district_no": "890",
    "delivery_zipcode": "89451",
    "locale_name": "INCLINE VILLAGE",
    "physical_delivery_address": "770 MAYS BLVD",
    "physical_city": "INCLINE VILLAGE",
    "physical_state": "NV",
    "physical_zip": "89451",
    "physical_zip4": "9997"
  },
  {
    "area_name": "WESTPAC",
    "area_code": "4E",
    "district_name": "NV-UT",
    "district_no": "890",
    "delivery_zipcode": "89460",
    "locale_name": "RANCHOS",
    "physical_delivery_address": "1271 KIMMERLING RD",
    "physical_city": "GARDNERVILLE",
    "physical_state": "NV",
    "physical_zip": "89460",
    "physical_zip4": "0800"
  },
  {
    "area_name": "WESTPAC",
    "area_code": "4E",
    "district_name": "NV-UT",
    "district_no": "890",
    "delivery_zipcode": "89501",
    "locale_name": "WASHINGTON",
    "physical_delivery_address": "1490 STARDUST ST",
    "physical_city": "RENO",
    "physical_state": "NV",
    "physical_zip": "89503",
    "physical_zip4": "9998"
  },
  {
    "area_name": "WESTPAC",
    "area_code": "4E",
    "district_name": "NV-UT",
    "district_no": "890",
    "delivery_zipcode": "89502",
    "locale_name": "RENO",
    "physical_delivery_address": "2000 VASSAR ST",
    "physical_city": "RENO",
    "physical_state": "NV",
    "physical_zip": "89510",
    "physical_zip4": "9998"
  },
  {
    "area_name": "WESTPAC",
    "area_code": "4E",
    "district_name": "NV-UT",
    "district_no": "890",
    "delivery_zipcode": "89503",
    "locale_name": "WASHINGTON",
    "physical_delivery_address": "1490 STARDUST ST",
    "physical_city": "RENO",
    "physical_state": "NV",
    "physical_zip": "89503",
    "physical_zip4": "9998"
  },
  {
    "area_name": "WESTPAC",
    "area_code": "4E",
    "district_name": "NV-UT",
    "district_no": "890",
    "delivery_zipcode": "89504",
    "locale_name": "DOWNTOWN RENO",
    "physical_delivery_address": "135 N SIERRA ST STE A1",
    "physical_city": "RENO",
    "physical_state": "NV",
    "physical_zip": "89501",
    "physical_zip4": "1377"
  },
  {
    "area_name": "WESTPAC",
    "area_code": "4E",
    "district_name": "NV-UT",
    "district_no": "890",
    "delivery_zipcode": "89505",
    "locale_name": "DOWNTOWN RENO",
    "physical_delivery_address": "135 N SIERRA ST STE A1",
    "physical_city": "RENO",
    "physical_state": "NV",
    "physical_zip": "89501",
    "physical_zip4": "1377"
  },
  {
    "area_name": "WESTPAC",
    "area_code": "4E",
    "district_name": "NV-UT",
    "district_no": "890",
    "delivery_zipcode": "89506",
    "locale_name": "SIERRA",
    "physical_delivery_address": "1050 N HILLS BLVD",
    "physical_city": "RENO",
    "physical_state": "NV",
    "physical_zip": "89506",
    "physical_zip4": "9997"
  },
  {
    "area_name": "WESTPAC",
    "area_code": "4E",
    "district_name": "NV-UT",
    "district_no": "890",
    "delivery_zipcode": "89507",
    "locale_name": "UNIVERSITY RENO",
    "physical_delivery_address": "1674 N VIRGINIA ST",
    "physical_city": "RENO",
    "physical_state": "NV",
    "physical_zip": "89503",
    "physical_zip4": "9997"
  },
  {
    "area_name": "WESTPAC",
    "area_code": "4E",
    "district_name": "NV-UT",
    "district_no": "890",
    "delivery_zipcode": "89508",
    "locale_name": "SIERRA",
    "physical_delivery_address": "1050 N HILLS BLVD",
    "physical_city": "RENO",
    "physical_state": "NV",
    "physical_zip": "89506",
    "physical_zip4": "9997"
  },
  {
    "area_name": "WESTPAC",
    "area_code": "4E",
    "district_name": "NV-UT",
    "district_no": "890",
    "delivery_zipcode": "89509",
    "locale_name": "RENO",
    "physical_delivery_address": "2000 VASSAR ST",
    "physical_city": "RENO",
    "physical_state": "NV",
    "physical_zip": "89510",
    "physical_zip4": "9998"
  },
  {
    "area_name": "WESTPAC",
    "area_code": "4E",
    "district_name": "NV-UT",
    "district_no": "890",
    "delivery_zipcode": "89510",
    "locale_name": "RENO",
    "physical_delivery_address": "2000 VASSAR ST",
    "physical_city": "RENO",
    "physical_state": "NV",
    "physical_zip": "89510",
    "physical_zip4": "9998"
  },
  {
    "area_name": "WESTPAC",
    "area_code": "4E",
    "district_name": "NV-UT",
    "district_no": "890",
    "delivery_zipcode": "89511",
    "locale_name": "STEAMBOAT",
    "physical_delivery_address": "75 MCCABE DR",
    "physical_city": "RENO",
    "physical_state": "NV",
    "physical_zip": "89511",
    "physical_zip4": "9998"
  },
  {
    "area_name": "WESTPAC",
    "area_code": "4E",
    "district_name": "NV-UT",
    "district_no": "890",
    "delivery_zipcode": "89512",
    "locale_name": "SIERRA",
    "physical_delivery_address": "1050 N HILLS BLVD",
    "physical_city": "RENO",
    "physical_state": "NV",
    "physical_zip": "89506",
    "physical_zip4": "9997"
  },
  {
    "area_name": "WESTPAC",
    "area_code": "4E",
    "district_name": "NV-UT",
    "district_no": "890",
    "delivery_zipcode": "89513",
    "locale_name": "WASHINGTON",
    "physical_delivery_address": "1490 STARDUST ST",
    "physical_city": "RENO",
    "physical_state": "NV",
    "physical_zip": "89503",
    "physical_zip4": "9998"
  },
  {
    "area_name": "WESTPAC",
    "area_code": "4E",
    "district_name": "NV-UT",
    "district_no": "890",
    "delivery_zipcode": "89515",
    "locale_name": "RENO",
    "physical_delivery_address": "2000 VASSAR ST",
    "physical_city": "RENO",
    "physical_state": "NV",
    "physical_zip": "89510",
    "physical_zip4": "9998"
  },
  {
    "area_name": "WESTPAC",
    "area_code": "4E",
    "district_name": "NV-UT",
    "district_no": "890",
    "delivery_zipcode": "89519",
    "locale_name": "RENO",
    "physical_delivery_address": "2000 VASSAR ST",
    "physical_city": "RENO",
    "physical_state": "NV",
    "physical_zip": "89510",
    "physical_zip4": "9998"
  },
  {
    "area_name": "WESTPAC",
    "area_code": "4E",
    "district_name": "NV-UT",
    "district_no": "890",
    "delivery_zipcode": "89520",
    "locale_name": "RENO",
    "physical_delivery_address": "2000 VASSAR ST",
    "physical_city": "RENO",
    "physical_state": "NV",
    "physical_zip": "89510",
    "physical_zip4": "9998"
  },
  {
    "area_name": "WESTPAC",
    "area_code": "4E",
    "district_name": "NV-UT",
    "district_no": "890",
    "delivery_zipcode": "89521",
    "locale_name": "STEAMBOAT",
    "physical_delivery_address": "75 MCCABE DR",
    "physical_city": "RENO",
    "physical_state": "NV",
    "physical_zip": "89511",
    "physical_zip4": "9998"
  },
  {
    "area_name": "WESTPAC",
    "area_code": "4E",
    "district_name": "NV-UT",
    "district_no": "890",
    "delivery_zipcode": "89523",
    "locale_name": "PEAVINE",
    "physical_delivery_address": "1580 GRAND POINT WAY",
    "physical_city": "RENO",
    "physical_state": "NV",
    "physical_zip": "89523",
    "physical_zip4": "9998"
  },
  {
    "area_name": "WESTPAC",
    "area_code": "4E",
    "district_name": "NV-UT",
    "district_no": "890",
    "delivery_zipcode": "89533",
    "locale_name": "PEAVINE",
    "physical_delivery_address": "1580 GRAND POINT WAY",
    "physical_city": "RENO",
    "physical_state": "NV",
    "physical_zip": "89523",
    "physical_zip4": "9998"
  },
  {
    "area_name": "WESTPAC",
    "area_code": "4E",
    "district_name": "NV-UT",
    "district_no": "890",
    "delivery_zipcode": "89570",
    "locale_name": "RENO",
    "physical_delivery_address": "2000 VASSAR ST",
    "physical_city": "RENO",
    "physical_state": "NV",
    "physical_zip": "89510",
    "physical_zip4": "9998"
  },
  {
    "area_name": "WESTPAC",
    "area_code": "4E",
    "district_name": "NV-UT",
    "district_no": "890",
    "delivery_zipcode": "89701",
    "locale_name": "CARSON CITY",
    "physical_delivery_address": "1111 S ROOP ST",
    "physical_city": "CARSON CITY",
    "physical_state": "NV",
    "physical_zip": "89701",
    "physical_zip4": "9998"
  },
  {
    "area_name": "WESTPAC",
    "area_code": "4E",
    "district_name": "NV-UT",
    "district_no": "890",
    "delivery_zipcode": "89702",
    "locale_name": "CARSON CITY",
    "physical_delivery_address": "1111 S ROOP ST",
    "physical_city": "CARSON CITY",
    "physical_state": "NV",
    "physical_zip": "89701",
    "physical_zip4": "9998"
  },
  {
    "area_name": "WESTPAC",
    "area_code": "4E",
    "district_name": "NV-UT",
    "district_no": "890",
    "delivery_zipcode": "89703",
    "locale_name": "CARSON CITY",
    "physical_delivery_address": "1111 S ROOP ST",
    "physical_city": "CARSON CITY",
    "physical_state": "NV",
    "physical_zip": "89701",
    "physical_zip4": "9998"
  },
  {
    "area_name": "WESTPAC",
    "area_code": "4E",
    "district_name": "NV-UT",
    "district_no": "890",
    "delivery_zipcode": "89704",
    "locale_name": "CARSON CITY",
    "physical_delivery_address": "1111 S ROOP ST",
    "physical_city": "CARSON CITY",
    "physical_state": "NV",
    "physical_zip": "89701",
    "physical_zip4": "9998"
  },
  {
    "area_name": "WESTPAC",
    "area_code": "4E",
    "district_name": "NV-UT",
    "district_no": "890",
    "delivery_zipcode": "89705",
    "locale_name": "CARSON CITY",
    "physical_delivery_address": "1111 S ROOP ST",
    "physical_city": "CARSON CITY",
    "physical_state": "NV",
    "physical_zip": "89701",
    "physical_zip4": "9998"
  },
  {
    "area_name": "WESTPAC",
    "area_code": "4E",
    "district_name": "NV-UT",
    "district_no": "890",
    "delivery_zipcode": "89706",
    "locale_name": "CARSON CITY",
    "physical_delivery_address": "1111 S ROOP ST",
    "physical_city": "CARSON CITY",
    "physical_state": "NV",
    "physical_zip": "89701",
    "physical_zip4": "9998"
  },
  {
    "area_name": "WESTPAC",
    "area_code": "4E",
    "district_name": "NV-UT",
    "district_no": "890",
    "delivery_zipcode": "89721",
    "locale_name": "ORMSBY",
    "physical_delivery_address": "2613 EMPIRE RANCH RD",
    "physical_city": "CARSON CITY",
    "physical_state": "NV",
    "physical_zip": "89706",
    "physical_zip4": "9998"
  },
  {
    "area_name": "WESTPAC",
    "area_code": "4E",
    "district_name": "NV-UT",
    "district_no": "890",
    "delivery_zipcode": "89801",
    "locale_name": "ASPEN",
    "physical_delivery_address": "500 ASPEN WAY",
    "physical_city": "ELKO",
    "physical_state": "NV",
    "physical_zip": "89801",
    "physical_zip4": "2797"
  },
  {
    "area_name": "WESTPAC",
    "area_code": "4E",
    "district_name": "NV-UT",
    "district_no": "890",
    "delivery_zipcode": "89803",
    "locale_name": "ELKO",
    "physical_delivery_address": "275 3RD ST",
    "physical_city": "ELKO",
    "physical_state": "NV",
    "physical_zip": "89801",
    "physical_zip4": "3618"
  },
  {
    "area_name": "WESTPAC",
    "area_code": "4E",
    "district_name": "NV-UT",
    "district_no": "890",
    "delivery_zipcode": "89815",
    "locale_name": "SPRING CREEK",
    "physical_delivery_address": "576 SPRING VALLEY CT",
    "physical_city": "SPRING CREEK",
    "physical_state": "NV",
    "physical_zip": "89815",
    "physical_zip4": "9996"
  },
  {
    "area_name": "WESTPAC",
    "area_code": "4E",
    "district_name": "NV-UT",
    "district_no": "890",
    "delivery_zipcode": "89820",
    "locale_name": "BATTLE MOUNTAIN",
    "physical_delivery_address": "810 SUNSET DR",
    "physical_city": "BATTLE MOUNTAIN",
    "physical_state": "NV",
    "physical_zip": "89820",
    "physical_zip4": "2617"
  },
  {
    "area_name": "WESTPAC",
    "area_code": "4E",
    "district_name": "NV-UT",
    "district_no": "890",
    "delivery_zipcode": "89821",
    "locale_name": "CARLIN",
    "physical_delivery_address": "1106 CHESTNUT ST",
    "physical_city": "CARLIN",
    "physical_state": "NV",
    "physical_zip": "89822",
    "physical_zip4": "9995"
  },
  {
    "area_name": "WESTPAC",
    "area_code": "4E",
    "district_name": "NV-UT",
    "district_no": "890",
    "delivery_zipcode": "89822",
    "locale_name": "CARLIN",
    "physical_delivery_address": "1106 CHESTNUT ST",
    "physical_city": "CARLIN",
    "physical_state": "NV",
    "physical_zip": "89822",
    "physical_zip4": "9995"
  },
  {
    "area_name": "WESTPAC",
    "area_code": "4E",
    "district_name": "NV-UT",
    "district_no": "890",
    "delivery_zipcode": "89823",
    "locale_name": "DEETH",
    "physical_delivery_address": "100 MAIN ST",
    "physical_city": "DEETH",
    "physical_state": "NV",
    "physical_zip": "89823",
    "physical_zip4": "9800"
  },
  {
    "area_name": "WESTPAC",
    "area_code": "4E",
    "district_name": "NV-UT",
    "district_no": "890",
    "delivery_zipcode": "89825",
    "locale_name": "JACKPOT",
    "physical_delivery_address": "1925 GURLEY DR",
    "physical_city": "JACKPOT",
    "physical_state": "NV",
    "physical_zip": "89825",
    "physical_zip4": "9995"
  },
  {
    "area_name": "WESTPAC",
    "area_code": "4E",
    "district_name": "NV-UT",
    "district_no": "890",
    "delivery_zipcode": "89826",
    "locale_name": "JARBIDGE",
    "physical_delivery_address": "533 MAIN ST",
    "physical_city": "JARBIDGE",
    "physical_state": "NV",
    "physical_zip": "89826",
    "physical_zip4": "9998"
  },
  {
    "area_name": "WESTPAC",
    "area_code": "4E",
    "district_name": "NV-UT",
    "district_no": "890",
    "delivery_zipcode": "89828",
    "locale_name": "LAMOILLE",
    "physical_delivery_address": "787 LAMOILLE HWY",
    "physical_city": "LAMOILLE",
    "physical_state": "NV",
    "physical_zip": "89828",
    "physical_zip4": "9995"
  },
  {
    "area_name": "WESTPAC",
    "area_code": "4E",
    "district_name": "NV-UT",
    "district_no": "890",
    "delivery_zipcode": "89828",
    "locale_name": "SPRING CREEK",
    "physical_delivery_address": "576 SPRING VALLEY CT",
    "physical_city": "SPRING CREEK",
    "physical_state": "NV",
    "physical_zip": "89815",
    "physical_zip4": "9996"
  },
  {
    "area_name": "WESTPAC",
    "area_code": "4E",
    "district_name": "NV-UT",
    "district_no": "890",
    "delivery_zipcode": "89830",
    "locale_name": "MONTELLO",
    "physical_delivery_address": "143 FRONT ST",
    "physical_city": "MONTELLO",
    "physical_state": "NV",
    "physical_zip": "89830",
    "physical_zip4": "9800"
  },
  {
    "area_name": "WESTPAC",
    "area_code": "4E",
    "district_name": "NV-UT",
    "district_no": "890",
    "delivery_zipcode": "89831",
    "locale_name": "MOUNTAIN CITY",
    "physical_delivery_address": "519 DAVIDSON ST",
    "physical_city": "MOUNTAIN CITY",
    "physical_state": "NV",
    "physical_zip": "89831",
    "physical_zip4": "9995"
  },
  {
    "area_name": "WESTPAC",
    "area_code": "4E",
    "district_name": "NV-UT",
    "district_no": "890",
    "delivery_zipcode": "89832",
    "locale_name": "OWYHEE",
    "physical_delivery_address": "23830 NV STATE HWY 225",
    "physical_city": "OWYHEE",
    "physical_state": "NV",
    "physical_zip": "89832",
    "physical_zip4": "9800"
  },
  {
    "area_name": "WESTPAC",
    "area_code": "4E",
    "district_name": "NV-UT",
    "district_no": "890",
    "delivery_zipcode": "89833",
    "locale_name": "WELLS",
    "physical_delivery_address": "201 CASTLE ST",
    "physical_city": "WELLS",
    "physical_state": "NV",
    "physical_zip": "89835",
    "physical_zip4": "9995"
  },
  {
    "area_name": "WESTPAC",
    "area_code": "4E",
    "district_name": "NV-UT",
    "district_no": "890",
    "delivery_zipcode": "89834",
    "locale_name": "TUSCARORA",
    "physical_delivery_address": "55 WEED ST",
    "physical_city": "TUSCARORA",
    "physical_state": "NV",
    "physical_zip": "89834",
    "physical_zip4": "9995"
  },
  {
    "area_name": "WESTPAC",
    "area_code": "4E",
    "district_name": "NV-UT",
    "district_no": "890",
    "delivery_zipcode": "89835",
    "locale_name": "WELLS",
    "physical_delivery_address": "201 CASTLE ST",
    "physical_city": "WELLS",
    "physical_state": "NV",
    "physical_zip": "89835",
    "physical_zip4": "9995"
  },
  {
    "area_name": "WESTPAC",
    "area_code": "4E",
    "district_name": "NV-UT",
    "district_no": "890",
    "delivery_zipcode": "89883",
    "locale_name": "WEST WENDOVER",
    "physical_delivery_address": "810 ALPINE ST",
    "physical_city": "WEST WENDOVER",
    "physical_state": "NV",
    "physical_zip": "89883",
    "physical_zip4": "9800"
  }
]