[
  {
    "area_name": "SOUTHERN",
    "area_code": "4G",
    "district_name": "PUERTO RICO",
    "district_no": "006",
    "delivery_zipcode": "00601",
    "locale_name": "ADJUNTAS",
    "physical_delivery_address": "37 CALLE MUNOZ RIVERA",
    "physical_city": "ADJUNTAS",
    "physical_state": "PR",
    "physical_zip": "00601",
    "physical_zip4": "9998"
  },
  {
    "area_name": "SOUTHERN",
    "area_code": "4G",
    "district_name": "PUERTO RICO",
    "district_no": "006",
    "delivery_zipcode": "00602",
    "locale_name": "AGUADA",
    "physical_delivery_address": "5 AVE NATIVO ALERS",
    "physical_city": "AGUADA",
    "physical_state": "PR",
    "physical_zip": "00602",
    "physical_zip4": "9998"
  },
  {
    "area_name": "SOUTHERN",
    "area_code": "4G",
    "district_name": "PUERTO RICO",
    "district_no": "006",
    "delivery_zipcode": "00603",
    "locale_name": "AGUADILLA",
    "physical_delivery_address": "50 CARR 459 STE 1",
    "physical_city": "AGUADILLA",
    "physical_state": "PR",
    "physical_zip": "00603",
    "physical_zip4": "9998"
  },
  {
    "area_name": "SOUTHERN",
    "area_code": "4G",
    "district_name": "PUERTO RICO",
    "district_no": "006",
    "delivery_zipcode": "00604",
    "locale_name": "RAMEY",
    "physical_delivery_address": "100 AVE BORINQUEN",
    "physical_city": "AGUADILLA",
    "physical_state": "PR",
    "physical_zip": "00603",
    "physical_zip4": "9996"
  },
  {
    "area_name": "SOUTHERN",
    "area_code": "4G",
    "district_name": "PUERTO RICO",
    "district_no": "006",
    "delivery_zipcode": "00605",
    "locale_name": "AGUADILLA",
    "physical_delivery_address": "50 CARR 459 STE 1",
    "physical_city": "AGUADILLA",
    "physical_state": "PR",
    "physical_zip": "00603",
    "physical_zip4": "9998"
  },
  {
    "area_name": "SOUTHERN",
    "area_code": "4G",
    "district_name": "PUERTO RICO",
    "district_no": "006",
    "delivery_zipcode": "00605",
    "locale_name": "VICTORIA",
    "physical_delivery_address": "68 CALLE RAMON E BETANCES",
    "physical_city": "AGUADILLA",
    "physical_state": "PR",
    "physical_zip": "00603",
    "physical_zip4": "9997"
  },
  {
    "area_name": "SOUTHERN",
    "area_code": "4G",
    "district_name": "PUERTO RICO",
    "district_no": "006",
    "delivery_zipcode": "00606",
    "locale_name": "MARICAO",
    "physical_delivery_address": "9 CALLE ZUZUARREGUI FRNT",
    "physical_city": "MARICAO",
    "physical_state": "PR",
    "physical_zip": "00606",
    "physical_zip4": "9998"
  },
  {
    "area_name": "SOUTHERN",
    "area_code": "4G",
    "district_name": "PUERTO RICO",
    "district_no": "006",
    "delivery_zipcode": "00610",
    "locale_name": "ANASCO",
    "physical_delivery_address": "93 CALLE 65 INFANTERIA STE 1",
    "physical_city": "ANASCO",
    "physical_state": "PR",
    "physical_zip": "00610",
    "physical_zip4": "2947"
  },
  {
    "area_name": "SOUTHERN",
    "area_code": "4G",
    "district_name": "PUERTO RICO",
    "district_no": "006",
    "delivery_zipcode": "00611",
    "locale_name": "ANGELES",
    "physical_delivery_address": "100 CARR 111",
    "physical_city": "ANGELES",
    "physical_state": "PR",
    "physical_zip": "00611",
    "physical_zip4": "9998"
  },
  {
    "area_name": "SOUTHERN",
    "area_code": "4G",
    "district_name": "PUERTO RICO",
    "district_no": "006",
    "delivery_zipcode": "00612",
    "locale_name": "ARECIBO",
    "physical_delivery_address": "10 AVE SAN PATRICIO",
    "physical_city": "ARECIBO",
    "physical_state": "PR",
    "physical_zip": "00612",
    "physical_zip4": "9998"
  },
  {
    "area_name": "SOUTHERN",
    "area_code": "4G",
    "district_name": "PUERTO RICO",
    "district_no": "006",
    "delivery_zipcode": "00613",
    "locale_name": "ARECIBO PUEBLO",
    "physical_delivery_address": "442 AVE JUAN ROSADO STE 1",
    "physical_city": "ARECIBO",
    "physical_state": "PR",
    "physical_zip": "00612",
    "physical_zip4": "1997"
  },
  {
    "area_name": "SOUTHERN",
    "area_code": "4G",
    "district_name": "PUERTO RICO",
    "district_no": "006",
    "delivery_zipcode": "00613",
    "locale_name": "COTTO",
    "physical_delivery_address": "22 CALLE CENTRO COMERCIAL",
    "physical_city": "ARECIBO",
    "physical_state": "PR",
    "physical_zip": "00612",
    "physical_zip4": "9996"
  },
  {
    "area_name": "SOUTHERN",
    "area_code": "4G",
    "district_name": "PUERTO RICO",
    "district_no": "006",
    "delivery_zipcode": "00614",
    "locale_name": "ARECIBO",
    "physical_delivery_address": "10 AVE SAN PATRICIO",
    "physical_city": "ARECIBO",
    "physical_state": "PR",
    "physical_zip": "00612",
    "physical_zip4": "9998"
  },
  {
    "area_name": "SOUTHERN",
    "area_code": "4G",
    "district_name": "PUERTO RICO",
    "district_no": "006",
    "delivery_zipcode": "00616",
    "locale_name": "BAJADERO",
    "physical_delivery_address": "100 CARR 656",
    "physical_city": "BAJADERO",
    "physical_state": "PR",
    "physical_zip": "00616",
    "physical_zip4": "9800"
  },
  {
    "area_name": "SOUTHERN",
    "area_code": "4G",
    "district_name": "PUERTO RICO",
    "district_no": "006",
    "delivery_zipcode": "00617",
    "locale_name": "BARCELONETA",
    "physical_delivery_address": "H1 CALLE 5",
    "physical_city": "BARCELONETA",
    "physical_state": "PR",
    "physical_zip": "00617",
    "physical_zip4": "9998"
  },
  {
    "area_name": "SOUTHERN",
    "area_code": "4G",
    "district_name": "PUERTO RICO",
    "district_no": "006",
    "delivery_zipcode": "00622",
    "locale_name": "BOQUERON",
    "physical_delivery_address": "300 CARR 101",
    "physical_city": "BOQUERON",
    "physical_state": "PR",
    "physical_zip": "00622",
    "physical_zip4": "9997"
  },
  {
    "area_name": "SOUTHERN",
    "area_code": "4G",
    "district_name": "PUERTO RICO",
    "district_no": "006",
    "delivery_zipcode": "00623",
    "locale_name": "CABO ROJO",
    "physical_delivery_address": "64 CALLE CARBONELL",
    "physical_city": "CABO ROJO",
    "physical_state": "PR",
    "physical_zip": "00623",
    "physical_zip4": "9998"
  },
  {
    "area_name": "SOUTHERN",
    "area_code": "4G",
    "district_name": "PUERTO RICO",
    "district_no": "006",
    "delivery_zipcode": "00624",
    "locale_name": "PENUELAS",
    "physical_delivery_address": "100 CARR 132",
    "physical_city": "PENUELAS",
    "physical_state": "PR",
    "physical_zip": "00624",
    "physical_zip4": "9998"
  },
  {
    "area_name": "SOUTHERN",
    "area_code": "4G",
    "district_name": "PUERTO RICO",
    "district_no": "006",
    "delivery_zipcode": "00627",
    "locale_name": "CAMUY",
    "physical_delivery_address": "2 CALLE CORREO",
    "physical_city": "CAMUY",
    "physical_state": "PR",
    "physical_zip": "00627",
    "physical_zip4": "9998"
  },
  {
    "area_name": "SOUTHERN",
    "area_code": "4G",
    "district_name": "PUERTO RICO",
    "district_no": "006",
    "delivery_zipcode": "00631",
    "locale_name": "CPU CASTANER CONTRACT",
    "physical_delivery_address": "135 CARR PRINCIPAL",
    "physical_city": "CASTANER",
    "physical_state": "PR",
    "physical_zip": "00631",
    "physical_zip4": "9997"
  },
  {
    "area_name": "SOUTHERN",
    "area_code": "4G",
    "district_name": "PUERTO RICO",
    "district_no": "006",
    "delivery_zipcode": "00637",
    "locale_name": "SABANA GRANDE",
    "physical_delivery_address": "1 AVE VICENTE QUILINCHINI STE 4",
    "physical_city": "SABANA GRANDE",
    "physical_state": "PR",
    "physical_zip": "00637",
    "physical_zip4": "9998"
  },
  {
    "area_name": "SOUTHERN",
    "area_code": "4G",
    "district_name": "PUERTO RICO",
    "district_no": "006",
    "delivery_zipcode": "00638",
    "locale_name": "CIALES",
    "physical_delivery_address": "25 CARR 149",
    "physical_city": "CIALES",
    "physical_state": "PR",
    "physical_zip": "00638",
    "physical_zip4": "9998"
  },
  {
    "area_name": "SOUTHERN",
    "area_code": "4G",
    "district_name": "PUERTO RICO",
    "district_no": "006",
    "delivery_zipcode": "00641",
    "locale_name": "UTUADO",
    "physical_delivery_address": "41 AVE FERNANDO L RIBAS",
    "physical_city": "UTUADO",
    "physical_state": "PR",
    "physical_zip": "00641",
    "physical_zip4": "9998"
  },
  {
    "area_name": "SOUTHERN",
    "area_code": "4G",
    "district_name": "PUERTO RICO",
    "district_no": "006",
    "delivery_zipcode": "00646",
    "locale_name": "DORADO",
    "physical_delivery_address": "618 AVE JOSE EFRON",
    "physical_city": "DORADO",
    "physical_state": "PR",
    "physical_zip": "00646",
    "physical_zip4": "9997"
  },
  {
    "area_name": "SOUTHERN",
    "area_code": "4G",
    "district_name": "PUERTO RICO",
    "district_no": "006",
    "delivery_zipcode": "00647",
    "locale_name": "ENSENADA",
    "physical_delivery_address": "6 CALLE SEGUNDA SUR",
    "physical_city": "ENSENADA",
    "physical_state": "PR",
    "physical_zip": "00647",
    "physical_zip4": "9998"
  },
  {
    "area_name": "SOUTHERN",
    "area_code": "4G",
    "district_name": "PUERTO RICO",
    "district_no": "006",
    "delivery_zipcode": "00650",
    "locale_name": "FLORIDA",
    "physical_delivery_address": "66 CALLE MUNOZ RIVERA",
    "physical_city": "FLORIDA",
    "physical_state": "PR",
    "physical_zip": "00650",
    "physical_zip4": "9998"
  },
  {
    "area_name": "SOUTHERN",
    "area_code": "4G",
    "district_name": "PUERTO RICO",
    "district_no": "006",
    "delivery_zipcode": "00652",
    "locale_name": "GARROCHALES",
    "physical_delivery_address": "100 CARR 682",
    "physical_city": "GARROCHALES",
    "physical_state": "PR",
    "physical_zip": "00652",
    "physical_zip4": "9997"
  },
  {
    "area_name": "SOUTHERN",
    "area_code": "4G",
    "district_name": "PUERTO RICO",
    "district_no": "006",
    "delivery_zipcode": "00653",
    "locale_name": "GUANICA",
    "physical_delivery_address": "39 CALLE 13 DE MARZO STE 101",
    "physical_city": "GUANICA",
    "physical_state": "PR",
    "physical_zip": "00653",
    "physical_zip4": "9998"
  },
  {
    "area_name": "SOUTHERN",
    "area_code": "4G",
    "district_name": "PUERTO RICO",
    "district_no": "006",
    "delivery_zipcode": "00656",
    "locale_name": "GUAYANILLA",
    "physical_delivery_address": "285 CALLE LUIS MUNOZ RIVERA",
    "physical_city": "GUAYANILLA",
    "physical_state": "PR",
    "physical_zip": "00656",
    "physical_zip4": "9998"
  },
  {
    "area_name": "SOUTHERN",
    "area_code": "4G",
    "district_name": "PUERTO RICO",
    "district_no": "006",
    "delivery_zipcode": "00659",
    "locale_name": "HATILLO",
    "physical_delivery_address": "192 AVE DR SUSONI",
    "physical_city": "HATILLO",
    "physical_state": "PR",
    "physical_zip": "00659",
    "physical_zip4": "9998"
  },
  {
    "area_name": "SOUTHERN",
    "area_code": "4G",
    "district_name": "PUERTO RICO",
    "district_no": "006",
    "delivery_zipcode": "00660",
    "locale_name": "HORMIGUEROS",
    "physical_delivery_address": "250 CARR 344",
    "physical_city": "HORMIGUEROS",
    "physical_state": "PR",
    "physical_zip": "00660",
    "physical_zip4": "9998"
  },
  {
    "area_name": "SOUTHERN",
    "area_code": "4G",
    "district_name": "PUERTO RICO",
    "district_no": "006",
    "delivery_zipcode": "00662",
    "locale_name": "ISABELA",
    "physical_delivery_address": "5 CALLE PINEIRO",
    "physical_city": "ISABELA",
    "physical_state": "PR",
    "physical_zip": "00662",
    "physical_zip4": "3669"
  },
  {
    "area_name": "SOUTHERN",
    "area_code": "4G",
    "district_name": "PUERTO RICO",
    "district_no": "006",
    "delivery_zipcode": "00664",
    "locale_name": "JAYUYA",
    "physical_delivery_address": "15 CALLE A BARCELO STE 2",
    "physical_city": "JAYUYA",
    "physical_state": "PR",
    "physical_zip": "00664",
    "physical_zip4": "9998"
  },
  {
    "area_name": "SOUTHERN",
    "area_code": "4G",
    "district_name": "PUERTO RICO",
    "district_no": "006",
    "delivery_zipcode": "00667",
    "locale_name": "LAJAS",
    "physical_delivery_address": "72 CALLE 65 DE INFANTERIA S",
    "physical_city": "LAJAS",
    "physical_state": "PR",
    "physical_zip": "00667",
    "physical_zip4": "9998"
  },
  {
    "area_name": "SOUTHERN",
    "area_code": "4G",
    "district_name": "PUERTO RICO",
    "district_no": "006",
    "delivery_zipcode": "00669",
    "locale_name": "LARES",
    "physical_delivery_address": "100 AVE LOS PATRIOTAS STE 1",
    "physical_city": "LARES",
    "physical_state": "PR",
    "physical_zip": "00669",
    "physical_zip4": "9998"
  },
  {
    "area_name": "SOUTHERN",
    "area_code": "4G",
    "district_name": "PUERTO RICO",
    "district_no": "006",
    "delivery_zipcode": "00670",
    "locale_name": "LAS MARIAS",
    "physical_delivery_address": "78 AVE MATIAS BRUGMAN",
    "physical_city": "LAS MARIAS",
    "physical_state": "PR",
    "physical_zip": "00670",
    "physical_zip4": "9998"
  },
  {
    "area_name": "SOUTHERN",
    "area_code": "4G",
    "district_name": "PUERTO RICO",
    "district_no": "006",
    "delivery_zipcode": "00674",
    "locale_name": "MANATI",
    "physical_delivery_address": "29 CALLE ELLIOT VELEZ",
    "physical_city": "MANATI",
    "physical_state": "PR",
    "physical_zip": "00674",
    "physical_zip4": "9998"
  },
  {
    "area_name": "SOUTHERN",
    "area_code": "4G",
    "district_name": "PUERTO RICO",
    "district_no": "006",
    "delivery_zipcode": "00676",
    "locale_name": "CPU VOLADORAS CONTRACT",
    "physical_delivery_address": "13654 CARR 420",
    "physical_city": "MOCA",
    "physical_state": "PR",
    "physical_zip": "00676",
    "physical_zip4": "9842"
  },
  {
    "area_name": "SOUTHERN",
    "area_code": "4G",
    "district_name": "PUERTO RICO",
    "district_no": "006",
    "delivery_zipcode": "00676",
    "locale_name": "MOCA",
    "physical_delivery_address": "212 AVE LA MOCA",
    "physical_city": "MOCA",
    "physical_state": "PR",
    "physical_zip": "00676",
    "physical_zip4": "9998"
  },
  {
    "area_name": "SOUTHERN",
    "area_code": "4G",
    "district_name": "PUERTO RICO",
    "district_no": "006",
    "delivery_zipcode": "00677",
    "locale_name": "RINCON",
    "physical_delivery_address": "100 CARR 115",
    "physical_city": "RINCON",
    "physical_state": "PR",
    "physical_zip": "00677",
    "physical_zip4": "9998"
  },
  {
    "area_name": "SOUTHERN",
    "area_code": "4G",
    "district_name": "PUERTO RICO",
    "district_no": "006",
    "delivery_zipcode": "00678",
    "locale_name": "QUEBRADILLAS",
    "physical_delivery_address": "64 CALLE JOSE L LINARES",
    "physical_city": "QUEBRADILLAS",
    "physical_state": "PR",
    "physical_zip": "00678",
    "physical_zip4": "9998"
  },
  {
    "area_name": "SOUTHERN",
    "area_code": "4G",
    "district_name": "PUERTO RICO",
    "district_no": "006",
    "delivery_zipcode": "00680",
    "locale_name": "MARINA",
    "physical_delivery_address": "270 CALLE DE LA CANDELARIA",
    "physical_city": "MAYAGUEZ",
    "physical_state": "PR",
    "physical_zip": "00682",
    "physical_zip4": "9996"
  },
  {
    "area_name": "SOUTHERN",
    "area_code": "4G",
    "district_name": "PUERTO RICO",
    "district_no": "006",
    "delivery_zipcode": "00680",
    "locale_name": "MAYAGUEZ",
    "physical_delivery_address": "60 CALLE MCKINLEY W",
    "physical_city": "MAYAGUEZ",
    "physical_state": "PR",
    "physical_zip": "00680",
    "physical_zip4": "9998"
  },
  {
    "area_name": "SOUTHERN",
    "area_code": "4G",
    "district_name": "PUERTO RICO",
    "district_no": "006",
    "delivery_zipcode": "00681",
    "locale_name": "MARINA",
    "physical_delivery_address": "270 CALLE DE LA CANDELARIA",
    "physical_city": "MAYAGUEZ",
    "physical_state": "PR",
    "physical_zip": "00682",
    "physical_zip4": "9996"
  },
  {
    "area_name": "SOUTHERN",
    "area_code": "4G",
    "district_name": "PUERTO RICO",
    "district_no": "006",
    "delivery_zipcode": "00681",
    "locale_name": "MAYAGUEZ",
    "physical_delivery_address": "60 CALLE MCKINLEY W",
    "physical_city": "MAYAGUEZ",
    "physical_state": "PR",
    "physical_zip": "00680",
    "physical_zip4": "9998"
  },
  {
    "area_name": "SOUTHERN",
    "area_code": "4G",
    "district_name": "PUERTO RICO",
    "district_no": "006",
    "delivery_zipcode": "00682",
    "locale_name": "MARINA",
    "physical_delivery_address": "270 CALLE DE LA CANDELARIA",
    "physical_city": "MAYAGUEZ",
    "physical_state": "PR",
    "physical_zip": "00682",
    "physical_zip4": "9996"
  },
  {
    "area_name": "SOUTHERN",
    "area_code": "4G",
    "district_name": "PUERTO RICO",
    "district_no": "006",
    "delivery_zipcode": "00683",
    "locale_name": "SAN GERMAN",
    "physical_delivery_address": "181 AVE UNIV INTERAMERICANA",
    "physical_city": "SAN GERMAN",
    "physical_state": "PR",
    "physical_zip": "00683",
    "physical_zip4": "9998"
  },
  {
    "area_name": "SOUTHERN",
    "area_code": "4G",
    "district_name": "PUERTO RICO",
    "district_no": "006",
    "delivery_zipcode": "00685",
    "locale_name": "CPU HATO ARRIBA CONTRACT",
    "physical_delivery_address": "1 CARR 111",
    "physical_city": "SAN SEBASTIAN",
    "physical_state": "PR",
    "physical_zip": "00685",
    "physical_zip4": "9996"
  },
  {
    "area_name": "SOUTHERN",
    "area_code": "4G",
    "district_name": "PUERTO RICO",
    "district_no": "006",
    "delivery_zipcode": "00685",
    "locale_name": "CPU JUNCAL CONTRACT",
    "physical_delivery_address": "2 CARR 111",
    "physical_city": "SAN SEBASTIAN",
    "physical_state": "PR",
    "physical_zip": "00685",
    "physical_zip4": "9994"
  },
  {
    "area_name": "SOUTHERN",
    "area_code": "4G",
    "district_name": "PUERTO RICO",
    "district_no": "006",
    "delivery_zipcode": "00685",
    "locale_name": "SAN SEBASTIAN",
    "physical_delivery_address": "211 CALLE RUIZ BELVIS",
    "physical_city": "SAN SEBASTIAN",
    "physical_state": "PR",
    "physical_zip": "00685",
    "physical_zip4": "9998"
  },
  {
    "area_name": "SOUTHERN",
    "area_code": "4G",
    "district_name": "PUERTO RICO",
    "district_no": "006",
    "delivery_zipcode": "00687",
    "locale_name": "MOROVIS",
    "physical_delivery_address": "200 CARR 155",
    "physical_city": "MOROVIS",
    "physical_state": "PR",
    "physical_zip": "00687",
    "physical_zip4": "9998"
  },
  {
    "area_name": "SOUTHERN",
    "area_code": "4G",
    "district_name": "PUERTO RICO",
    "district_no": "006",
    "delivery_zipcode": "00688",
    "locale_name": "SABANA HOYOS",
    "physical_delivery_address": "50 CARR 639",
    "physical_city": "SABANA HOYOS",
    "physical_state": "PR",
    "physical_zip": "00688",
    "physical_zip4": "9591"
  },
  {
    "area_name": "SOUTHERN",
    "area_code": "4G",
    "district_name": "PUERTO RICO",
    "district_no": "006",
    "delivery_zipcode": "00690",
    "locale_name": "SAN ANTONIO",
    "physical_delivery_address": "1068 AVE GENERAL RAMEY",
    "physical_city": "SAN ANTONIO",
    "physical_state": "PR",
    "physical_zip": "00690",
    "physical_zip4": "1216"
  },
  {
    "area_name": "SOUTHERN",
    "area_code": "4G",
    "district_name": "PUERTO RICO",
    "district_no": "006",
    "delivery_zipcode": "00692",
    "locale_name": "BO MARICAO",
    "physical_delivery_address": "100 CARR 677 INT",
    "physical_city": "VEGA ALTA",
    "physical_state": "PR",
    "physical_zip": "00692",
    "physical_zip4": "9431"
  },
  {
    "area_name": "SOUTHERN",
    "area_code": "4G",
    "district_name": "PUERTO RICO",
    "district_no": "006",
    "delivery_zipcode": "00692",
    "locale_name": "VEGA ALTA",
    "physical_delivery_address": "100 CARR 2",
    "physical_city": "VEGA ALTA",
    "physical_state": "PR",
    "physical_zip": "00692",
    "physical_zip4": "9998"
  },
  {
    "area_name": "SOUTHERN",
    "area_code": "4G",
    "district_name": "PUERTO RICO",
    "district_no": "006",
    "delivery_zipcode": "00693",
    "locale_name": "VEGA BAJA",
    "physical_delivery_address": "A10 CALLE 2",
    "physical_city": "VEGA BAJA",
    "physical_state": "PR",
    "physical_zip": "00693",
    "physical_zip4": "9998"
  },
  {
    "area_name": "SOUTHERN",
    "area_code": "4G",
    "district_name": "PUERTO RICO",
    "district_no": "006",
    "delivery_zipcode": "00694",
    "locale_name": "VEGA BAJA",
    "physical_delivery_address": "A10 CALLE 2",
    "physical_city": "VEGA BAJA",
    "physical_state": "PR",
    "physical_zip": "00693",
    "physical_zip4": "9998"
  },
  {
    "area_name": "SOUTHERN",
    "area_code": "4G",
    "district_name": "PUERTO RICO",
    "district_no": "006",
    "delivery_zipcode": "00698",
    "locale_name": "YAUCO",
    "physical_delivery_address": "329 YAUCO PLAZA I",
    "physical_city": "YAUCO",
    "physical_state": "PR",
    "physical_zip": "00698",
    "physical_zip4": "9997"
  },
  {
    "area_name": "SOUTHERN",
    "area_code": "4G",
    "district_name": "PUERTO RICO",
    "district_no": "006",
    "delivery_zipcode": "00703",
    "locale_name": "AGUAS BUENAS",
    "physical_delivery_address": "13 CALLE PIO RECHANI",
    "physical_city": "AGUAS BUENAS",
    "physical_state": "PR",
    "physical_zip": "00703",
    "physical_zip4": "9998"
  },
  {
    "area_name": "SOUTHERN",
    "area_code": "4G",
    "district_name": "PUERTO RICO",
    "district_no": "006",
    "delivery_zipcode": "00704",
    "locale_name": "AGUIRRE",
    "physical_delivery_address": "100 CALLE PRINCIPAL",
    "physical_city": "AGUIRRE",
    "physical_state": "PR",
    "physical_zip": "00704",
    "physical_zip4": "9998"
  },
  {
    "area_name": "SOUTHERN",
    "area_code": "4G",
    "district_name": "PUERTO RICO",
    "district_no": "006",
    "delivery_zipcode": "00705",
    "locale_name": "AIBONITO",
    "physical_delivery_address": "20 CALLE IGNACIO LOPEZ",
    "physical_city": "AIBONITO",
    "physical_state": "PR",
    "physical_zip": "00705",
    "physical_zip4": "9998"
  },
  {
    "area_name": "SOUTHERN",
    "area_code": "4G",
    "district_name": "PUERTO RICO",
    "district_no": "006",
    "delivery_zipcode": "00707",
    "locale_name": "MAUNABO",
    "physical_delivery_address": "184 AVE CALIMANO",
    "physical_city": "MAUNABO",
    "physical_state": "PR",
    "physical_zip": "00707",
    "physical_zip4": "9998"
  },
  {
    "area_name": "SOUTHERN",
    "area_code": "4G",
    "district_name": "PUERTO RICO",
    "district_no": "006",
    "delivery_zipcode": "00714",
    "locale_name": "ARROYO",
    "physical_delivery_address": "111 CALLE MORSE",
    "physical_city": "ARROYO",
    "physical_state": "PR",
    "physical_zip": "00714",
    "physical_zip4": "9998"
  },
  {
    "area_name": "SOUTHERN",
    "area_code": "4G",
    "district_name": "PUERTO RICO",
    "district_no": "006",
    "delivery_zipcode": "00715",
    "locale_name": "MERCEDITA",
    "physical_delivery_address": "100 TURPEAUX IND PARK",
    "physical_city": "MERCEDITA",
    "physical_state": "PR",
    "physical_zip": "00715",
    "physical_zip4": "9998"
  },
  {
    "area_name": "SOUTHERN",
    "area_code": "4G",
    "district_name": "PUERTO RICO",
    "district_no": "006",
    "delivery_zipcode": "00716",
    "locale_name": "PONCE",
    "physical_delivery_address": "2340 AVE EDUARDO RUBERTE",
    "physical_city": "PONCE",
    "physical_state": "PR",
    "physical_zip": "00717",
    "physical_zip4": "9998"
  },
  {
    "area_name": "SOUTHERN",
    "area_code": "4G",
    "district_name": "PUERTO RICO",
    "district_no": "006",
    "delivery_zipcode": "00717",
    "locale_name": "PONCE",
    "physical_delivery_address": "2340 AVE EDUARDO RUBERTE",
    "physical_city": "PONCE",
    "physical_state": "PR",
    "physical_zip": "00717",
    "physical_zip4": "9998"
  },
  {
    "area_name": "SOUTHERN",
    "area_code": "4G",
    "district_name": "PUERTO RICO",
    "district_no": "006",
    "delivery_zipcode": "00718",
    "locale_name": "NAGUABO",
    "physical_delivery_address": "100 CARR 31",
    "physical_city": "NAGUABO",
    "physical_state": "PR",
    "physical_zip": "00718",
    "physical_zip4": "9998"
  },
  {
    "area_name": "SOUTHERN",
    "area_code": "4G",
    "district_name": "PUERTO RICO",
    "district_no": "006",
    "delivery_zipcode": "00719",
    "locale_name": "NARANJITO",
    "physical_delivery_address": "40 CALLE GEORGETTI",
    "physical_city": "NARANJITO",
    "physical_state": "PR",
    "physical_zip": "00719",
    "physical_zip4": "9998"
  },
  {
    "area_name": "SOUTHERN",
    "area_code": "4G",
    "district_name": "PUERTO RICO",
    "district_no": "006",
    "delivery_zipcode": "00720",
    "locale_name": "OROCOVIS",
    "physical_delivery_address": "35 AVE ERNESTO RAMOS ANTONINI",
    "physical_city": "OROCOVIS",
    "physical_state": "PR",
    "physical_zip": "00720",
    "physical_zip4": "9998"
  },
  {
    "area_name": "SOUTHERN",
    "area_code": "4G",
    "district_name": "PUERTO RICO",
    "district_no": "006",
    "delivery_zipcode": "00721",
    "locale_name": "PALMER",
    "physical_delivery_address": "23 CALLE PRINCIPAL",
    "physical_city": "PALMER",
    "physical_state": "PR",
    "physical_zip": "00721",
    "physical_zip4": "9997"
  },
  {
    "area_name": "SOUTHERN",
    "area_code": "4G",
    "district_name": "PUERTO RICO",
    "district_no": "006",
    "delivery_zipcode": "00723",
    "locale_name": "PATILLAS",
    "physical_delivery_address": "101 CARR 3",
    "physical_city": "PATILLAS",
    "physical_state": "PR",
    "physical_zip": "00723",
    "physical_zip4": "9998"
  },
  {
    "area_name": "SOUTHERN",
    "area_code": "4G",
    "district_name": "PUERTO RICO",
    "district_no": "006",
    "delivery_zipcode": "00725",
    "locale_name": "CAGUAS",
    "physical_delivery_address": "225 CALLE GAUTIER BENITEZ",
    "physical_city": "CAGUAS",
    "physical_state": "PR",
    "physical_zip": "00725",
    "physical_zip4": "9998"
  },
  {
    "area_name": "SOUTHERN",
    "area_code": "4G",
    "district_name": "PUERTO RICO",
    "district_no": "006",
    "delivery_zipcode": "00725",
    "locale_name": "NORTH",
    "physical_delivery_address": "555 CALLE EXT MUNOZ RIVERA STE 1",
    "physical_city": "CAGUAS",
    "physical_state": "PR",
    "physical_zip": "00725",
    "physical_zip4": "4361"
  },
  {
    "area_name": "SOUTHERN",
    "area_code": "4G",
    "district_name": "PUERTO RICO",
    "district_no": "006",
    "delivery_zipcode": "00726",
    "locale_name": "CAGUAS",
    "physical_delivery_address": "225 CALLE GAUTIER BENITEZ",
    "physical_city": "CAGUAS",
    "physical_state": "PR",
    "physical_zip": "00725",
    "physical_zip4": "9998"
  },
  {
    "area_name": "SOUTHERN",
    "area_code": "4G",
    "district_name": "PUERTO RICO",
    "district_no": "006",
    "delivery_zipcode": "00726",
    "locale_name": "NORTH",
    "physical_delivery_address": "555 CALLE EXT MUNOZ RIVERA STE 1",
    "physical_city": "CAGUAS",
    "physical_state": "PR",
    "physical_zip": "00725",
    "physical_zip4": "4361"
  },
  {
    "area_name": "SOUTHERN",
    "area_code": "4G",
    "district_name": "PUERTO RICO",
    "district_no": "006",
    "delivery_zipcode": "00727",
    "locale_name": "CAGUAS",
    "physical_delivery_address": "225 CALLE GAUTIER BENITEZ",
    "physical_city": "CAGUAS",
    "physical_state": "PR",
    "physical_zip": "00725",
    "physical_zip4": "9998"
  },
  {
    "area_name": "SOUTHERN",
    "area_code": "4G",
    "district_name": "PUERTO RICO",
    "district_no": "006",
    "delivery_zipcode": "00727",
    "locale_name": "NORTH",
    "physical_delivery_address": "555 CALLE EXT MUNOZ RIVERA STE 1",
    "physical_city": "CAGUAS",
    "physical_state": "PR",
    "physical_zip": "00725",
    "physical_zip4": "4361"
  },
  {
    "area_name": "SOUTHERN",
    "area_code": "4G",
    "district_name": "PUERTO RICO",
    "district_no": "006",
    "delivery_zipcode": "00728",
    "locale_name": "PONCE",
    "physical_delivery_address": "2340 AVE EDUARDO RUBERTE",
    "physical_city": "PONCE",
    "physical_state": "PR",
    "physical_zip": "00717",
    "physical_zip4": "9998"
  },
  {
    "area_name": "SOUTHERN",
    "area_code": "4G",
    "district_name": "PUERTO RICO",
    "district_no": "006",
    "delivery_zipcode": "00729",
    "locale_name": "CANOVANAS",
    "physical_delivery_address": "18400 CARR 3 STE 136",
    "physical_city": "CANOVANAS",
    "physical_state": "PR",
    "physical_zip": "00729",
    "physical_zip4": "9998"
  },
  {
    "area_name": "SOUTHERN",
    "area_code": "4G",
    "district_name": "PUERTO RICO",
    "district_no": "006",
    "delivery_zipcode": "00730",
    "locale_name": "PONCE",
    "physical_delivery_address": "2340 AVE EDUARDO RUBERTE",
    "physical_city": "PONCE",
    "physical_state": "PR",
    "physical_zip": "00717",
    "physical_zip4": "9998"
  },
  {
    "area_name": "SOUTHERN",
    "area_code": "4G",
    "district_name": "PUERTO RICO",
    "district_no": "006",
    "delivery_zipcode": "00731",
    "locale_name": "PONCE",
    "physical_delivery_address": "2340 AVE EDUARDO RUBERTE",
    "physical_city": "PONCE",
    "physical_state": "PR",
    "physical_zip": "00717",
    "physical_zip4": "9998"
  },
  {
    "area_name": "SOUTHERN",
    "area_code": "4G",
    "district_name": "PUERTO RICO",
    "district_no": "006",
    "delivery_zipcode": "00732",
    "locale_name": "CPU UNIVERSIDAD CATOLICA",
    "physical_delivery_address": "2250 BLVD LUIS A FERRE",
    "physical_city": "PONCE",
    "physical_state": "PR",
    "physical_zip": "00717",
    "physical_zip4": "0656"
  },
  {
    "area_name": "SOUTHERN",
    "area_code": "4G",
    "district_name": "PUERTO RICO",
    "district_no": "006",
    "delivery_zipcode": "00732",
    "locale_name": "PONCE",
    "physical_delivery_address": "2340 AVE EDUARDO RUBERTE",
    "physical_city": "PONCE",
    "physical_state": "PR",
    "physical_zip": "00717",
    "physical_zip4": "9998"
  },
  {
    "area_name": "SOUTHERN",
    "area_code": "4G",
    "district_name": "PUERTO RICO",
    "district_no": "006",
    "delivery_zipcode": "00733",
    "locale_name": "ATOCHA",
    "physical_delivery_address": "13 PASEO ATOCHA",
    "physical_city": "PONCE",
    "physical_state": "PR",
    "physical_zip": "00730",
    "physical_zip4": "9996"
  },
  {
    "area_name": "SOUTHERN",
    "area_code": "4G",
    "district_name": "PUERTO RICO",
    "district_no": "006",
    "delivery_zipcode": "00735",
    "locale_name": "CEIBA",
    "physical_delivery_address": "305 AVE LAURO PINERO",
    "physical_city": "CEIBA",
    "physical_state": "PR",
    "physical_zip": "00735",
    "physical_zip4": "9998"
  },
  {
    "area_name": "SOUTHERN",
    "area_code": "4G",
    "district_name": "PUERTO RICO",
    "district_no": "006",
    "delivery_zipcode": "00736",
    "locale_name": "CAYEY",
    "physical_delivery_address": "11 AVE BALDORIOTY E",
    "physical_city": "CAYEY",
    "physical_state": "PR",
    "physical_zip": "00736",
    "physical_zip4": "9998"
  },
  {
    "area_name": "SOUTHERN",
    "area_code": "4G",
    "district_name": "PUERTO RICO",
    "district_no": "006",
    "delivery_zipcode": "00737",
    "locale_name": "CAYEY",
    "physical_delivery_address": "11 AVE BALDORIOTY E",
    "physical_city": "CAYEY",
    "physical_state": "PR",
    "physical_zip": "00736",
    "physical_zip4": "9998"
  },
  {
    "area_name": "SOUTHERN",
    "area_code": "4G",
    "district_name": "PUERTO RICO",
    "district_no": "006",
    "delivery_zipcode": "00738",
    "locale_name": "FAJARDO",
    "physical_delivery_address": "113 CALLE GARRIDO MORALES W",
    "physical_city": "FAJARDO",
    "physical_state": "PR",
    "physical_zip": "00738",
    "physical_zip4": "9998"
  },
  {
    "area_name": "SOUTHERN",
    "area_code": "4G",
    "district_name": "PUERTO RICO",
    "district_no": "006",
    "delivery_zipcode": "00739",
    "locale_name": "CIDRA",
    "physical_delivery_address": "100 AVE INDUSTRIAL",
    "physical_city": "CIDRA",
    "physical_state": "PR",
    "physical_zip": "00739",
    "physical_zip4": "9998"
  },
  {
    "area_name": "SOUTHERN",
    "area_code": "4G",
    "district_name": "PUERTO RICO",
    "district_no": "006",
    "delivery_zipcode": "00740",
    "locale_name": "FAJARDO",
    "physical_delivery_address": "113 CALLE GARRIDO MORALES W",
    "physical_city": "FAJARDO",
    "physical_state": "PR",
    "physical_zip": "00738",
    "physical_zip4": "9998"
  },
  {
    "area_name": "SOUTHERN",
    "area_code": "4G",
    "district_name": "PUERTO RICO",
    "district_no": "006",
    "delivery_zipcode": "00740",
    "locale_name": "PUERTO REAL",
    "physical_delivery_address": "477 CALLE UN",
    "physical_city": "PUERTO REAL",
    "physical_state": "PR",
    "physical_zip": "00740",
    "physical_zip4": "9998"
  },
  {
    "area_name": "SOUTHERN",
    "area_code": "4G",
    "district_name": "PUERTO RICO",
    "district_no": "006",
    "delivery_zipcode": "00741",
    "locale_name": "HUMACAO",
    "physical_delivery_address": "122 CALLE FONT MARTELO",
    "physical_city": "HUMACAO",
    "physical_state": "PR",
    "physical_zip": "00791",
    "physical_zip4": "9998"
  },
  {
    "area_name": "SOUTHERN",
    "area_code": "4G",
    "district_name": "PUERTO RICO",
    "district_no": "006",
    "delivery_zipcode": "00741",
    "locale_name": "PUNTA SANTIAGO",
    "physical_delivery_address": "15 CALLE ADUANA",
    "physical_city": "PUNTA SANTIAGO",
    "physical_state": "PR",
    "physical_zip": "00741",
    "physical_zip4": "9998"
  },
  {
    "area_name": "SOUTHERN",
    "area_code": "4G",
    "district_name": "PUERTO RICO",
    "district_no": "006",
    "delivery_zipcode": "00744",
    "locale_name": "RIO BLANCO",
    "physical_delivery_address": "100 CARR 31",
    "physical_city": "RIO BLANCO",
    "physical_state": "PR",
    "physical_zip": "00744",
    "physical_zip4": "9800"
  },
  {
    "area_name": "SOUTHERN",
    "area_code": "4G",
    "district_name": "PUERTO RICO",
    "district_no": "006",
    "delivery_zipcode": "00745",
    "locale_name": "RIO GRANDE",
    "physical_delivery_address": "99 CALLE PIMENTEL STE 1",
    "physical_city": "RIO GRANDE",
    "physical_state": "PR",
    "physical_zip": "00745",
    "physical_zip4": "9998"
  },
  {
    "area_name": "SOUTHERN",
    "area_code": "4G",
    "district_name": "PUERTO RICO",
    "district_no": "006",
    "delivery_zipcode": "00751",
    "locale_name": "ALBERGUE OLIMPICO",
    "physical_delivery_address": "900 CARR 712",
    "physical_city": "SALINAS",
    "physical_state": "PR",
    "physical_zip": "00751",
    "physical_zip4": "9000"
  },
  {
    "area_name": "SOUTHERN",
    "area_code": "4G",
    "district_name": "PUERTO RICO",
    "district_no": "006",
    "delivery_zipcode": "00751",
    "locale_name": "SALINAS",
    "physical_delivery_address": "100 CARR PLAYA",
    "physical_city": "SALINAS",
    "physical_state": "PR",
    "physical_zip": "00751",
    "physical_zip4": "9998"
  },
  {
    "area_name": "SOUTHERN",
    "area_code": "4G",
    "district_name": "PUERTO RICO",
    "district_no": "006",
    "delivery_zipcode": "00754",
    "locale_name": "SAN LORENZO",
    "physical_delivery_address": "123 CALLE DE DIEGO",
    "physical_city": "SAN LORENZO",
    "physical_state": "PR",
    "physical_zip": "00754",
    "physical_zip4": "9998"
  },
  {
    "area_name": "SOUTHERN",
    "area_code": "4G",
    "district_name": "PUERTO RICO",
    "district_no": "006",
    "delivery_zipcode": "00757",
    "locale_name": "SANTA ISABEL",
    "physical_delivery_address": "36 CALLE LUIS MUNOZ RIVERA STE 1",
    "physical_city": "SANTA ISABEL",
    "physical_state": "PR",
    "physical_zip": "00757",
    "physical_zip4": "9998"
  },
  {
    "area_name": "SOUTHERN",
    "area_code": "4G",
    "district_name": "PUERTO RICO",
    "district_no": "006",
    "delivery_zipcode": "00765",
    "locale_name": "VIEQUES",
    "physical_delivery_address": "300 CALLE ANTONIO G MELLADO STE 1",
    "physical_city": "VIEQUES",
    "physical_state": "PR",
    "physical_zip": "00765",
    "physical_zip4": "9997"
  },
  {
    "area_name": "SOUTHERN",
    "area_code": "4G",
    "district_name": "PUERTO RICO",
    "district_no": "006",
    "delivery_zipcode": "00766",
    "locale_name": "VILLALBA",
    "physical_delivery_address": "25 CALLE MUNOZ RIVERA",
    "physical_city": "VILLALBA",
    "physical_state": "PR",
    "physical_zip": "00766",
    "physical_zip4": "9998"
  },
  {
    "area_name": "SOUTHERN",
    "area_code": "4G",
    "district_name": "PUERTO RICO",
    "district_no": "006",
    "delivery_zipcode": "00767",
    "locale_name": "YABUCOA",
    "physical_delivery_address": "100 CALLE CATALINA MORALES",
    "physical_city": "YABUCOA",
    "physical_state": "PR",
    "physical_zip": "00767",
    "physical_zip4": "9998"
  },
  {
    "area_name": "SOUTHERN",
    "area_code": "4G",
    "district_name": "PUERTO RICO",
    "district_no": "006",
    "delivery_zipcode": "00769",
    "locale_name": "COAMO",
    "physical_delivery_address": "100 CALLE A STE 1",
    "physical_city": "COAMO",
    "physical_state": "PR",
    "physical_zip": "00769",
    "physical_zip4": "3419"
  },
  {
    "area_name": "SOUTHERN",
    "area_code": "4G",
    "district_name": "PUERTO RICO",
    "district_no": "006",
    "delivery_zipcode": "00771",
    "locale_name": "LAS PIEDRAS",
    "physical_delivery_address": "77 CALLE JT PINERO STE 1",
    "physical_city": "LAS PIEDRAS",
    "physical_state": "PR",
    "physical_zip": "00771",
    "physical_zip4": "9998"
  },
  {
    "area_name": "SOUTHERN",
    "area_code": "4G",
    "district_name": "PUERTO RICO",
    "district_no": "006",
    "delivery_zipcode": "00772",
    "locale_name": "LOIZA",
    "physical_delivery_address": "64 CALLE SAN PATRICIO",
    "physical_city": "LOIZA",
    "physical_state": "PR",
    "physical_zip": "00772",
    "physical_zip4": "9998"
  },
  {
    "area_name": "SOUTHERN",
    "area_code": "4G",
    "district_name": "PUERTO RICO",
    "district_no": "006",
    "delivery_zipcode": "00773",
    "locale_name": "LUQUILLO",
    "physical_delivery_address": "160 CALLE QUINTO CENTENARIO",
    "physical_city": "LUQUILLO",
    "physical_state": "PR",
    "physical_zip": "00773",
    "physical_zip4": "9998"
  },
  {
    "area_name": "SOUTHERN",
    "area_code": "4G",
    "district_name": "PUERTO RICO",
    "district_no": "006",
    "delivery_zipcode": "00775",
    "locale_name": "CULEBRA",
    "physical_delivery_address": "26 CALLE PEDRO MARQUEZ",
    "physical_city": "CULEBRA",
    "physical_state": "PR",
    "physical_zip": "00775",
    "physical_zip4": "9800"
  },
  {
    "area_name": "SOUTHERN",
    "area_code": "4G",
    "district_name": "PUERTO RICO",
    "district_no": "006",
    "delivery_zipcode": "00777",
    "locale_name": "JUNCOS",
    "physical_delivery_address": "1 CALLE MUNOZ RIVERA",
    "physical_city": "JUNCOS",
    "physical_state": "PR",
    "physical_zip": "00777",
    "physical_zip4": "9998"
  },
  {
    "area_name": "SOUTHERN",
    "area_code": "4G",
    "district_name": "PUERTO RICO",
    "district_no": "006",
    "delivery_zipcode": "00778",
    "locale_name": "GURABO",
    "physical_delivery_address": "106 CALLE ANGEL C MORALES E",
    "physical_city": "GURABO",
    "physical_state": "PR",
    "physical_zip": "00778",
    "physical_zip4": "9998"
  },
  {
    "area_name": "SOUTHERN",
    "area_code": "4G",
    "district_name": "PUERTO RICO",
    "district_no": "006",
    "delivery_zipcode": "00780",
    "locale_name": "COTO LAUREL",
    "physical_delivery_address": "3007 AVE SAN CRISTOBAL",
    "physical_city": "COTO LAUREL",
    "physical_state": "PR",
    "physical_zip": "00780",
    "physical_zip4": "9998"
  },
  {
    "area_name": "SOUTHERN",
    "area_code": "4G",
    "district_name": "PUERTO RICO",
    "district_no": "006",
    "delivery_zipcode": "00782",
    "locale_name": "COMERIO",
    "physical_delivery_address": "37 CARR 778 STE 3",
    "physical_city": "COMERIO",
    "physical_state": "PR",
    "physical_zip": "00782",
    "physical_zip4": "9998"
  },
  {
    "area_name": "SOUTHERN",
    "area_code": "4G",
    "district_name": "PUERTO RICO",
    "district_no": "006",
    "delivery_zipcode": "00783",
    "locale_name": "COROZAL",
    "physical_delivery_address": "100 COROZAL SHOP CTR STE 104",
    "physical_city": "COROZAL",
    "physical_state": "PR",
    "physical_zip": "00783",
    "physical_zip4": "9998"
  },
  {
    "area_name": "SOUTHERN",
    "area_code": "4G",
    "district_name": "PUERTO RICO",
    "district_no": "006",
    "delivery_zipcode": "00783",
    "locale_name": "CPU PALMARITO CONTRACT",
    "physical_delivery_address": "80101 BO PALMARITO CARR 801 INT",
    "physical_city": "COROZAL",
    "physical_state": "PR",
    "physical_zip": "00783",
    "physical_zip4": "9997"
  },
  {
    "area_name": "SOUTHERN",
    "area_code": "4G",
    "district_name": "PUERTO RICO",
    "district_no": "006",
    "delivery_zipcode": "00784",
    "locale_name": "GUAYAMA",
    "physical_delivery_address": "151 CALLE ASHFORD S",
    "physical_city": "GUAYAMA",
    "physical_state": "PR",
    "physical_zip": "00784",
    "physical_zip4": "9998"
  },
  {
    "area_name": "SOUTHERN",
    "area_code": "4G",
    "district_name": "PUERTO RICO",
    "district_no": "006",
    "delivery_zipcode": "00785",
    "locale_name": "GUAYAMA",
    "physical_delivery_address": "151 CALLE ASHFORD S",
    "physical_city": "GUAYAMA",
    "physical_state": "PR",
    "physical_zip": "00784",
    "physical_zip4": "9998"
  },
  {
    "area_name": "SOUTHERN",
    "area_code": "4G",
    "district_name": "PUERTO RICO",
    "district_no": "006",
    "delivery_zipcode": "00786",
    "locale_name": "LA PLATA",
    "physical_delivery_address": "5 CARR 173",
    "physical_city": "LA PLATA",
    "physical_state": "PR",
    "physical_zip": "00786",
    "physical_zip4": "9997"
  },
  {
    "area_name": "SOUTHERN",
    "area_code": "4G",
    "district_name": "PUERTO RICO",
    "district_no": "006",
    "delivery_zipcode": "00791",
    "locale_name": "HUMACAO",
    "physical_delivery_address": "122 CALLE FONT MARTELO",
    "physical_city": "HUMACAO",
    "physical_state": "PR",
    "physical_zip": "00791",
    "physical_zip4": "9998"
  },
  {
    "area_name": "SOUTHERN",
    "area_code": "4G",
    "district_name": "PUERTO RICO",
    "district_no": "006",
    "delivery_zipcode": "00792",
    "locale_name": "HUMACAO",
    "physical_delivery_address": "122 CALLE FONT MARTELO",
    "physical_city": "HUMACAO",
    "physical_state": "PR",
    "physical_zip": "00791",
    "physical_zip4": "9998"
  },
  {
    "area_name": "SOUTHERN",
    "area_code": "4G",
    "district_name": "PUERTO RICO",
    "district_no": "006",
    "delivery_zipcode": "00794",
    "locale_name": "BARRANQUITAS",
    "physical_delivery_address": "41 CALLE MUNOZ RIVERA FRNT",
    "physical_city": "BARRANQUITAS",
    "physical_state": "PR",
    "physical_zip": "00794",
    "physical_zip4": "9998"
  },
  {
    "area_name": "SOUTHERN",
    "area_code": "4G",
    "district_name": "PUERTO RICO",
    "district_no": "006",
    "delivery_zipcode": "00795",
    "locale_name": "JUANA DIAZ",
    "physical_delivery_address": "72 CALLE EXT MUNOZ RIVERA",
    "physical_city": "JUANA DIAZ",
    "physical_state": "PR",
    "physical_zip": "00795",
    "physical_zip4": "9998"
  },
  {
    "area_name": "SOUTHERN",
    "area_code": "4G",
    "district_name": "PUERTO RICO",
    "district_no": "006",
    "delivery_zipcode": "00901",
    "locale_name": "OLD SAN JUAN",
    "physical_delivery_address": "100 PASEO DE COLON STE 1",
    "physical_city": "SAN JUAN",
    "physical_state": "PR",
    "physical_zip": "00901",
    "physical_zip4": "9998"
  },
  {
    "area_name": "SOUTHERN",
    "area_code": "4G",
    "district_name": "PUERTO RICO",
    "district_no": "006",
    "delivery_zipcode": "00902",
    "locale_name": "OLD SAN JUAN",
    "physical_delivery_address": "100 PASEO DE COLON STE 1",
    "physical_city": "SAN JUAN",
    "physical_state": "PR",
    "physical_zip": "00901",
    "physical_zip4": "9998"
  },
  {
    "area_name": "SOUTHERN",
    "area_code": "4G",
    "district_name": "PUERTO RICO",
    "district_no": "006",
    "delivery_zipcode": "00907",
    "locale_name": "LOIZA STREET",
    "physical_delivery_address": "1959 CALLE LOIZA LBBY",
    "physical_city": "SAN JUAN",
    "physical_state": "PR",
    "physical_zip": "00911",
    "physical_zip4": "9998"
  },
  {
    "area_name": "SOUTHERN",
    "area_code": "4G",
    "district_name": "PUERTO RICO",
    "district_no": "006",
    "delivery_zipcode": "00908",
    "locale_name": "CPU CONDADO CONTRACT STA",
    "physical_delivery_address": "1108 AVE MAGDALENA STE 2",
    "physical_city": "SAN JUAN",
    "physical_state": "PR",
    "physical_zip": "00907",
    "physical_zip4": "9997"
  },
  {
    "area_name": "SOUTHERN",
    "area_code": "4G",
    "district_name": "PUERTO RICO",
    "district_no": "006",
    "delivery_zipcode": "00908",
    "locale_name": "SANTURCE",
    "physical_delivery_address": "800 AVE PONCE DE LEON STE A",
    "physical_city": "SAN JUAN",
    "physical_state": "PR",
    "physical_zip": "00907",
    "physical_zip4": "9998"
  },
  {
    "area_name": "SOUTHERN",
    "area_code": "4G",
    "district_name": "PUERTO RICO",
    "district_no": "006",
    "delivery_zipcode": "00909",
    "locale_name": "LOIZA STREET",
    "physical_delivery_address": "1959 CALLE LOIZA LBBY",
    "physical_city": "SAN JUAN",
    "physical_state": "PR",
    "physical_zip": "00911",
    "physical_zip4": "9998"
  },
  {
    "area_name": "SOUTHERN",
    "area_code": "4G",
    "district_name": "PUERTO RICO",
    "district_no": "006",
    "delivery_zipcode": "00910",
    "locale_name": "FERNANDEZ JUNCOS",
    "physical_delivery_address": "1498 AVE FERNANDEZ JUNCOS",
    "physical_city": "SAN JUAN",
    "physical_state": "PR",
    "physical_zip": "00909",
    "physical_zip4": "9998"
  },
  {
    "area_name": "SOUTHERN",
    "area_code": "4G",
    "district_name": "PUERTO RICO",
    "district_no": "006",
    "delivery_zipcode": "00911",
    "locale_name": "LOIZA STREET",
    "physical_delivery_address": "1959 CALLE LOIZA LBBY",
    "physical_city": "SAN JUAN",
    "physical_state": "PR",
    "physical_zip": "00911",
    "physical_zip4": "9998"
  },
  {
    "area_name": "SOUTHERN",
    "area_code": "4G",
    "district_name": "PUERTO RICO",
    "district_no": "006",
    "delivery_zipcode": "00912",
    "locale_name": "LOIZA STREET",
    "physical_delivery_address": "1959 CALLE LOIZA LBBY",
    "physical_city": "SAN JUAN",
    "physical_state": "PR",
    "physical_zip": "00911",
    "physical_zip4": "9998"
  },
  {
    "area_name": "SOUTHERN",
    "area_code": "4G",
    "district_name": "PUERTO RICO",
    "district_no": "006",
    "delivery_zipcode": "00913",
    "locale_name": "LOIZA STREET",
    "physical_delivery_address": "1959 CALLE LOIZA LBBY",
    "physical_city": "SAN JUAN",
    "physical_state": "PR",
    "physical_zip": "00911",
    "physical_zip4": "9998"
  },
  {
    "area_name": "SOUTHERN",
    "area_code": "4G",
    "district_name": "PUERTO RICO",
    "district_no": "006",
    "delivery_zipcode": "00914",
    "locale_name": "LOIZA STREET",
    "physical_delivery_address": "1959 CALLE LOIZA LBBY",
    "physical_city": "SAN JUAN",
    "physical_state": "PR",
    "physical_zip": "00911",
    "physical_zip4": "9998"
  },
  {
    "area_name": "SOUTHERN",
    "area_code": "4G",
    "district_name": "PUERTO RICO",
    "district_no": "006",
    "delivery_zipcode": "00915",
    "locale_name": "LOIZA STREET",
    "physical_delivery_address": "1959 CALLE LOIZA LBBY",
    "physical_city": "SAN JUAN",
    "physical_state": "PR",
    "physical_zip": "00911",
    "physical_zip4": "9998"
  },
  {
    "area_name": "SOUTHERN",
    "area_code": "4G",
    "district_name": "PUERTO RICO",
    "district_no": "006",
    "delivery_zipcode": "00916",
    "locale_name": "BARRIO OBRERO",
    "physical_delivery_address": "100 CALLE BELLA VIS",
    "physical_city": "SAN JUAN",
    "physical_state": "PR",
    "physical_zip": "00915",
    "physical_zip4": "9997"
  },
  {
    "area_name": "SOUTHERN",
    "area_code": "4G",
    "district_name": "PUERTO RICO",
    "district_no": "006",
    "delivery_zipcode": "00917",
    "locale_name": "HATO REY",
    "physical_delivery_address": "361 CALLE JUAN CALAF",
    "physical_city": "SAN JUAN",
    "physical_state": "PR",
    "physical_zip": "00918",
    "physical_zip4": "9998"
  },
  {
    "area_name": "SOUTHERN",
    "area_code": "4G",
    "district_name": "PUERTO RICO",
    "district_no": "006",
    "delivery_zipcode": "00918",
    "locale_name": "HATO REY",
    "physical_delivery_address": "361 CALLE JUAN CALAF",
    "physical_city": "SAN JUAN",
    "physical_state": "PR",
    "physical_zip": "00918",
    "physical_zip4": "9998"
  },
  {
    "area_name": "SOUTHERN",
    "area_code": "4G",
    "district_name": "PUERTO RICO",
    "district_no": "006",
    "delivery_zipcode": "00919",
    "locale_name": "HATO REY",
    "physical_delivery_address": "361 CALLE JUAN CALAF",
    "physical_city": "SAN JUAN",
    "physical_state": "PR",
    "physical_zip": "00918",
    "physical_zip4": "9998"
  },
  {
    "area_name": "SOUTHERN",
    "area_code": "4G",
    "district_name": "PUERTO RICO",
    "district_no": "006",
    "delivery_zipcode": "00920",
    "locale_name": "CAPARRA CARRIER SECTION",
    "physical_delivery_address": "361 CALLE JUAN CALAF",
    "physical_city": "SAN JUAN",
    "physical_state": "PR",
    "physical_zip": "00918",
    "physical_zip4": "9998"
  },
  {
    "area_name": "SOUTHERN",
    "area_code": "4G",
    "district_name": "PUERTO RICO",
    "district_no": "006",
    "delivery_zipcode": "00921",
    "locale_name": "CAPARRA CARRIER SECTION",
    "physical_delivery_address": "361 CALLE JUAN CALAF",
    "physical_city": "SAN JUAN",
    "physical_state": "PR",
    "physical_zip": "00918",
    "physical_zip4": "9998"
  },
  {
    "area_name": "SOUTHERN",
    "area_code": "4G",
    "district_name": "PUERTO RICO",
    "district_no": "006",
    "delivery_zipcode": "00922",
    "locale_name": "CAPARRA HEIGHTS",
    "physical_delivery_address": "1498 AVE FD ROOSEVELT STE 5B",
    "physical_city": "GUAYNABO",
    "physical_state": "PR",
    "physical_zip": "00968",
    "physical_zip4": "9997"
  },
  {
    "area_name": "SOUTHERN",
    "area_code": "4G",
    "district_name": "PUERTO RICO",
    "district_no": "006",
    "delivery_zipcode": "00923",
    "locale_name": "65TH INFANTRY",
    "physical_delivery_address": "100 CALLE ALONDRA",
    "physical_city": "SAN JUAN",
    "physical_state": "PR",
    "physical_zip": "00924",
    "physical_zip4": "9998"
  },
  {
    "area_name": "SOUTHERN",
    "area_code": "4G",
    "district_name": "PUERTO RICO",
    "district_no": "006",
    "delivery_zipcode": "00924",
    "locale_name": "65TH INFANTRY",
    "physical_delivery_address": "100 CALLE ALONDRA",
    "physical_city": "SAN JUAN",
    "physical_state": "PR",
    "physical_zip": "00924",
    "physical_zip4": "9998"
  },
  {
    "area_name": "SOUTHERN",
    "area_code": "4G",
    "district_name": "PUERTO RICO",
    "district_no": "006",
    "delivery_zipcode": "00925",
    "locale_name": "65TH INFANTRY",
    "physical_delivery_address": "100 CALLE ALONDRA",
    "physical_city": "SAN JUAN",
    "physical_state": "PR",
    "physical_zip": "00924",
    "physical_zip4": "9998"
  },
  {
    "area_name": "SOUTHERN",
    "area_code": "4G",
    "district_name": "PUERTO RICO",
    "district_no": "006",
    "delivery_zipcode": "00926",
    "locale_name": "CUPEY",
    "physical_delivery_address": "369 CALLE SAN CLAUDIO FRNT",
    "physical_city": "SAN JUAN",
    "physical_state": "PR",
    "physical_zip": "00926",
    "physical_zip4": "9998"
  },
  {
    "area_name": "SOUTHERN",
    "area_code": "4G",
    "district_name": "PUERTO RICO",
    "district_no": "006",
    "delivery_zipcode": "00927",
    "locale_name": "CUPEY",
    "physical_delivery_address": "369 CALLE SAN CLAUDIO FRNT",
    "physical_city": "SAN JUAN",
    "physical_state": "PR",
    "physical_zip": "00926",
    "physical_zip4": "9998"
  },
  {
    "area_name": "SOUTHERN",
    "area_code": "4G",
    "district_name": "PUERTO RICO",
    "district_no": "006",
    "delivery_zipcode": "00928",
    "locale_name": "CPU SAN FRANCISCO",
    "physical_delivery_address": "201 AVE DE DIEGO STE 10",
    "physical_city": "SAN JUAN",
    "physical_state": "PR",
    "physical_zip": "00927",
    "physical_zip4": "5832"
  },
  {
    "area_name": "SOUTHERN",
    "area_code": "4G",
    "district_name": "PUERTO RICO",
    "district_no": "006",
    "delivery_zipcode": "00928",
    "locale_name": "RIO PIEDRAS",
    "physical_delivery_address": "112 CALLE ARZUAGA STE 1",
    "physical_city": "SAN JUAN",
    "physical_state": "PR",
    "physical_zip": "00925",
    "physical_zip4": "9998"
  },
  {
    "area_name": "SOUTHERN",
    "area_code": "4G",
    "district_name": "PUERTO RICO",
    "district_no": "006",
    "delivery_zipcode": "00929",
    "locale_name": "65TH INFANTRY",
    "physical_delivery_address": "100 CALLE ALONDRA",
    "physical_city": "SAN JUAN",
    "physical_state": "PR",
    "physical_zip": "00924",
    "physical_zip4": "9998"
  },
  {
    "area_name": "SOUTHERN",
    "area_code": "4G",
    "district_name": "PUERTO RICO",
    "district_no": "006",
    "delivery_zipcode": "00931",
    "locale_name": "RIO PIEDRAS",
    "physical_delivery_address": "112 CALLE ARZUAGA STE 1",
    "physical_city": "SAN JUAN",
    "physical_state": "PR",
    "physical_zip": "00925",
    "physical_zip4": "9998"
  },
  {
    "area_name": "SOUTHERN",
    "area_code": "4G",
    "district_name": "PUERTO RICO",
    "district_no": "006",
    "delivery_zipcode": "00933",
    "locale_name": "VETERANS PLZ",
    "physical_delivery_address": "10 CALLE CASIA",
    "physical_city": "SAN JUAN",
    "physical_state": "PR",
    "physical_zip": "00921",
    "physical_zip4": "3201"
  },
  {
    "area_name": "SOUTHERN",
    "area_code": "4G",
    "district_name": "PUERTO RICO",
    "district_no": "006",
    "delivery_zipcode": "00934",
    "locale_name": "CAPARRA CARRIER SECTION",
    "physical_delivery_address": "361 CALLE JUAN CALAF",
    "physical_city": "SAN JUAN",
    "physical_state": "PR",
    "physical_zip": "00918",
    "physical_zip4": "9998"
  },
  {
    "area_name": "SOUTHERN",
    "area_code": "4G",
    "district_name": "PUERTO RICO",
    "district_no": "006",
    "delivery_zipcode": "00934",
    "locale_name": "CAPARRA HEIGHTS",
    "physical_delivery_address": "1498 AVE FD ROOSEVELT STE 5B",
    "physical_city": "GUAYNABO",
    "physical_state": "PR",
    "physical_zip": "00968",
    "physical_zip4": "9997"
  },
  {
    "area_name": "SOUTHERN",
    "area_code": "4G",
    "district_name": "PUERTO RICO",
    "district_no": "006",
    "delivery_zipcode": "00936",
    "locale_name": "SAN JUAN",
    "physical_delivery_address": "585 AVE FD ROOSEVELT STE 202",
    "physical_city": "SAN JUAN",
    "physical_state": "PR",
    "physical_zip": "00936",
    "physical_zip4": "9998"
  },
  {
    "area_name": "SOUTHERN",
    "area_code": "4G",
    "district_name": "PUERTO RICO",
    "district_no": "006",
    "delivery_zipcode": "00937",
    "locale_name": "SAN JUAN AIRPORT RETAIL",
    "physical_delivery_address": "35 AVE JOSE A TONY SANTANA",
    "physical_city": "CAROLINA",
    "physical_state": "PR",
    "physical_zip": "00979",
    "physical_zip4": "9998"
  },
  {
    "area_name": "SOUTHERN",
    "area_code": "4G",
    "district_name": "PUERTO RICO",
    "district_no": "006",
    "delivery_zipcode": "00940",
    "locale_name": "MINILLAS CENTER",
    "physical_delivery_address": "100 CENTRO GUBERNAMENTAL",
    "physical_city": "SAN JUAN",
    "physical_state": "PR",
    "physical_zip": "00940",
    "physical_zip4": "9997"
  },
  {
    "area_name": "SOUTHERN",
    "area_code": "4G",
    "district_name": "PUERTO RICO",
    "district_no": "006",
    "delivery_zipcode": "00949",
    "locale_name": "TOA BAJA",
    "physical_delivery_address": "600 CALLE DR HERNAN CORTES STE 1",
    "physical_city": "TOA BAJA",
    "physical_state": "PR",
    "physical_zip": "00949",
    "physical_zip4": "9998"
  },
  {
    "area_name": "SOUTHERN",
    "area_code": "4G",
    "district_name": "PUERTO RICO",
    "district_no": "006",
    "delivery_zipcode": "00950",
    "locale_name": "TOA BAJA",
    "physical_delivery_address": "600 CALLE DR HERNAN CORTES STE 1",
    "physical_city": "TOA BAJA",
    "physical_state": "PR",
    "physical_zip": "00949",
    "physical_zip4": "9998"
  },
  {
    "area_name": "SOUTHERN",
    "area_code": "4G",
    "district_name": "PUERTO RICO",
    "district_no": "006",
    "delivery_zipcode": "00951",
    "locale_name": "TOA BAJA PUEBLO",
    "physical_delivery_address": "100 AVE LUIS MUNOZ RIVERA",
    "physical_city": "TOA BAJA",
    "physical_state": "PR",
    "physical_zip": "00949",
    "physical_zip4": "9997"
  },
  {
    "area_name": "SOUTHERN",
    "area_code": "4G",
    "district_name": "PUERTO RICO",
    "district_no": "006",
    "delivery_zipcode": "00952",
    "locale_name": "SABANA SECA",
    "physical_delivery_address": "100 CARR 866",
    "physical_city": "SABANA SECA",
    "physical_state": "PR",
    "physical_zip": "00952",
    "physical_zip4": "9997"
  },
  {
    "area_name": "SOUTHERN",
    "area_code": "4G",
    "district_name": "PUERTO RICO",
    "district_no": "006",
    "delivery_zipcode": "00953",
    "locale_name": "TOA ALTA",
    "physical_delivery_address": "125 CARR 165 STE 1",
    "physical_city": "TOA ALTA",
    "physical_state": "PR",
    "physical_zip": "00953",
    "physical_zip4": "9997"
  },
  {
    "area_name": "SOUTHERN",
    "area_code": "4G",
    "district_name": "PUERTO RICO",
    "district_no": "006",
    "delivery_zipcode": "00954",
    "locale_name": "TOA ALTA",
    "physical_delivery_address": "125 CARR 165 STE 1",
    "physical_city": "TOA ALTA",
    "physical_state": "PR",
    "physical_zip": "00953",
    "physical_zip4": "9997"
  },
  {
    "area_name": "SOUTHERN",
    "area_code": "4G",
    "district_name": "PUERTO RICO",
    "district_no": "006",
    "delivery_zipcode": "00955",
    "locale_name": "SAN JUAN",
    "physical_delivery_address": "585 AVE FD ROOSEVELT STE 202",
    "physical_city": "SAN JUAN",
    "physical_state": "PR",
    "physical_zip": "00936",
    "physical_zip4": "9998"
  },
  {
    "area_name": "SOUTHERN",
    "area_code": "4G",
    "district_name": "PUERTO RICO",
    "district_no": "006",
    "delivery_zipcode": "00956",
    "locale_name": "BAYAMON",
    "physical_delivery_address": "100 AVE RAMON L RODRIGUEZ",
    "physical_city": "BAYAMON",
    "physical_state": "PR",
    "physical_zip": "00959",
    "physical_zip4": "9998"
  },
  {
    "area_name": "SOUTHERN",
    "area_code": "4G",
    "district_name": "PUERTO RICO",
    "district_no": "006",
    "delivery_zipcode": "00957",
    "locale_name": "BAYAMON GDNS",
    "physical_delivery_address": "100 VICTORY SHOPP CTR STE 1",
    "physical_city": "BAYAMON",
    "physical_state": "PR",
    "physical_zip": "00957",
    "physical_zip4": "9998"
  },
  {
    "area_name": "SOUTHERN",
    "area_code": "4G",
    "district_name": "PUERTO RICO",
    "district_no": "006",
    "delivery_zipcode": "00958",
    "locale_name": "BAYAMON GDNS",
    "physical_delivery_address": "100 VICTORY SHOPP CTR STE 1",
    "physical_city": "BAYAMON",
    "physical_state": "PR",
    "physical_zip": "00957",
    "physical_zip4": "9998"
  },
  {
    "area_name": "SOUTHERN",
    "area_code": "4G",
    "district_name": "PUERTO RICO",
    "district_no": "006",
    "delivery_zipcode": "00959",
    "locale_name": "BAYAMON",
    "physical_delivery_address": "100 AVE RAMON L RODRIGUEZ",
    "physical_city": "BAYAMON",
    "physical_state": "PR",
    "physical_zip": "00959",
    "physical_zip4": "9998"
  },
  {
    "area_name": "SOUTHERN",
    "area_code": "4G",
    "district_name": "PUERTO RICO",
    "district_no": "006",
    "delivery_zipcode": "00960",
    "locale_name": "BAYAMON",
    "physical_delivery_address": "100 AVE RAMON L RODRIGUEZ",
    "physical_city": "BAYAMON",
    "physical_state": "PR",
    "physical_zip": "00959",
    "physical_zip4": "9998"
  },
  {
    "area_name": "SOUTHERN",
    "area_code": "4G",
    "district_name": "PUERTO RICO",
    "district_no": "006",
    "delivery_zipcode": "00960",
    "locale_name": "CPU BAYAMON",
    "physical_delivery_address": "40 CALLE BETANCES",
    "physical_city": "BAYAMON",
    "physical_state": "PR",
    "physical_zip": "00961",
    "physical_zip4": "6219"
  },
  {
    "area_name": "SOUTHERN",
    "area_code": "4G",
    "district_name": "PUERTO RICO",
    "district_no": "006",
    "delivery_zipcode": "00961",
    "locale_name": "BAYAMON",
    "physical_delivery_address": "100 AVE RAMON L RODRIGUEZ",
    "physical_city": "BAYAMON",
    "physical_state": "PR",
    "physical_zip": "00959",
    "physical_zip4": "9998"
  },
  {
    "area_name": "SOUTHERN",
    "area_code": "4G",
    "district_name": "PUERTO RICO",
    "district_no": "006",
    "delivery_zipcode": "00962",
    "locale_name": "CATANO",
    "physical_delivery_address": "131 AVE BARBOSA",
    "physical_city": "CATANO",
    "physical_state": "PR",
    "physical_zip": "00962",
    "physical_zip4": "9998"
  },
  {
    "area_name": "SOUTHERN",
    "area_code": "4G",
    "district_name": "PUERTO RICO",
    "district_no": "006",
    "delivery_zipcode": "00963",
    "locale_name": "CATANO",
    "physical_delivery_address": "131 AVE BARBOSA",
    "physical_city": "CATANO",
    "physical_state": "PR",
    "physical_zip": "00962",
    "physical_zip4": "9998"
  },
  {
    "area_name": "SOUTHERN",
    "area_code": "4G",
    "district_name": "PUERTO RICO",
    "district_no": "006",
    "delivery_zipcode": "00965",
    "locale_name": "CATANO",
    "physical_delivery_address": "131 AVE BARBOSA",
    "physical_city": "CATANO",
    "physical_state": "PR",
    "physical_zip": "00962",
    "physical_zip4": "9998"
  },
  {
    "area_name": "SOUTHERN",
    "area_code": "4G",
    "district_name": "PUERTO RICO",
    "district_no": "006",
    "delivery_zipcode": "00966",
    "locale_name": "GUAYNABO",
    "physical_delivery_address": "100 CALLE CECILIO URBINA",
    "physical_city": "GUAYNABO",
    "physical_state": "PR",
    "physical_zip": "00969",
    "physical_zip4": "9998"
  },
  {
    "area_name": "SOUTHERN",
    "area_code": "4G",
    "district_name": "PUERTO RICO",
    "district_no": "006",
    "delivery_zipcode": "00968",
    "locale_name": "GUAYNABO",
    "physical_delivery_address": "100 CALLE CECILIO URBINA",
    "physical_city": "GUAYNABO",
    "physical_state": "PR",
    "physical_zip": "00969",
    "physical_zip4": "9998"
  },
  {
    "area_name": "SOUTHERN",
    "area_code": "4G",
    "district_name": "PUERTO RICO",
    "district_no": "006",
    "delivery_zipcode": "00969",
    "locale_name": "GUAYNABO",
    "physical_delivery_address": "100 CALLE CECILIO URBINA",
    "physical_city": "GUAYNABO",
    "physical_state": "PR",
    "physical_zip": "00969",
    "physical_zip4": "9998"
  },
  {
    "area_name": "SOUTHERN",
    "area_code": "4G",
    "district_name": "PUERTO RICO",
    "district_no": "006",
    "delivery_zipcode": "00970",
    "locale_name": "GUAYNABO",
    "physical_delivery_address": "100 CALLE CECILIO URBINA",
    "physical_city": "GUAYNABO",
    "physical_state": "PR",
    "physical_zip": "00969",
    "physical_zip4": "9998"
  },
  {
    "area_name": "SOUTHERN",
    "area_code": "4G",
    "district_name": "PUERTO RICO",
    "district_no": "006",
    "delivery_zipcode": "00971",
    "locale_name": "GUAYNABO",
    "physical_delivery_address": "100 CALLE CECILIO URBINA",
    "physical_city": "GUAYNABO",
    "physical_state": "PR",
    "physical_zip": "00969",
    "physical_zip4": "9998"
  },
  {
    "area_name": "SOUTHERN",
    "area_code": "4G",
    "district_name": "PUERTO RICO",
    "district_no": "006",
    "delivery_zipcode": "00976",
    "locale_name": "TRUJILLO ALTO",
    "physical_delivery_address": "100 CALLE BORINQUEN",
    "physical_city": "TRUJILLO ALTO",
    "physical_state": "PR",
    "physical_zip": "00976",
    "physical_zip4": "9998"
  },
  {
    "area_name": "SOUTHERN",
    "area_code": "4G",
    "district_name": "PUERTO RICO",
    "district_no": "006",
    "delivery_zipcode": "00977",
    "locale_name": "TRUJILLO ALTO",
    "physical_delivery_address": "100 CALLE BORINQUEN",
    "physical_city": "TRUJILLO ALTO",
    "physical_state": "PR",
    "physical_zip": "00976",
    "physical_zip4": "9998"
  },
  {
    "area_name": "SOUTHERN",
    "area_code": "4G",
    "district_name": "PUERTO RICO",
    "district_no": "006",
    "delivery_zipcode": "00978",
    "locale_name": "CUPEY",
    "physical_delivery_address": "369 CALLE SAN CLAUDIO FRNT",
    "physical_city": "SAN JUAN",
    "physical_state": "PR",
    "physical_zip": "00926",
    "physical_zip4": "9998"
  },
  {
    "area_name": "SOUTHERN",
    "area_code": "4G",
    "district_name": "PUERTO RICO",
    "district_no": "006",
    "delivery_zipcode": "00979",
    "locale_name": "CAROLINA",
    "physical_delivery_address": "1000 AVE SANCHEZ OSORIO",
    "physical_city": "CAROLINA",
    "physical_state": "PR",
    "physical_zip": "00983",
    "physical_zip4": "9998"
  },
  {
    "area_name": "SOUTHERN",
    "area_code": "4G",
    "district_name": "PUERTO RICO",
    "district_no": "006",
    "delivery_zipcode": "00981",
    "locale_name": "SAN JUAN AIRPORT RETAIL",
    "physical_delivery_address": "35 AVE JOSE A TONY SANTANA",
    "physical_city": "CAROLINA",
    "physical_state": "PR",
    "physical_zip": "00979",
    "physical_zip4": "9998"
  },
  {
    "area_name": "SOUTHERN",
    "area_code": "4G",
    "district_name": "PUERTO RICO",
    "district_no": "006",
    "delivery_zipcode": "00982",
    "locale_name": "CAROLINA",
    "physical_delivery_address": "1000 AVE SANCHEZ OSORIO",
    "physical_city": "CAROLINA",
    "physical_state": "PR",
    "physical_zip": "00983",
    "physical_zip4": "9998"
  },
  {
    "area_name": "SOUTHERN",
    "area_code": "4G",
    "district_name": "PUERTO RICO",
    "district_no": "006",
    "delivery_zipcode": "00983",
    "locale_name": "CAROLINA",
    "physical_delivery_address": "1000 AVE SANCHEZ OSORIO",
    "physical_city": "CAROLINA",
    "physical_state": "PR",
    "physical_zip": "00983",
    "physical_zip4": "9998"
  },
  {
    "area_name": "SOUTHERN",
    "area_code": "4G",
    "district_name": "PUERTO RICO",
    "district_no": "006",
    "delivery_zipcode": "00984",
    "locale_name": "CAROLINA",
    "physical_delivery_address": "1000 AVE SANCHEZ OSORIO",
    "physical_city": "CAROLINA",
    "physical_state": "PR",
    "physical_zip": "00983",
    "physical_zip4": "9998"
  },
  {
    "area_name": "SOUTHERN",
    "area_code": "4G",
    "district_name": "PUERTO RICO",
    "district_no": "006",
    "delivery_zipcode": "00984",
    "locale_name": "CPU ISLA VERDE CONTRACT",
    "physical_delivery_address": "150 AVE LOS GOBERNADORES STE 230",
    "physical_city": "CAROLINA",
    "physical_state": "PR",
    "physical_zip": "00979",
    "physical_zip4": "7085"
  },
  {
    "area_name": "SOUTHERN",
    "area_code": "4G",
    "district_name": "PUERTO RICO",
    "district_no": "006",
    "delivery_zipcode": "00985",
    "locale_name": "CAROLINA",
    "physical_delivery_address": "1000 AVE SANCHEZ OSORIO",
    "physical_city": "CAROLINA",
    "physical_state": "PR",
    "physical_zip": "00983",
    "physical_zip4": "9998"
  },
  {
    "area_name": "SOUTHERN",
    "area_code": "4G",
    "district_name": "PUERTO RICO",
    "district_no": "006",
    "delivery_zipcode": "00986",
    "locale_name": "CAROLINA PUEBLO",
    "physical_delivery_address": "108 CALLE MUNOZ RIVERA S",
    "physical_city": "CAROLINA",
    "physical_state": "PR",
    "physical_zip": "00985",
    "physical_zip4": "9997"
  },
  {
    "area_name": "SOUTHERN",
    "area_code": "4G",
    "district_name": "PUERTO RICO",
    "district_no": "006",
    "delivery_zipcode": "00987",
    "locale_name": "CAROLINA",
    "physical_delivery_address": "1000 AVE SANCHEZ OSORIO",
    "physical_city": "CAROLINA",
    "physical_state": "PR",
    "physical_zip": "00983",
    "physical_zip4": "9998"
  },
  {
    "area_name": "SOUTHERN",
    "area_code": "4G",
    "district_name": "PUERTO RICO",
    "district_no": "006",
    "delivery_zipcode": "00988",
    "locale_name": "PLAZA CAROLINA",
    "physical_delivery_address": "200 AVE FRAGOSO STE 322",
    "physical_city": "CAROLINA",
    "physical_state": "PR",
    "physical_zip": "00983",
    "physical_zip4": "9997"
  }
]