[
  {
    "area_name": "ATLANTIC",
    "area_code": "4B",
    "district_name": "MA-RI",
    "district_no": "020",
    "delivery_zipcode": "02801",
    "locale_name": "ADAMSVILLE",
    "physical_delivery_address": "70A CRANDALL RD",
    "physical_city": "ADAMSVILLE",
    "physical_state": "RI",
    "physical_zip": "02801",
    "physical_zip4": "9800"
  },
  {
    "area_name": "ATLANTIC",
    "area_code": "4B",
    "district_name": "MA-RI",
    "district_no": "020",
    "delivery_zipcode": "02802",
    "locale_name": "ALBION",
    "physical_delivery_address": "15 SCHOOL ST",
    "physical_city": "ALBION",
    "physical_state": "RI",
    "physical_zip": "02802",
    "physical_zip4": "9800"
  },
  {
    "area_name": "ATLANTIC",
    "area_code": "4B",
    "district_name": "MA-RI",
    "district_no": "020",
    "delivery_zipcode": "02804",
    "locale_name": "ASHAWAY",
    "physical_delivery_address": "129 MAIN ST",
    "physical_city": "ASHAWAY",
    "physical_state": "RI",
    "physical_zip": "02804",
    "physical_zip4": "2249"
  },
  {
    "area_name": "ATLANTIC",
    "area_code": "4B",
    "district_name": "MA-RI",
    "district_no": "020",
    "delivery_zipcode": "02806",
    "locale_name": "BARRINGTON",
    "physical_delivery_address": "200 MIDDLE HWY",
    "physical_city": "BARRINGTON",
    "physical_state": "RI",
    "physical_zip": "02806",
    "physical_zip4": "9998"
  },
  {
    "area_name": "ATLANTIC",
    "area_code": "4B",
    "district_name": "MA-RI",
    "district_no": "020",
    "delivery_zipcode": "02807",
    "locale_name": "BLOCK ISLAND",
    "physical_delivery_address": "32T WATER ST",
    "physical_city": "BLOCK ISLAND",
    "physical_state": "RI",
    "physical_zip": "02807",
    "physical_zip4": "9800"
  },
  {
    "area_name": "ATLANTIC",
    "area_code": "4B",
    "district_name": "MA-RI",
    "district_no": "020",
    "delivery_zipcode": "02808",
    "locale_name": "BRADFORD",
    "physical_delivery_address": "416 BRADFORD RD",
    "physical_city": "BRADFORD",
    "physical_state": "RI",
    "physical_zip": "02808",
    "physical_zip4": "9998"
  },
  {
    "area_name": "ATLANTIC",
    "area_code": "4B",
    "district_name": "MA-RI",
    "district_no": "020",
    "delivery_zipcode": "02809",
    "locale_name": "BRISTOL",
    "physical_delivery_address": "515 HOPE ST",
    "physical_city": "BRISTOL",
    "physical_state": "RI",
    "physical_zip": "02809",
    "physical_zip4": "9998"
  },
  {
    "area_name": "ATLANTIC",
    "area_code": "4B",
    "district_name": "MA-RI",
    "district_no": "020",
    "delivery_zipcode": "02812",
    "locale_name": "CAROLINA",
    "physical_delivery_address": "790 ALTON CAROLINA RD",
    "physical_city": "CAROLINA",
    "physical_state": "RI",
    "physical_zip": "02812",
    "physical_zip4": "9800"
  },
  {
    "area_name": "ATLANTIC",
    "area_code": "4B",
    "district_name": "MA-RI",
    "district_no": "020",
    "delivery_zipcode": "02812",
    "locale_name": "CHARLESTOWN",
    "physical_delivery_address": "3970 OLD POST RD",
    "physical_city": "CHARLESTOWN",
    "physical_state": "RI",
    "physical_zip": "02813",
    "physical_zip4": "9998"
  },
  {
    "area_name": "ATLANTIC",
    "area_code": "4B",
    "district_name": "MA-RI",
    "district_no": "020",
    "delivery_zipcode": "02813",
    "locale_name": "CHARLESTOWN",
    "physical_delivery_address": "3970 OLD POST RD",
    "physical_city": "CHARLESTOWN",
    "physical_state": "RI",
    "physical_zip": "02813",
    "physical_zip4": "9998"
  },
  {
    "area_name": "ATLANTIC",
    "area_code": "4B",
    "district_name": "MA-RI",
    "district_no": "020",
    "delivery_zipcode": "02814",
    "locale_name": "CHEPACHET",
    "physical_delivery_address": "1151 PUTNAM PIKE",
    "physical_city": "CHEPACHET",
    "physical_state": "RI",
    "physical_zip": "02814",
    "physical_zip4": "1960"
  },
  {
    "area_name": "ATLANTIC",
    "area_code": "4B",
    "district_name": "MA-RI",
    "district_no": "020",
    "delivery_zipcode": "02816",
    "locale_name": "COVENTRY",
    "physical_delivery_address": "1550 NOOSENECK HILL RD",
    "physical_city": "COVENTRY",
    "physical_state": "RI",
    "physical_zip": "02816",
    "physical_zip4": "9998"
  },
  {
    "area_name": "ATLANTIC",
    "area_code": "4B",
    "district_name": "MA-RI",
    "district_no": "020",
    "delivery_zipcode": "02817",
    "locale_name": "COVENTRY",
    "physical_delivery_address": "1550 NOOSENECK HILL RD",
    "physical_city": "COVENTRY",
    "physical_state": "RI",
    "physical_zip": "02816",
    "physical_zip4": "9998"
  },
  {
    "area_name": "ATLANTIC",
    "area_code": "4B",
    "district_name": "MA-RI",
    "district_no": "020",
    "delivery_zipcode": "02818",
    "locale_name": "EAST GREENWICH",
    "physical_delivery_address": "5775 POST RD",
    "physical_city": "EAST GREENWICH",
    "physical_state": "RI",
    "physical_zip": "02818",
    "physical_zip4": "9998"
  },
  {
    "area_name": "ATLANTIC",
    "area_code": "4B",
    "district_name": "MA-RI",
    "district_no": "020",
    "delivery_zipcode": "02818",
    "locale_name": "NORTH KINGSTOWN",
    "physical_delivery_address": "7715 POST RD",
    "physical_city": "NORTH KINGSTOWN",
    "physical_state": "RI",
    "physical_zip": "02852",
    "physical_zip4": "9998"
  },
  {
    "area_name": "ATLANTIC",
    "area_code": "4B",
    "district_name": "MA-RI",
    "district_no": "020",
    "delivery_zipcode": "02822",
    "locale_name": "EXETER",
    "physical_delivery_address": "260 S COUNTY TRL",
    "physical_city": "EXETER",
    "physical_state": "RI",
    "physical_zip": "02822",
    "physical_zip4": "3500"
  },
  {
    "area_name": "ATLANTIC",
    "area_code": "4B",
    "district_name": "MA-RI",
    "district_no": "020",
    "delivery_zipcode": "02823",
    "locale_name": "FISKEVILLE",
    "physical_delivery_address": "206 MAIN ST",
    "physical_city": "FISKEVILLE",
    "physical_state": "RI",
    "physical_zip": "02823",
    "physical_zip4": "9800"
  },
  {
    "area_name": "ATLANTIC",
    "area_code": "4B",
    "district_name": "MA-RI",
    "district_no": "020",
    "delivery_zipcode": "02824",
    "locale_name": "FORESTDALE",
    "physical_delivery_address": "134 SCHOOL ST",
    "physical_city": "FORESTDALE",
    "physical_state": "RI",
    "physical_zip": "02824",
    "physical_zip4": "9800"
  },
  {
    "area_name": "ATLANTIC",
    "area_code": "4B",
    "district_name": "MA-RI",
    "district_no": "020",
    "delivery_zipcode": "02825",
    "locale_name": "FOSTER",
    "physical_delivery_address": "81 FOSTER CENTER RD",
    "physical_city": "FOSTER",
    "physical_state": "RI",
    "physical_zip": "02825",
    "physical_zip4": "1326"
  },
  {
    "area_name": "ATLANTIC",
    "area_code": "4B",
    "district_name": "MA-RI",
    "district_no": "020",
    "delivery_zipcode": "02826",
    "locale_name": "GLENDALE",
    "physical_delivery_address": "1916 VICTORY HWY",
    "physical_city": "GLENDALE",
    "physical_state": "RI",
    "physical_zip": "02826",
    "physical_zip4": "9800"
  },
  {
    "area_name": "ATLANTIC",
    "area_code": "4B",
    "district_name": "MA-RI",
    "district_no": "020",
    "delivery_zipcode": "02827",
    "locale_name": "COVENTRY",
    "physical_delivery_address": "1550 NOOSENECK HILL RD",
    "physical_city": "COVENTRY",
    "physical_state": "RI",
    "physical_zip": "02816",
    "physical_zip4": "9998"
  },
  {
    "area_name": "ATLANTIC",
    "area_code": "4B",
    "district_name": "MA-RI",
    "district_no": "020",
    "delivery_zipcode": "02828",
    "locale_name": "GREENVILLE",
    "physical_delivery_address": "1 AUSTIN AVE REAR",
    "physical_city": "GREENVILLE",
    "physical_state": "RI",
    "physical_zip": "02828",
    "physical_zip4": "9998"
  },
  {
    "area_name": "ATLANTIC",
    "area_code": "4B",
    "district_name": "MA-RI",
    "district_no": "020",
    "delivery_zipcode": "02829",
    "locale_name": "HARMONY",
    "physical_delivery_address": "391 PUTNAM PIKE",
    "physical_city": "HARMONY",
    "physical_state": "RI",
    "physical_zip": "02829",
    "physical_zip4": "9800"
  },
  {
    "area_name": "ATLANTIC",
    "area_code": "4B",
    "district_name": "MA-RI",
    "district_no": "020",
    "delivery_zipcode": "02830",
    "locale_name": "HARRISVILLE",
    "physical_delivery_address": "131 HARRISVILLE MAIN ST",
    "physical_city": "HARRISVILLE",
    "physical_state": "RI",
    "physical_zip": "02830",
    "physical_zip4": "9998"
  },
  {
    "area_name": "ATLANTIC",
    "area_code": "4B",
    "district_name": "MA-RI",
    "district_no": "020",
    "delivery_zipcode": "02831",
    "locale_name": "HOPE",
    "physical_delivery_address": "134 JACKSON FLAT RD",
    "physical_city": "HOPE",
    "physical_state": "RI",
    "physical_zip": "02831",
    "physical_zip4": "9998"
  },
  {
    "area_name": "ATLANTIC",
    "area_code": "4B",
    "district_name": "MA-RI",
    "district_no": "020",
    "delivery_zipcode": "02832",
    "locale_name": "HOPE VALLEY",
    "physical_delivery_address": "1027 MAIN ST",
    "physical_city": "HOPE VALLEY",
    "physical_state": "RI",
    "physical_zip": "02832",
    "physical_zip4": "9998"
  },
  {
    "area_name": "ATLANTIC",
    "area_code": "4B",
    "district_name": "MA-RI",
    "district_no": "020",
    "delivery_zipcode": "02833",
    "locale_name": "HOPKINTON",
    "physical_delivery_address": "482 MAIN ST",
    "physical_city": "HOPKINTON",
    "physical_state": "RI",
    "physical_zip": "02833",
    "physical_zip4": "9800"
  },
  {
    "area_name": "ATLANTIC",
    "area_code": "4B",
    "district_name": "MA-RI",
    "district_no": "020",
    "delivery_zipcode": "02835",
    "locale_name": "JAMESTOWN",
    "physical_delivery_address": "109 NARRAGANSETT AVE",
    "physical_city": "JAMESTOWN",
    "physical_state": "RI",
    "physical_zip": "02835",
    "physical_zip4": "9998"
  },
  {
    "area_name": "ATLANTIC",
    "area_code": "4B",
    "district_name": "MA-RI",
    "district_no": "020",
    "delivery_zipcode": "02837",
    "locale_name": "LITTLE COMPTON",
    "physical_delivery_address": "4 S OF COMMONS RD",
    "physical_city": "LITTLE COMPTON",
    "physical_state": "RI",
    "physical_zip": "02837",
    "physical_zip4": "9998"
  },
  {
    "area_name": "ATLANTIC",
    "area_code": "4B",
    "district_name": "MA-RI",
    "district_no": "020",
    "delivery_zipcode": "02838",
    "locale_name": "MANVILLE",
    "physical_delivery_address": "30 RAILROAD ST STE 3",
    "physical_city": "MANVILLE",
    "physical_state": "RI",
    "physical_zip": "02838",
    "physical_zip4": "9998"
  },
  {
    "area_name": "ATLANTIC",
    "area_code": "4B",
    "district_name": "MA-RI",
    "district_no": "020",
    "delivery_zipcode": "02839",
    "locale_name": "HARRISVILLE",
    "physical_delivery_address": "131 HARRISVILLE MAIN ST",
    "physical_city": "HARRISVILLE",
    "physical_state": "RI",
    "physical_zip": "02830",
    "physical_zip4": "9998"
  },
  {
    "area_name": "ATLANTIC",
    "area_code": "4B",
    "district_name": "MA-RI",
    "district_no": "020",
    "delivery_zipcode": "02839",
    "locale_name": "MAPLEVILLE",
    "physical_delivery_address": "963 VICTORY HWY",
    "physical_city": "MAPLEVILLE",
    "physical_state": "RI",
    "physical_zip": "02839",
    "physical_zip4": "1180"
  },
  {
    "area_name": "ATLANTIC",
    "area_code": "4B",
    "district_name": "MA-RI",
    "district_no": "020",
    "delivery_zipcode": "02840",
    "locale_name": "BROADWAY",
    "physical_delivery_address": "169 BROADWAY",
    "physical_city": "NEWPORT",
    "physical_state": "RI",
    "physical_zip": "02840",
    "physical_zip4": "9994"
  },
  {
    "area_name": "ATLANTIC",
    "area_code": "4B",
    "district_name": "MA-RI",
    "district_no": "020",
    "delivery_zipcode": "02840",
    "locale_name": "NEWPORT",
    "physical_delivery_address": "320 THAMES ST STE 1",
    "physical_city": "NEWPORT",
    "physical_state": "RI",
    "physical_zip": "02840",
    "physical_zip4": "9998"
  },
  {
    "area_name": "ATLANTIC",
    "area_code": "4B",
    "district_name": "MA-RI",
    "district_no": "020",
    "delivery_zipcode": "02841",
    "locale_name": "NETC STATION",
    "physical_delivery_address": "1900 PEARY ST STE 2",
    "physical_city": "NEWPORT",
    "physical_state": "RI",
    "physical_zip": "02841",
    "physical_zip4": "1644"
  },
  {
    "area_name": "ATLANTIC",
    "area_code": "4B",
    "district_name": "MA-RI",
    "district_no": "020",
    "delivery_zipcode": "02842",
    "locale_name": "MIDDLETOWN",
    "physical_delivery_address": "7 COMMERCIAL BLVD",
    "physical_city": "MIDDLETOWN",
    "physical_state": "RI",
    "physical_zip": "02842",
    "physical_zip4": "6290"
  },
  {
    "area_name": "ATLANTIC",
    "area_code": "4B",
    "district_name": "MA-RI",
    "district_no": "020",
    "delivery_zipcode": "02852",
    "locale_name": "NORTH KINGSTOWN",
    "physical_delivery_address": "7715 POST RD",
    "physical_city": "NORTH KINGSTOWN",
    "physical_state": "RI",
    "physical_zip": "02852",
    "physical_zip4": "9998"
  },
  {
    "area_name": "ATLANTIC",
    "area_code": "4B",
    "district_name": "MA-RI",
    "district_no": "020",
    "delivery_zipcode": "02857",
    "locale_name": "NORTH SCITUATE",
    "physical_delivery_address": "175 DANIELSON PIKE",
    "physical_city": "NORTH SCITUATE",
    "physical_state": "RI",
    "physical_zip": "02857",
    "physical_zip4": "1961"
  },
  {
    "area_name": "ATLANTIC",
    "area_code": "4B",
    "district_name": "MA-RI",
    "district_no": "020",
    "delivery_zipcode": "02859",
    "locale_name": "PASCOAG",
    "physical_delivery_address": "35 BRIDGE WAY",
    "physical_city": "PASCOAG",
    "physical_state": "RI",
    "physical_zip": "02859",
    "physical_zip4": "3132"
  },
  {
    "area_name": "ATLANTIC",
    "area_code": "4B",
    "district_name": "MA-RI",
    "district_no": "020",
    "delivery_zipcode": "02860",
    "locale_name": "PAWTUCKET",
    "physical_delivery_address": "40 MONTGOMERY ST",
    "physical_city": "PAWTUCKET",
    "physical_state": "RI",
    "physical_zip": "02860",
    "physical_zip4": "9998"
  },
  {
    "area_name": "ATLANTIC",
    "area_code": "4B",
    "district_name": "MA-RI",
    "district_no": "020",
    "delivery_zipcode": "02861",
    "locale_name": "DARLINGTON",
    "physical_delivery_address": "30 MONTICELLO RD",
    "physical_city": "PAWTUCKET",
    "physical_state": "RI",
    "physical_zip": "02861",
    "physical_zip4": "3810"
  },
  {
    "area_name": "ATLANTIC",
    "area_code": "4B",
    "district_name": "MA-RI",
    "district_no": "020",
    "delivery_zipcode": "02862",
    "locale_name": "PAWTUCKET",
    "physical_delivery_address": "40 MONTGOMERY ST",
    "physical_city": "PAWTUCKET",
    "physical_state": "RI",
    "physical_zip": "02860",
    "physical_zip4": "9998"
  },
  {
    "area_name": "ATLANTIC",
    "area_code": "4B",
    "district_name": "MA-RI",
    "district_no": "020",
    "delivery_zipcode": "02863",
    "locale_name": "CENTRAL FALLS",
    "physical_delivery_address": "575 DEXTER ST",
    "physical_city": "CENTRAL FALLS",
    "physical_state": "RI",
    "physical_zip": "02863",
    "physical_zip4": "2603"
  },
  {
    "area_name": "ATLANTIC",
    "area_code": "4B",
    "district_name": "MA-RI",
    "district_no": "020",
    "delivery_zipcode": "02863",
    "locale_name": "CENTRAL FALLS CARRIERS",
    "physical_delivery_address": "40 MONTGOMERY ST",
    "physical_city": "PAWTUCKET",
    "physical_state": "RI",
    "physical_zip": "02860",
    "physical_zip4": "2020"
  },
  {
    "area_name": "ATLANTIC",
    "area_code": "4B",
    "district_name": "MA-RI",
    "district_no": "020",
    "delivery_zipcode": "02864",
    "locale_name": "CUMBERLAND",
    "physical_delivery_address": "2055 DIAMOND HILL RD",
    "physical_city": "CUMBERLAND",
    "physical_state": "RI",
    "physical_zip": "02864",
    "physical_zip4": "9998"
  },
  {
    "area_name": "ATLANTIC",
    "area_code": "4B",
    "district_name": "MA-RI",
    "district_no": "020",
    "delivery_zipcode": "02865",
    "locale_name": "CUMBERLAND",
    "physical_delivery_address": "2055 DIAMOND HILL RD",
    "physical_city": "CUMBERLAND",
    "physical_state": "RI",
    "physical_zip": "02864",
    "physical_zip4": "9998"
  },
  {
    "area_name": "ATLANTIC",
    "area_code": "4B",
    "district_name": "MA-RI",
    "district_no": "020",
    "delivery_zipcode": "02865",
    "locale_name": "LINCOLN",
    "physical_delivery_address": "203 FRONT ST",
    "physical_city": "LINCOLN",
    "physical_state": "RI",
    "physical_zip": "02865",
    "physical_zip4": "9998"
  },
  {
    "area_name": "ATLANTIC",
    "area_code": "4B",
    "district_name": "MA-RI",
    "district_no": "020",
    "delivery_zipcode": "02871",
    "locale_name": "PORTSMOUTH",
    "physical_delivery_address": "95 CHASE RD",
    "physical_city": "PORTSMOUTH",
    "physical_state": "RI",
    "physical_zip": "02871",
    "physical_zip4": "9998"
  },
  {
    "area_name": "ATLANTIC",
    "area_code": "4B",
    "district_name": "MA-RI",
    "district_no": "020",
    "delivery_zipcode": "02872",
    "locale_name": "PRUDENCE ISLAND",
    "physical_delivery_address": "837 NARRAGANSETT AVE",
    "physical_city": "PRUDENCE ISLAND",
    "physical_state": "RI",
    "physical_zip": "02872",
    "physical_zip4": "9900"
  },
  {
    "area_name": "ATLANTIC",
    "area_code": "4B",
    "district_name": "MA-RI",
    "district_no": "020",
    "delivery_zipcode": "02873",
    "locale_name": "ROCKVILLE",
    "physical_delivery_address": "332 CANONCHET RD",
    "physical_city": "ROCKVILLE",
    "physical_state": "RI",
    "physical_zip": "02873",
    "physical_zip4": "1015"
  },
  {
    "area_name": "ATLANTIC",
    "area_code": "4B",
    "district_name": "MA-RI",
    "district_no": "020",
    "delivery_zipcode": "02874",
    "locale_name": "NORTH KINGSTOWN",
    "physical_delivery_address": "7715 POST RD",
    "physical_city": "NORTH KINGSTOWN",
    "physical_state": "RI",
    "physical_zip": "02852",
    "physical_zip4": "9998"
  },
  {
    "area_name": "ATLANTIC",
    "area_code": "4B",
    "district_name": "MA-RI",
    "district_no": "020",
    "delivery_zipcode": "02874",
    "locale_name": "SAUNDERSTOWN",
    "physical_delivery_address": "20 FERRY RD",
    "physical_city": "SAUNDERSTOWN",
    "physical_state": "RI",
    "physical_zip": "02874",
    "physical_zip4": "3818"
  },
  {
    "area_name": "ATLANTIC",
    "area_code": "4B",
    "district_name": "MA-RI",
    "district_no": "020",
    "delivery_zipcode": "02875",
    "locale_name": "SHANNOCK",
    "physical_delivery_address": "196A SHANNOCK VILLAGE RD",
    "physical_city": "SHANNOCK",
    "physical_state": "RI",
    "physical_zip": "02875",
    "physical_zip4": "1001"
  },
  {
    "area_name": "ATLANTIC",
    "area_code": "4B",
    "district_name": "MA-RI",
    "district_no": "020",
    "delivery_zipcode": "02876",
    "locale_name": "SLATERSVILLE",
    "physical_delivery_address": "42 MAIN ST",
    "physical_city": "SLATERSVILLE",
    "physical_state": "RI",
    "physical_zip": "02876",
    "physical_zip4": "9800"
  },
  {
    "area_name": "ATLANTIC",
    "area_code": "4B",
    "district_name": "MA-RI",
    "district_no": "020",
    "delivery_zipcode": "02877",
    "locale_name": "EXETER",
    "physical_delivery_address": "260 S COUNTY TRL",
    "physical_city": "EXETER",
    "physical_state": "RI",
    "physical_zip": "02822",
    "physical_zip4": "3500"
  },
  {
    "area_name": "ATLANTIC",
    "area_code": "4B",
    "district_name": "MA-RI",
    "district_no": "020",
    "delivery_zipcode": "02878",
    "locale_name": "TIVERTON",
    "physical_delivery_address": "600 MAIN RD",
    "physical_city": "TIVERTON",
    "physical_state": "RI",
    "physical_zip": "02878",
    "physical_zip4": "9998"
  },
  {
    "area_name": "ATLANTIC",
    "area_code": "4B",
    "district_name": "MA-RI",
    "district_no": "020",
    "delivery_zipcode": "02879",
    "locale_name": "WAKEFIELD",
    "physical_delivery_address": "551 KINGSTOWN RD",
    "physical_city": "WAKEFIELD",
    "physical_state": "RI",
    "physical_zip": "02879",
    "physical_zip4": "9994"
  },
  {
    "area_name": "ATLANTIC",
    "area_code": "4B",
    "district_name": "MA-RI",
    "district_no": "020",
    "delivery_zipcode": "02880",
    "locale_name": "WAKEFIELD",
    "physical_delivery_address": "551 KINGSTOWN RD",
    "physical_city": "WAKEFIELD",
    "physical_state": "RI",
    "physical_zip": "02879",
    "physical_zip4": "9994"
  },
  {
    "area_name": "ATLANTIC",
    "area_code": "4B",
    "district_name": "MA-RI",
    "district_no": "020",
    "delivery_zipcode": "02881",
    "locale_name": "KINGSTON",
    "physical_delivery_address": "101 BRIAR LN",
    "physical_city": "KINGSTON",
    "physical_state": "RI",
    "physical_zip": "02881",
    "physical_zip4": "9998"
  },
  {
    "area_name": "ATLANTIC",
    "area_code": "4B",
    "district_name": "MA-RI",
    "district_no": "020",
    "delivery_zipcode": "02881",
    "locale_name": "WAKEFIELD",
    "physical_delivery_address": "551 KINGSTOWN RD",
    "physical_city": "WAKEFIELD",
    "physical_state": "RI",
    "physical_zip": "02879",
    "physical_zip4": "9994"
  },
  {
    "area_name": "ATLANTIC",
    "area_code": "4B",
    "district_name": "MA-RI",
    "district_no": "020",
    "delivery_zipcode": "02882",
    "locale_name": "NARRAGANSETT",
    "physical_delivery_address": "15 MEMORIAL SQ",
    "physical_city": "NARRAGANSETT",
    "physical_state": "RI",
    "physical_zip": "02882",
    "physical_zip4": "3391"
  },
  {
    "area_name": "ATLANTIC",
    "area_code": "4B",
    "district_name": "MA-RI",
    "district_no": "020",
    "delivery_zipcode": "02882",
    "locale_name": "WAKEFIELD",
    "physical_delivery_address": "551 KINGSTOWN RD",
    "physical_city": "WAKEFIELD",
    "physical_state": "RI",
    "physical_zip": "02879",
    "physical_zip4": "9994"
  },
  {
    "area_name": "ATLANTIC",
    "area_code": "4B",
    "district_name": "MA-RI",
    "district_no": "020",
    "delivery_zipcode": "02883",
    "locale_name": "WAKEFIELD",
    "physical_delivery_address": "551 KINGSTOWN RD",
    "physical_city": "WAKEFIELD",
    "physical_state": "RI",
    "physical_zip": "02879",
    "physical_zip4": "9994"
  },
  {
    "area_name": "ATLANTIC",
    "area_code": "4B",
    "district_name": "MA-RI",
    "district_no": "020",
    "delivery_zipcode": "02885",
    "locale_name": "WARREN",
    "physical_delivery_address": "53 CHILD ST",
    "physical_city": "WARREN",
    "physical_state": "RI",
    "physical_zip": "02885",
    "physical_zip4": "9998"
  },
  {
    "area_name": "ATLANTIC",
    "area_code": "4B",
    "district_name": "MA-RI",
    "district_no": "020",
    "delivery_zipcode": "02886",
    "locale_name": "WARWICK",
    "physical_delivery_address": "325 STRAWBERRY FIELD RD",
    "physical_city": "WARWICK",
    "physical_state": "RI",
    "physical_zip": "02886",
    "physical_zip4": "9998"
  },
  {
    "area_name": "ATLANTIC",
    "area_code": "4B",
    "district_name": "MA-RI",
    "district_no": "020",
    "delivery_zipcode": "02887",
    "locale_name": "APPONAUG",
    "physical_delivery_address": "3205 POST RD",
    "physical_city": "WARWICK",
    "physical_state": "RI",
    "physical_zip": "02886",
    "physical_zip4": "7157"
  },
  {
    "area_name": "ATLANTIC",
    "area_code": "4B",
    "district_name": "MA-RI",
    "district_no": "020",
    "delivery_zipcode": "02887",
    "locale_name": "WARWICK",
    "physical_delivery_address": "325 STRAWBERRY FIELD RD",
    "physical_city": "WARWICK",
    "physical_state": "RI",
    "physical_zip": "02886",
    "physical_zip4": "9998"
  },
  {
    "area_name": "ATLANTIC",
    "area_code": "4B",
    "district_name": "MA-RI",
    "district_no": "020",
    "delivery_zipcode": "02888",
    "locale_name": "PILGRIM",
    "physical_delivery_address": "850 POST RD",
    "physical_city": "WARWICK",
    "physical_state": "RI",
    "physical_zip": "02888",
    "physical_zip4": "9997"
  },
  {
    "area_name": "ATLANTIC",
    "area_code": "4B",
    "district_name": "MA-RI",
    "district_no": "020",
    "delivery_zipcode": "02888",
    "locale_name": "WARWICK",
    "physical_delivery_address": "325 STRAWBERRY FIELD RD",
    "physical_city": "WARWICK",
    "physical_state": "RI",
    "physical_zip": "02886",
    "physical_zip4": "9998"
  },
  {
    "area_name": "ATLANTIC",
    "area_code": "4B",
    "district_name": "MA-RI",
    "district_no": "020",
    "delivery_zipcode": "02889",
    "locale_name": "CONIMICUT",
    "physical_delivery_address": "805 W SHORE RD",
    "physical_city": "WARWICK",
    "physical_state": "RI",
    "physical_zip": "02889",
    "physical_zip4": "9997"
  },
  {
    "area_name": "ATLANTIC",
    "area_code": "4B",
    "district_name": "MA-RI",
    "district_no": "020",
    "delivery_zipcode": "02889",
    "locale_name": "WARWICK",
    "physical_delivery_address": "325 STRAWBERRY FIELD RD",
    "physical_city": "WARWICK",
    "physical_state": "RI",
    "physical_zip": "02886",
    "physical_zip4": "9998"
  },
  {
    "area_name": "ATLANTIC",
    "area_code": "4B",
    "district_name": "MA-RI",
    "district_no": "020",
    "delivery_zipcode": "02891",
    "locale_name": "HIGH ST",
    "physical_delivery_address": "5 HIGH ST",
    "physical_city": "WESTERLY",
    "physical_state": "RI",
    "physical_zip": "02891",
    "physical_zip4": "1878"
  },
  {
    "area_name": "ATLANTIC",
    "area_code": "4B",
    "district_name": "MA-RI",
    "district_no": "020",
    "delivery_zipcode": "02891",
    "locale_name": "WESTERLY",
    "physical_delivery_address": "110 TOM HARVEY RD",
    "physical_city": "WESTERLY",
    "physical_state": "RI",
    "physical_zip": "02891",
    "physical_zip4": "9998"
  },
  {
    "area_name": "ATLANTIC",
    "area_code": "4B",
    "district_name": "MA-RI",
    "district_no": "020",
    "delivery_zipcode": "02892",
    "locale_name": "WEST KINGSTON",
    "physical_delivery_address": "3484 KINGSTOWN RD",
    "physical_city": "WEST KINGSTON",
    "physical_state": "RI",
    "physical_zip": "02892",
    "physical_zip4": "1408"
  },
  {
    "area_name": "ATLANTIC",
    "area_code": "4B",
    "district_name": "MA-RI",
    "district_no": "020",
    "delivery_zipcode": "02893",
    "locale_name": "WEST WARWICK",
    "physical_delivery_address": "100 WASHINGTON ST",
    "physical_city": "WEST WARWICK",
    "physical_state": "RI",
    "physical_zip": "02893",
    "physical_zip4": "9998"
  },
  {
    "area_name": "ATLANTIC",
    "area_code": "4B",
    "district_name": "MA-RI",
    "district_no": "020",
    "delivery_zipcode": "02894",
    "locale_name": "HOPE VALLEY",
    "physical_delivery_address": "1027 MAIN ST",
    "physical_city": "HOPE VALLEY",
    "physical_state": "RI",
    "physical_zip": "02832",
    "physical_zip4": "9998"
  },
  {
    "area_name": "ATLANTIC",
    "area_code": "4B",
    "district_name": "MA-RI",
    "district_no": "020",
    "delivery_zipcode": "02894",
    "locale_name": "WOOD RIVER JUNCTION",
    "physical_delivery_address": "446 CHURCH ST",
    "physical_city": "WOOD RIVER JUNCTION",
    "physical_state": "RI",
    "physical_zip": "02894",
    "physical_zip4": "1206"
  },
  {
    "area_name": "ATLANTIC",
    "area_code": "4B",
    "district_name": "MA-RI",
    "district_no": "020",
    "delivery_zipcode": "02895",
    "locale_name": "WALNUT HILL",
    "physical_delivery_address": "1500 DIAMOND HILL RD UNIT M",
    "physical_city": "WOONSOCKET",
    "physical_state": "RI",
    "physical_zip": "02895",
    "physical_zip4": "1537"
  },
  {
    "area_name": "ATLANTIC",
    "area_code": "4B",
    "district_name": "MA-RI",
    "district_no": "020",
    "delivery_zipcode": "02895",
    "locale_name": "WOONSOCKET",
    "physical_delivery_address": "127 SOCIAL ST STE 1",
    "physical_city": "WOONSOCKET",
    "physical_state": "RI",
    "physical_zip": "02895",
    "physical_zip4": "9998"
  },
  {
    "area_name": "ATLANTIC",
    "area_code": "4B",
    "district_name": "MA-RI",
    "district_no": "020",
    "delivery_zipcode": "02896",
    "locale_name": "WOONSOCKET",
    "physical_delivery_address": "127 SOCIAL ST STE 1",
    "physical_city": "WOONSOCKET",
    "physical_state": "RI",
    "physical_zip": "02895",
    "physical_zip4": "9998"
  },
  {
    "area_name": "ATLANTIC",
    "area_code": "4B",
    "district_name": "MA-RI",
    "district_no": "020",
    "delivery_zipcode": "02898",
    "locale_name": "WYOMING",
    "physical_delivery_address": "1190 MAIN ST",
    "physical_city": "WYOMING",
    "physical_state": "RI",
    "physical_zip": "02898",
    "physical_zip4": "1074"
  },
  {
    "area_name": "ATLANTIC",
    "area_code": "4B",
    "district_name": "MA-RI",
    "district_no": "020",
    "delivery_zipcode": "02901",
    "locale_name": "ANNEX FINANCE",
    "physical_delivery_address": "2 EXCHANGE TER",
    "physical_city": "PROVIDENCE",
    "physical_state": "RI",
    "physical_zip": "02903",
    "physical_zip4": "1701"
  },
  {
    "area_name": "ATLANTIC",
    "area_code": "4B",
    "district_name": "MA-RI",
    "district_no": "020",
    "delivery_zipcode": "02903",
    "locale_name": "CORLISS PARK STATION",
    "physical_delivery_address": "55 CORLISS ST RM 100",
    "physical_city": "PROVIDENCE",
    "physical_state": "RI",
    "physical_zip": "02904",
    "physical_zip4": "9712"
  },
  {
    "area_name": "ATLANTIC",
    "area_code": "4B",
    "district_name": "MA-RI",
    "district_no": "020",
    "delivery_zipcode": "02903",
    "locale_name": "WEYBOSSET HILL",
    "physical_delivery_address": "53 BROAD ST",
    "physical_city": "PROVIDENCE",
    "physical_state": "RI",
    "physical_zip": "02903",
    "physical_zip4": "4102"
  },
  {
    "area_name": "ATLANTIC",
    "area_code": "4B",
    "district_name": "MA-RI",
    "district_no": "020",
    "delivery_zipcode": "02904",
    "locale_name": "CORLISS PARK STATION",
    "physical_delivery_address": "55 CORLISS ST RM 100",
    "physical_city": "PROVIDENCE",
    "physical_state": "RI",
    "physical_zip": "02904",
    "physical_zip4": "9712"
  },
  {
    "area_name": "ATLANTIC",
    "area_code": "4B",
    "district_name": "MA-RI",
    "district_no": "020",
    "delivery_zipcode": "02905",
    "locale_name": "ELMWOOD",
    "physical_delivery_address": "820 ELMWOOD AVE",
    "physical_city": "PROVIDENCE",
    "physical_state": "RI",
    "physical_zip": "02907",
    "physical_zip4": "9998"
  },
  {
    "area_name": "ATLANTIC",
    "area_code": "4B",
    "district_name": "MA-RI",
    "district_no": "020",
    "delivery_zipcode": "02905",
    "locale_name": "WASHINGTON PARK",
    "physical_delivery_address": "1284 BROAD ST",
    "physical_city": "PROVIDENCE",
    "physical_state": "RI",
    "physical_zip": "02905",
    "physical_zip4": "2999"
  },
  {
    "area_name": "ATLANTIC",
    "area_code": "4B",
    "district_name": "MA-RI",
    "district_no": "020",
    "delivery_zipcode": "02906",
    "locale_name": "CORLISS PARK STATION",
    "physical_delivery_address": "55 CORLISS ST RM 100",
    "physical_city": "PROVIDENCE",
    "physical_state": "RI",
    "physical_zip": "02904",
    "physical_zip4": "9712"
  },
  {
    "area_name": "ATLANTIC",
    "area_code": "4B",
    "district_name": "MA-RI",
    "district_no": "020",
    "delivery_zipcode": "02906",
    "locale_name": "EAST SIDE",
    "physical_delivery_address": "306 THAYER ST",
    "physical_city": "PROVIDENCE",
    "physical_state": "RI",
    "physical_zip": "02906",
    "physical_zip4": "1590"
  },
  {
    "area_name": "ATLANTIC",
    "area_code": "4B",
    "district_name": "MA-RI",
    "district_no": "020",
    "delivery_zipcode": "02907",
    "locale_name": "ELMWOOD",
    "physical_delivery_address": "820 ELMWOOD AVE",
    "physical_city": "PROVIDENCE",
    "physical_state": "RI",
    "physical_zip": "02907",
    "physical_zip4": "9998"
  },
  {
    "area_name": "ATLANTIC",
    "area_code": "4B",
    "district_name": "MA-RI",
    "district_no": "020",
    "delivery_zipcode": "02908",
    "locale_name": "CORLISS PARK STATION",
    "physical_delivery_address": "55 CORLISS ST RM 100",
    "physical_city": "PROVIDENCE",
    "physical_state": "RI",
    "physical_zip": "02904",
    "physical_zip4": "9712"
  },
  {
    "area_name": "ATLANTIC",
    "area_code": "4B",
    "district_name": "MA-RI",
    "district_no": "020",
    "delivery_zipcode": "02908",
    "locale_name": "NORTH STATION",
    "physical_delivery_address": "351 SMITH ST",
    "physical_city": "PROVIDENCE",
    "physical_state": "RI",
    "physical_zip": "02908",
    "physical_zip4": "3700"
  },
  {
    "area_name": "ATLANTIC",
    "area_code": "4B",
    "district_name": "MA-RI",
    "district_no": "020",
    "delivery_zipcode": "02909",
    "locale_name": "OLNEYVILLE",
    "physical_delivery_address": "100 HARTFORD AVE",
    "physical_city": "PROVIDENCE",
    "physical_state": "RI",
    "physical_zip": "02909",
    "physical_zip4": "9998"
  },
  {
    "area_name": "ATLANTIC",
    "area_code": "4B",
    "district_name": "MA-RI",
    "district_no": "020",
    "delivery_zipcode": "02910",
    "locale_name": "CRANSTON",
    "physical_delivery_address": "57 ROLFE SQ",
    "physical_city": "CRANSTON",
    "physical_state": "RI",
    "physical_zip": "02910",
    "physical_zip4": "3499"
  },
  {
    "area_name": "ATLANTIC",
    "area_code": "4B",
    "district_name": "MA-RI",
    "district_no": "020",
    "delivery_zipcode": "02910",
    "locale_name": "ELMWOOD",
    "physical_delivery_address": "820 ELMWOOD AVE",
    "physical_city": "PROVIDENCE",
    "physical_state": "RI",
    "physical_zip": "02907",
    "physical_zip4": "9998"
  },
  {
    "area_name": "ATLANTIC",
    "area_code": "4B",
    "district_name": "MA-RI",
    "district_no": "020",
    "delivery_zipcode": "02911",
    "locale_name": "CENTREDALE",
    "physical_delivery_address": "2050 SMITH ST",
    "physical_city": "NORTH PROVIDENCE",
    "physical_state": "RI",
    "physical_zip": "02911",
    "physical_zip4": "9998"
  },
  {
    "area_name": "ATLANTIC",
    "area_code": "4B",
    "district_name": "MA-RI",
    "district_no": "020",
    "delivery_zipcode": "02911",
    "locale_name": "JOHNSTON",
    "physical_delivery_address": "1530 ATWOOD AVE",
    "physical_city": "JOHNSTON",
    "physical_state": "RI",
    "physical_zip": "02919",
    "physical_zip4": "9998"
  },
  {
    "area_name": "ATLANTIC",
    "area_code": "4B",
    "district_name": "MA-RI",
    "district_no": "020",
    "delivery_zipcode": "02914",
    "locale_name": "EAST PROVIDENCE FINANCE UNIT",
    "physical_delivery_address": "17 GROVE AVE",
    "physical_city": "EAST PROVIDENCE",
    "physical_state": "RI",
    "physical_zip": "02914",
    "physical_zip4": "4506"
  },
  {
    "area_name": "ATLANTIC",
    "area_code": "4B",
    "district_name": "MA-RI",
    "district_no": "020",
    "delivery_zipcode": "02915",
    "locale_name": "RIVERSIDE",
    "physical_delivery_address": "378 WILLETT AVE",
    "physical_city": "RIVERSIDE",
    "physical_state": "RI",
    "physical_zip": "02915",
    "physical_zip4": "9991"
  },
  {
    "area_name": "ATLANTIC",
    "area_code": "4B",
    "district_name": "MA-RI",
    "district_no": "020",
    "delivery_zipcode": "02916",
    "locale_name": "RUMFORD",
    "physical_delivery_address": "10 NEWMAN AVE",
    "physical_city": "RUMFORD",
    "physical_state": "RI",
    "physical_zip": "02916",
    "physical_zip4": "9998"
  },
  {
    "area_name": "ATLANTIC",
    "area_code": "4B",
    "district_name": "MA-RI",
    "district_no": "020",
    "delivery_zipcode": "02917",
    "locale_name": "SMITHFIELD",
    "physical_delivery_address": "290 OLD COUNTY RD",
    "physical_city": "SMITHFIELD",
    "physical_state": "RI",
    "physical_zip": "02917",
    "physical_zip4": "9998"
  },
  {
    "area_name": "ATLANTIC",
    "area_code": "4B",
    "district_name": "MA-RI",
    "district_no": "020",
    "delivery_zipcode": "02919",
    "locale_name": "JOHNSTON",
    "physical_delivery_address": "1530 ATWOOD AVE",
    "physical_city": "JOHNSTON",
    "physical_state": "RI",
    "physical_zip": "02919",
    "physical_zip4": "9998"
  },
  {
    "area_name": "ATLANTIC",
    "area_code": "4B",
    "district_name": "MA-RI",
    "district_no": "020",
    "delivery_zipcode": "02920",
    "locale_name": "GARDEN CITY",
    "physical_delivery_address": "200 MIDWAY RD STE 200",
    "physical_city": "CRANSTON",
    "physical_state": "RI",
    "physical_zip": "02920",
    "physical_zip4": "9998"
  },
  {
    "area_name": "ATLANTIC",
    "area_code": "4B",
    "district_name": "MA-RI",
    "district_no": "020",
    "delivery_zipcode": "02921",
    "locale_name": "JOHNSTON",
    "physical_delivery_address": "1530 ATWOOD AVE",
    "physical_city": "JOHNSTON",
    "physical_state": "RI",
    "physical_zip": "02919",
    "physical_zip4": "9998"
  },
  {
    "area_name": "ATLANTIC",
    "area_code": "4B",
    "district_name": "MA-RI",
    "district_no": "020",
    "delivery_zipcode": "02940",
    "locale_name": "PROVIDENCE",
    "physical_delivery_address": "24 CORLISS ST RM 100",
    "physical_city": "PROVIDENCE",
    "physical_state": "RI",
    "physical_zip": "02904",
    "physical_zip4": "2477"
  }
]