[
  {
    "area_name": "SOUTHERN",
    "area_code": "4G",
    "district_name": "PUERTO RICO",
    "district_no": "006",
    "delivery_zipcode": "00801",
    "locale_name": "CHARLOTTE AMALIE",
    "physical_delivery_address": "9846 ESTATE THOMAS",
    "physical_city": "ST THOMAS",
    "physical_state": "VI",
    "physical_zip": "00802",
    "physical_zip4": "9998"
  },
  {
    "area_name": "SOUTHERN",
    "area_code": "4G",
    "district_name": "PUERTO RICO",
    "district_no": "006",
    "delivery_zipcode": "00801",
    "locale_name": "HAVENSIGHT",
    "physical_delivery_address": "9007 HAVENSIGHT SHOPP CTR STE D",
    "physical_city": "ST THOMAS",
    "physical_state": "VI",
    "physical_zip": "00802",
    "physical_zip4": "9994"
  },
  {
    "area_name": "SOUTHERN",
    "area_code": "4G",
    "district_name": "PUERTO RICO",
    "district_no": "006",
    "delivery_zipcode": "00802",
    "locale_name": "CHARLOTTE AMALIE",
    "physical_delivery_address": "9846 ESTATE THOMAS",
    "physical_city": "ST THOMAS",
    "physical_state": "VI",
    "physical_zip": "00802",
    "physical_zip4": "9998"
  },
  {
    "area_name": "SOUTHERN",
    "area_code": "4G",
    "district_name": "PUERTO RICO",
    "district_no": "006",
    "delivery_zipcode": "00802",
    "locale_name": "VETERANS ANNEX",
    "physical_delivery_address": "6500 VETERANS DR",
    "physical_city": "ST THOMAS",
    "physical_state": "VI",
    "physical_zip": "00802",
    "physical_zip4": "9992"
  },
  {
    "area_name": "SOUTHERN",
    "area_code": "4G",
    "district_name": "PUERTO RICO",
    "district_no": "006",
    "delivery_zipcode": "00803",
    "locale_name": "VETERANS ANNEX",
    "physical_delivery_address": "6500 VETERANS DR",
    "physical_city": "ST THOMAS",
    "physical_state": "VI",
    "physical_zip": "00802",
    "physical_zip4": "9992"
  },
  {
    "area_name": "SOUTHERN",
    "area_code": "4G",
    "district_name": "PUERTO RICO",
    "district_no": "006",
    "delivery_zipcode": "00804",
    "locale_name": "EMANCIPATION GARDENS",
    "physical_delivery_address": "5046 NORRE GADE",
    "physical_city": "ST THOMAS",
    "physical_state": "VI",
    "physical_zip": "00802",
    "physical_zip4": "9995"
  },
  {
    "area_name": "SOUTHERN",
    "area_code": "4G",
    "district_name": "PUERTO RICO",
    "district_no": "006",
    "delivery_zipcode": "00805",
    "locale_name": "EAST END",
    "physical_delivery_address": "4605 TUTU PARK MALL STE 179",
    "physical_city": "ST THOMAS",
    "physical_state": "VI",
    "physical_zip": "00802",
    "physical_zip4": "9993"
  },
  {
    "area_name": "SOUTHERN",
    "area_code": "4G",
    "district_name": "PUERTO RICO",
    "district_no": "006",
    "delivery_zipcode": "00820",
    "locale_name": "CHRISTIANSTED",
    "physical_delivery_address": "1104 ESTATE RICHMOND",
    "physical_city": "CHRISTIANSTED",
    "physical_state": "VI",
    "physical_zip": "00820",
    "physical_zip4": "9998"
  },
  {
    "area_name": "SOUTHERN",
    "area_code": "4G",
    "district_name": "PUERTO RICO",
    "district_no": "006",
    "delivery_zipcode": "00821",
    "locale_name": "CHRISTIANSTED",
    "physical_delivery_address": "1104 ESTATE RICHMOND",
    "physical_city": "CHRISTIANSTED",
    "physical_state": "VI",
    "physical_zip": "00820",
    "physical_zip4": "9998"
  },
  {
    "area_name": "SOUTHERN",
    "area_code": "4G",
    "district_name": "PUERTO RICO",
    "district_no": "006",
    "delivery_zipcode": "00822",
    "locale_name": "DOWNTOWN",
    "physical_delivery_address": "2119 MARKET SQ",
    "physical_city": "CHRISTIANSTED",
    "physical_state": "VI",
    "physical_zip": "00820",
    "physical_zip4": "9996"
  },
  {
    "area_name": "SOUTHERN",
    "area_code": "4G",
    "district_name": "PUERTO RICO",
    "district_no": "006",
    "delivery_zipcode": "00823",
    "locale_name": "SUNNY ISLE",
    "physical_delivery_address": "4500 SUNNY ISLE STE 53",
    "physical_city": "CHRISTIANSTED",
    "physical_state": "VI",
    "physical_zip": "00820",
    "physical_zip4": "9997"
  },
  {
    "area_name": "SOUTHERN",
    "area_code": "4G",
    "district_name": "PUERTO RICO",
    "district_no": "006",
    "delivery_zipcode": "00824",
    "locale_name": "GALLOWS BAY",
    "physical_delivery_address": "5027 ANCHOR WAY STE 1",
    "physical_city": "CHRISTIANSTED",
    "physical_state": "VI",
    "physical_zip": "00820",
    "physical_zip4": "9995"
  },
  {
    "area_name": "SOUTHERN",
    "area_code": "4G",
    "district_name": "PUERTO RICO",
    "district_no": "006",
    "delivery_zipcode": "00830",
    "locale_name": "CRUZ BAY",
    "physical_delivery_address": "100 VESTER GADE",
    "physical_city": "ST JOHN",
    "physical_state": "VI",
    "physical_zip": "00830",
    "physical_zip4": "9998"
  },
  {
    "area_name": "SOUTHERN",
    "area_code": "4G",
    "district_name": "PUERTO RICO",
    "district_no": "006",
    "delivery_zipcode": "00831",
    "locale_name": "CRUZ BAY",
    "physical_delivery_address": "100 VESTER GADE",
    "physical_city": "ST JOHN",
    "physical_state": "VI",
    "physical_zip": "00830",
    "physical_zip4": "9998"
  },
  {
    "area_name": "SOUTHERN",
    "area_code": "4G",
    "district_name": "PUERTO RICO",
    "district_no": "006",
    "delivery_zipcode": "00840",
    "locale_name": "FREDERIKSTED",
    "physical_delivery_address": "1 MARS HL",
    "physical_city": "FREDERIKSTED",
    "physical_state": "VI",
    "physical_zip": "00840",
    "physical_zip4": "9998"
  },
  {
    "area_name": "SOUTHERN",
    "area_code": "4G",
    "district_name": "PUERTO RICO",
    "district_no": "006",
    "delivery_zipcode": "00841",
    "locale_name": "FREDERIKSTED",
    "physical_delivery_address": "1 MARS HL",
    "physical_city": "FREDERIKSTED",
    "physical_state": "VI",
    "physical_zip": "00840",
    "physical_zip4": "9998"
  },
  {
    "area_name": "SOUTHERN",
    "area_code": "4G",
    "district_name": "PUERTO RICO",
    "district_no": "006",
    "delivery_zipcode": "00850",
    "locale_name": "KINGSHILL",
    "physical_delivery_address": "2 EST LA REINE",
    "physical_city": "KINGSHILL",
    "physical_state": "VI",
    "physical_zip": "00850",
    "physical_zip4": "9998"
  },
  {
    "area_name": "SOUTHERN",
    "area_code": "4G",
    "district_name": "PUERTO RICO",
    "district_no": "006",
    "delivery_zipcode": "00851",
    "locale_name": "KINGSHILL",
    "physical_delivery_address": "2 EST LA REINE",
    "physical_city": "KINGSHILL",
    "physical_state": "VI",
    "physical_zip": "00850",
    "physical_zip4": "9998"
  }
]