[
  {
    "area_name": "WESTPAC",
    "area_code": "4E",
    "district_name": "CO-WY",
    "district_no": "800",
    "delivery_zipcode": "82001",
    "locale_name": "CHEYENNE",
    "physical_delivery_address": "4800 CONVERSE AVE",
    "physical_city": "CHEYENNE",
    "physical_state": "WY",
    "physical_zip": "82009",
    "physical_zip4": "9998"
  },
  {
    "area_name": "WESTPAC",
    "area_code": "4E",
    "district_name": "CO-WY",
    "district_no": "800",
    "delivery_zipcode": "82003",
    "locale_name": "AIRPORT",
    "physical_delivery_address": "124 E 8TH AVE",
    "physical_city": "CHEYENNE",
    "physical_state": "WY",
    "physical_zip": "82001",
    "physical_zip4": "9981"
  },
  {
    "area_name": "WESTPAC",
    "area_code": "4E",
    "district_name": "CO-WY",
    "district_no": "800",
    "delivery_zipcode": "82003",
    "locale_name": "CAPITOL STA",
    "physical_delivery_address": "2120 CAPITOL AVE STE 1108",
    "physical_city": "CHEYENNE",
    "physical_state": "WY",
    "physical_zip": "82001",
    "physical_zip4": "9996"
  },
  {
    "area_name": "WESTPAC",
    "area_code": "4E",
    "district_name": "CO-WY",
    "district_no": "800",
    "delivery_zipcode": "82003",
    "locale_name": "CHEYENNE",
    "physical_delivery_address": "4800 CONVERSE AVE",
    "physical_city": "CHEYENNE",
    "physical_state": "WY",
    "physical_zip": "82009",
    "physical_zip4": "9998"
  },
  {
    "area_name": "WESTPAC",
    "area_code": "4E",
    "district_name": "CO-WY",
    "district_no": "800",
    "delivery_zipcode": "82003",
    "locale_name": "FE WARREN AFB",
    "physical_delivery_address": "6109 RANDALL AVE",
    "physical_city": "FE WARREN AFB",
    "physical_state": "WY",
    "physical_zip": "82001",
    "physical_zip4": "9983"
  },
  {
    "area_name": "WESTPAC",
    "area_code": "4E",
    "district_name": "CO-WY",
    "district_no": "800",
    "delivery_zipcode": "82007",
    "locale_name": "CHEYENNE",
    "physical_delivery_address": "4800 CONVERSE AVE",
    "physical_city": "CHEYENNE",
    "physical_state": "WY",
    "physical_zip": "82009",
    "physical_zip4": "9998"
  },
  {
    "area_name": "WESTPAC",
    "area_code": "4E",
    "district_name": "CO-WY",
    "district_no": "800",
    "delivery_zipcode": "82009",
    "locale_name": "CHEYENNE",
    "physical_delivery_address": "4800 CONVERSE AVE",
    "physical_city": "CHEYENNE",
    "physical_state": "WY",
    "physical_zip": "82009",
    "physical_zip4": "9998"
  },
  {
    "area_name": "WESTPAC",
    "area_code": "4E",
    "district_name": "CO-WY",
    "district_no": "800",
    "delivery_zipcode": "82050",
    "locale_name": "ALBIN",
    "physical_delivery_address": "221 CHEYENNE AVE",
    "physical_city": "ALBIN",
    "physical_state": "WY",
    "physical_zip": "82050",
    "physical_zip4": "9901"
  },
  {
    "area_name": "WESTPAC",
    "area_code": "4E",
    "district_name": "CO-WY",
    "district_no": "800",
    "delivery_zipcode": "82051",
    "locale_name": "LARAMIE ANNEX",
    "physical_delivery_address": "715 PLAZA LN",
    "physical_city": "LARAMIE",
    "physical_state": "WY",
    "physical_zip": "82070",
    "physical_zip4": "9996"
  },
  {
    "area_name": "WESTPAC",
    "area_code": "4E",
    "district_name": "CO-WY",
    "district_no": "800",
    "delivery_zipcode": "82052",
    "locale_name": "CHEYENNE",
    "physical_delivery_address": "4800 CONVERSE AVE",
    "physical_city": "CHEYENNE",
    "physical_state": "WY",
    "physical_zip": "82009",
    "physical_zip4": "9998"
  },
  {
    "area_name": "WESTPAC",
    "area_code": "4E",
    "district_name": "CO-WY",
    "district_no": "800",
    "delivery_zipcode": "82053",
    "locale_name": "BURNS",
    "physical_delivery_address": "102 MAIN ST",
    "physical_city": "BURNS",
    "physical_state": "WY",
    "physical_zip": "82053",
    "physical_zip4": "9903"
  },
  {
    "area_name": "WESTPAC",
    "area_code": "4E",
    "district_name": "CO-WY",
    "district_no": "800",
    "delivery_zipcode": "82054",
    "locale_name": "BURNS",
    "physical_delivery_address": "102 MAIN ST",
    "physical_city": "BURNS",
    "physical_state": "WY",
    "physical_zip": "82053",
    "physical_zip4": "9903"
  },
  {
    "area_name": "WESTPAC",
    "area_code": "4E",
    "district_name": "CO-WY",
    "district_no": "800",
    "delivery_zipcode": "82054",
    "locale_name": "CARPENTER",
    "physical_delivery_address": "322 1ST ST",
    "physical_city": "CARPENTER",
    "physical_state": "WY",
    "physical_zip": "82054",
    "physical_zip4": "9610"
  },
  {
    "area_name": "WESTPAC",
    "area_code": "4E",
    "district_name": "CO-WY",
    "district_no": "800",
    "delivery_zipcode": "82055",
    "locale_name": "CENTENNIAL",
    "physical_delivery_address": "1 PINE ST",
    "physical_city": "CENTENNIAL",
    "physical_state": "WY",
    "physical_zip": "82055",
    "physical_zip4": "9900"
  },
  {
    "area_name": "WESTPAC",
    "area_code": "4E",
    "district_name": "CO-WY",
    "district_no": "800",
    "delivery_zipcode": "82058",
    "locale_name": "ROCK RIVER",
    "physical_delivery_address": "104 S 5TH ST",
    "physical_city": "ROCK RIVER",
    "physical_state": "WY",
    "physical_zip": "82083",
    "physical_zip4": "9900"
  },
  {
    "area_name": "WESTPAC",
    "area_code": "4E",
    "district_name": "CO-WY",
    "district_no": "800",
    "delivery_zipcode": "82059",
    "locale_name": "CHEYENNE",
    "physical_delivery_address": "4800 CONVERSE AVE",
    "physical_city": "CHEYENNE",
    "physical_state": "WY",
    "physical_zip": "82009",
    "physical_zip4": "9998"
  },
  {
    "area_name": "WESTPAC",
    "area_code": "4E",
    "district_name": "CO-WY",
    "district_no": "800",
    "delivery_zipcode": "82060",
    "locale_name": "HILLSDALE",
    "physical_delivery_address": "1463 COATES AVE",
    "physical_city": "HILLSDALE",
    "physical_state": "WY",
    "physical_zip": "82060",
    "physical_zip4": "9990"
  },
  {
    "area_name": "WESTPAC",
    "area_code": "4E",
    "district_name": "CO-WY",
    "district_no": "800",
    "delivery_zipcode": "82063",
    "locale_name": "LARAMIE ANNEX",
    "physical_delivery_address": "715 PLAZA LN",
    "physical_city": "LARAMIE",
    "physical_state": "WY",
    "physical_zip": "82070",
    "physical_zip4": "9996"
  },
  {
    "area_name": "WESTPAC",
    "area_code": "4E",
    "district_name": "CO-WY",
    "district_no": "800",
    "delivery_zipcode": "82070",
    "locale_name": "LARAMIE ANNEX",
    "physical_delivery_address": "715 PLAZA LN",
    "physical_city": "LARAMIE",
    "physical_state": "WY",
    "physical_zip": "82070",
    "physical_zip4": "9996"
  },
  {
    "area_name": "WESTPAC",
    "area_code": "4E",
    "district_name": "CO-WY",
    "district_no": "800",
    "delivery_zipcode": "82072",
    "locale_name": "LARAMIE ANNEX",
    "physical_delivery_address": "715 PLAZA LN",
    "physical_city": "LARAMIE",
    "physical_state": "WY",
    "physical_zip": "82070",
    "physical_zip4": "9996"
  },
  {
    "area_name": "WESTPAC",
    "area_code": "4E",
    "district_name": "CO-WY",
    "district_no": "800",
    "delivery_zipcode": "82073",
    "locale_name": "LARAMIE",
    "physical_delivery_address": "152 N 5TH ST",
    "physical_city": "LARAMIE",
    "physical_state": "WY",
    "physical_zip": "82072",
    "physical_zip4": "9998"
  },
  {
    "area_name": "WESTPAC",
    "area_code": "4E",
    "district_name": "CO-WY",
    "district_no": "800",
    "delivery_zipcode": "82081",
    "locale_name": "CHEYENNE",
    "physical_delivery_address": "4800 CONVERSE AVE",
    "physical_city": "CHEYENNE",
    "physical_state": "WY",
    "physical_zip": "82009",
    "physical_zip4": "9998"
  },
  {
    "area_name": "WESTPAC",
    "area_code": "4E",
    "district_name": "CO-WY",
    "district_no": "800",
    "delivery_zipcode": "82082",
    "locale_name": "PINE BLUFFS",
    "physical_delivery_address": "115 W 4TH ST",
    "physical_city": "PINE BLUFFS",
    "physical_state": "WY",
    "physical_zip": "82082",
    "physical_zip4": "9901"
  },
  {
    "area_name": "WESTPAC",
    "area_code": "4E",
    "district_name": "CO-WY",
    "district_no": "800",
    "delivery_zipcode": "82083",
    "locale_name": "ROCK RIVER",
    "physical_delivery_address": "104 S 5TH ST",
    "physical_city": "ROCK RIVER",
    "physical_state": "WY",
    "physical_zip": "82083",
    "physical_zip4": "9900"
  },
  {
    "area_name": "WESTPAC",
    "area_code": "4E",
    "district_name": "CO-WY",
    "district_no": "800",
    "delivery_zipcode": "82084",
    "locale_name": "LARAMIE ANNEX",
    "physical_delivery_address": "715 PLAZA LN",
    "physical_city": "LARAMIE",
    "physical_state": "WY",
    "physical_zip": "82070",
    "physical_zip4": "9996"
  },
  {
    "area_name": "WESTPAC",
    "area_code": "4E",
    "district_name": "CO-WY",
    "district_no": "800",
    "delivery_zipcode": "82190",
    "locale_name": "CPU CANYON VILLAGE",
    "physical_delivery_address": "139 CANYON VLG",
    "physical_city": "YELLOWSTONE NATIONAL PARK",
    "physical_state": "WY",
    "physical_zip": "82190",
    "physical_zip4": "9905"
  },
  {
    "area_name": "WESTPAC",
    "area_code": "4E",
    "district_name": "CO-WY",
    "district_no": "800",
    "delivery_zipcode": "82190",
    "locale_name": "CPU GRANT VILLAGE",
    "physical_delivery_address": "1000 GRANT VLG",
    "physical_city": "YELLOWSTONE NATIONAL PARK",
    "physical_state": "WY",
    "physical_zip": "82190",
    "physical_zip4": "9904"
  },
  {
    "area_name": "WESTPAC",
    "area_code": "4E",
    "district_name": "CO-WY",
    "district_no": "800",
    "delivery_zipcode": "82190",
    "locale_name": "CPU LAKE VILLAGE",
    "physical_delivery_address": "1000 LAKE VLG",
    "physical_city": "YELLOWSTONE NATIONAL PARK",
    "physical_state": "WY",
    "physical_zip": "82190",
    "physical_zip4": "9903"
  },
  {
    "area_name": "WESTPAC",
    "area_code": "4E",
    "district_name": "CO-WY",
    "district_no": "800",
    "delivery_zipcode": "82190",
    "locale_name": "CPU OLD FAITHFUL",
    "physical_delivery_address": "1000 OLD FAITHFUL",
    "physical_city": "YELLOWSTONE NATIONAL PARK",
    "physical_state": "WY",
    "physical_zip": "82190",
    "physical_zip4": "9900"
  },
  {
    "area_name": "WESTPAC",
    "area_code": "4E",
    "district_name": "CO-WY",
    "district_no": "800",
    "delivery_zipcode": "82190",
    "locale_name": "YELLOWSTONE NATIONAL PARK",
    "physical_delivery_address": "114 ALBRIGHT AVE",
    "physical_city": "YELLOWSTONE NATIONAL PARK",
    "physical_state": "WY",
    "physical_zip": "82190",
    "physical_zip4": "9998"
  },
  {
    "area_name": "WESTPAC",
    "area_code": "4E",
    "district_name": "CO-WY",
    "district_no": "800",
    "delivery_zipcode": "82201",
    "locale_name": "WHEATLAND",
    "physical_delivery_address": "852 WALNUT ST",
    "physical_city": "WHEATLAND",
    "physical_state": "WY",
    "physical_zip": "82201",
    "physical_zip4": "9998"
  },
  {
    "area_name": "WESTPAC",
    "area_code": "4E",
    "district_name": "CO-WY",
    "district_no": "800",
    "delivery_zipcode": "82210",
    "locale_name": "CHUGWATER",
    "physical_delivery_address": "237 2ND ST",
    "physical_city": "CHUGWATER",
    "physical_state": "WY",
    "physical_zip": "82210",
    "physical_zip4": "9624"
  },
  {
    "area_name": "WESTPAC",
    "area_code": "4E",
    "district_name": "CO-WY",
    "district_no": "800",
    "delivery_zipcode": "82212",
    "locale_name": "FORT LARAMIE",
    "physical_delivery_address": "105 E MERRIAM ST",
    "physical_city": "FORT LARAMIE",
    "physical_state": "WY",
    "physical_zip": "82212",
    "physical_zip4": "9900"
  },
  {
    "area_name": "WESTPAC",
    "area_code": "4E",
    "district_name": "CO-WY",
    "district_no": "800",
    "delivery_zipcode": "82213",
    "locale_name": "GLENDO",
    "physical_delivery_address": "118 N YELLOWSTONE HWY",
    "physical_city": "GLENDO",
    "physical_state": "WY",
    "physical_zip": "82213",
    "physical_zip4": "9901"
  },
  {
    "area_name": "WESTPAC",
    "area_code": "4E",
    "district_name": "CO-WY",
    "district_no": "800",
    "delivery_zipcode": "82214",
    "locale_name": "GUERNSEY",
    "physical_delivery_address": "101 S WYOMING",
    "physical_city": "GUERNSEY",
    "physical_state": "WY",
    "physical_zip": "82214",
    "physical_zip4": "9901"
  },
  {
    "area_name": "WESTPAC",
    "area_code": "4E",
    "district_name": "CO-WY",
    "district_no": "800",
    "delivery_zipcode": "82215",
    "locale_name": "HARTVILLE",
    "physical_delivery_address": "135 MAIN ST",
    "physical_city": "HARTVILLE",
    "physical_state": "WY",
    "physical_zip": "82215",
    "physical_zip4": "9901"
  },
  {
    "area_name": "WESTPAC",
    "area_code": "4E",
    "district_name": "CO-WY",
    "district_no": "800",
    "delivery_zipcode": "82217",
    "locale_name": "HAWK SPRINGS",
    "physical_delivery_address": "114 RAILWAY ST",
    "physical_city": "HAWK SPRINGS",
    "physical_state": "WY",
    "physical_zip": "82217",
    "physical_zip4": "9900"
  },
  {
    "area_name": "WESTPAC",
    "area_code": "4E",
    "district_name": "CO-WY",
    "district_no": "800",
    "delivery_zipcode": "82218",
    "locale_name": "HUNTLEY",
    "physical_delivery_address": "245 BROADWAY",
    "physical_city": "HUNTLEY",
    "physical_state": "WY",
    "physical_zip": "82218",
    "physical_zip4": "9901"
  },
  {
    "area_name": "WESTPAC",
    "area_code": "4E",
    "district_name": "CO-WY",
    "district_no": "800",
    "delivery_zipcode": "82219",
    "locale_name": "JAY EM",
    "physical_delivery_address": "220 AUTUMN ST",
    "physical_city": "JAY EM",
    "physical_state": "WY",
    "physical_zip": "82219",
    "physical_zip4": "9900"
  },
  {
    "area_name": "WESTPAC",
    "area_code": "4E",
    "district_name": "CO-WY",
    "district_no": "800",
    "delivery_zipcode": "82221",
    "locale_name": "LAGRANGE",
    "physical_delivery_address": "201 5TH AVE",
    "physical_city": "LAGRANGE",
    "physical_state": "WY",
    "physical_zip": "82221",
    "physical_zip4": "9900"
  },
  {
    "area_name": "WESTPAC",
    "area_code": "4E",
    "district_name": "CO-WY",
    "district_no": "800",
    "delivery_zipcode": "82222",
    "locale_name": "LANCE CREEK",
    "physical_delivery_address": "1805 HIGHWAY 270",
    "physical_city": "LANCE CREEK",
    "physical_state": "WY",
    "physical_zip": "82222",
    "physical_zip4": "9900"
  },
  {
    "area_name": "WESTPAC",
    "area_code": "4E",
    "district_name": "CO-WY",
    "district_no": "800",
    "delivery_zipcode": "82223",
    "locale_name": "LINGLE",
    "physical_delivery_address": "209 MAIN ST",
    "physical_city": "LINGLE",
    "physical_state": "WY",
    "physical_zip": "82223",
    "physical_zip4": "9901"
  },
  {
    "area_name": "WESTPAC",
    "area_code": "4E",
    "district_name": "CO-WY",
    "district_no": "800",
    "delivery_zipcode": "82224",
    "locale_name": "MANVILLE",
    "physical_delivery_address": "225 9TH AVE",
    "physical_city": "MANVILLE",
    "physical_state": "WY",
    "physical_zip": "82227",
    "physical_zip4": "9901"
  },
  {
    "area_name": "WESTPAC",
    "area_code": "4E",
    "district_name": "CO-WY",
    "district_no": "800",
    "delivery_zipcode": "82225",
    "locale_name": "LUSK",
    "physical_delivery_address": "116 W 3RD ST",
    "physical_city": "LUSK",
    "physical_state": "WY",
    "physical_zip": "82225",
    "physical_zip4": "9903"
  },
  {
    "area_name": "WESTPAC",
    "area_code": "4E",
    "district_name": "CO-WY",
    "district_no": "800",
    "delivery_zipcode": "82227",
    "locale_name": "MANVILLE",
    "physical_delivery_address": "225 9TH AVE",
    "physical_city": "MANVILLE",
    "physical_state": "WY",
    "physical_zip": "82227",
    "physical_zip4": "9901"
  },
  {
    "area_name": "WESTPAC",
    "area_code": "4E",
    "district_name": "CO-WY",
    "district_no": "800",
    "delivery_zipcode": "82229",
    "locale_name": "MANVILLE",
    "physical_delivery_address": "225 9TH AVE",
    "physical_city": "MANVILLE",
    "physical_state": "WY",
    "physical_zip": "82227",
    "physical_zip4": "9901"
  },
  {
    "area_name": "WESTPAC",
    "area_code": "4E",
    "district_name": "CO-WY",
    "district_no": "800",
    "delivery_zipcode": "82240",
    "locale_name": "TORRINGTON",
    "physical_delivery_address": "2145 MAIN ST",
    "physical_city": "TORRINGTON",
    "physical_state": "WY",
    "physical_zip": "82240",
    "physical_zip4": "9998"
  },
  {
    "area_name": "WESTPAC",
    "area_code": "4E",
    "district_name": "CO-WY",
    "district_no": "800",
    "delivery_zipcode": "82242",
    "locale_name": "LUSK",
    "physical_delivery_address": "116 W 3RD ST",
    "physical_city": "LUSK",
    "physical_state": "WY",
    "physical_zip": "82225",
    "physical_zip4": "9903"
  },
  {
    "area_name": "WESTPAC",
    "area_code": "4E",
    "district_name": "CO-WY",
    "district_no": "800",
    "delivery_zipcode": "82243",
    "locale_name": "LINGLE",
    "physical_delivery_address": "209 MAIN ST",
    "physical_city": "LINGLE",
    "physical_state": "WY",
    "physical_zip": "82223",
    "physical_zip4": "9901"
  },
  {
    "area_name": "WESTPAC",
    "area_code": "4E",
    "district_name": "CO-WY",
    "district_no": "800",
    "delivery_zipcode": "82243",
    "locale_name": "VETERAN",
    "physical_delivery_address": "111 3RD ST",
    "physical_city": "VETERAN",
    "physical_state": "WY",
    "physical_zip": "82243",
    "physical_zip4": "9990"
  },
  {
    "area_name": "WESTPAC",
    "area_code": "4E",
    "district_name": "CO-WY",
    "district_no": "800",
    "delivery_zipcode": "82244",
    "locale_name": "YODER",
    "physical_delivery_address": "200 MAIN ST",
    "physical_city": "YODER",
    "physical_state": "WY",
    "physical_zip": "82244",
    "physical_zip4": "8800"
  },
  {
    "area_name": "WESTPAC",
    "area_code": "4E",
    "district_name": "CO-WY",
    "district_no": "800",
    "delivery_zipcode": "82301",
    "locale_name": "RAWLINS",
    "physical_delivery_address": "106 5TH ST",
    "physical_city": "RAWLINS",
    "physical_state": "WY",
    "physical_zip": "82301",
    "physical_zip4": "9998"
  },
  {
    "area_name": "WESTPAC",
    "area_code": "4E",
    "district_name": "CO-WY",
    "district_no": "800",
    "delivery_zipcode": "82310",
    "locale_name": "RAWLINS",
    "physical_delivery_address": "106 5TH ST",
    "physical_city": "RAWLINS",
    "physical_state": "WY",
    "physical_zip": "82301",
    "physical_zip4": "9998"
  },
  {
    "area_name": "WESTPAC",
    "area_code": "4E",
    "district_name": "CO-WY",
    "district_no": "800",
    "delivery_zipcode": "82321",
    "locale_name": "BAGGS",
    "physical_delivery_address": "55 S PENLAND ST",
    "physical_city": "BAGGS",
    "physical_state": "WY",
    "physical_zip": "82321",
    "physical_zip4": "9900"
  },
  {
    "area_name": "WESTPAC",
    "area_code": "4E",
    "district_name": "CO-WY",
    "district_no": "800",
    "delivery_zipcode": "82322",
    "locale_name": "BAIROIL",
    "physical_delivery_address": "503 ANTELOPE DR",
    "physical_city": "BAIROIL",
    "physical_state": "WY",
    "physical_zip": "82322",
    "physical_zip4": "9900"
  },
  {
    "area_name": "WESTPAC",
    "area_code": "4E",
    "district_name": "CO-WY",
    "district_no": "800",
    "delivery_zipcode": "82323",
    "locale_name": "DIXON",
    "physical_delivery_address": "207 HIGHWAY 70",
    "physical_city": "DIXON",
    "physical_state": "WY",
    "physical_zip": "82323",
    "physical_zip4": "9900"
  },
  {
    "area_name": "WESTPAC",
    "area_code": "4E",
    "district_name": "CO-WY",
    "district_no": "800",
    "delivery_zipcode": "82324",
    "locale_name": "ELK MOUNTAIN",
    "physical_delivery_address": "211 BRIDGE ST",
    "physical_city": "ELK MOUNTAIN",
    "physical_state": "WY",
    "physical_zip": "82324",
    "physical_zip4": "9900"
  },
  {
    "area_name": "WESTPAC",
    "area_code": "4E",
    "district_name": "CO-WY",
    "district_no": "800",
    "delivery_zipcode": "82325",
    "locale_name": "ENCAMPMENT",
    "physical_delivery_address": "622 MCCAFFREY AVE",
    "physical_city": "ENCAMPMENT",
    "physical_state": "WY",
    "physical_zip": "82325",
    "physical_zip4": "9904"
  },
  {
    "area_name": "WESTPAC",
    "area_code": "4E",
    "district_name": "CO-WY",
    "district_no": "800",
    "delivery_zipcode": "82325",
    "locale_name": "RAWLINS",
    "physical_delivery_address": "106 5TH ST",
    "physical_city": "RAWLINS",
    "physical_state": "WY",
    "physical_zip": "82301",
    "physical_zip4": "9998"
  },
  {
    "area_name": "WESTPAC",
    "area_code": "4E",
    "district_name": "CO-WY",
    "district_no": "800",
    "delivery_zipcode": "82327",
    "locale_name": "HANNA",
    "physical_delivery_address": "1001 JADE DR",
    "physical_city": "HANNA",
    "physical_state": "WY",
    "physical_zip": "82327",
    "physical_zip4": "9901"
  },
  {
    "area_name": "WESTPAC",
    "area_code": "4E",
    "district_name": "CO-WY",
    "district_no": "800",
    "delivery_zipcode": "82329",
    "locale_name": "MEDICINE BOW",
    "physical_delivery_address": "113 CEDAR ST",
    "physical_city": "MEDICINE BOW",
    "physical_state": "WY",
    "physical_zip": "82329",
    "physical_zip4": "8117"
  },
  {
    "area_name": "WESTPAC",
    "area_code": "4E",
    "district_name": "CO-WY",
    "district_no": "800",
    "delivery_zipcode": "82331",
    "locale_name": "SARATOGA",
    "physical_delivery_address": "105 W MAIN ST",
    "physical_city": "SARATOGA",
    "physical_state": "WY",
    "physical_zip": "82331",
    "physical_zip4": "9990"
  },
  {
    "area_name": "WESTPAC",
    "area_code": "4E",
    "district_name": "CO-WY",
    "district_no": "800",
    "delivery_zipcode": "82332",
    "locale_name": "SAVERY",
    "physical_delivery_address": "1132 STATE HIGHWAY 70",
    "physical_city": "SAVERY",
    "physical_state": "WY",
    "physical_zip": "82332",
    "physical_zip4": "9997"
  },
  {
    "area_name": "WESTPAC",
    "area_code": "4E",
    "district_name": "CO-WY",
    "district_no": "800",
    "delivery_zipcode": "82334",
    "locale_name": "RAWLINS",
    "physical_delivery_address": "106 5TH ST",
    "physical_city": "RAWLINS",
    "physical_state": "WY",
    "physical_zip": "82301",
    "physical_zip4": "9998"
  },
  {
    "area_name": "WESTPAC",
    "area_code": "4E",
    "district_name": "CO-WY",
    "district_no": "800",
    "delivery_zipcode": "82334",
    "locale_name": "SINCLAIR",
    "physical_delivery_address": "100 N 5TH ST",
    "physical_city": "SINCLAIR",
    "physical_state": "WY",
    "physical_zip": "82334",
    "physical_zip4": "9900"
  },
  {
    "area_name": "WESTPAC",
    "area_code": "4E",
    "district_name": "CO-WY",
    "district_no": "800",
    "delivery_zipcode": "82335",
    "locale_name": "RAWLINS",
    "physical_delivery_address": "106 5TH ST",
    "physical_city": "RAWLINS",
    "physical_state": "WY",
    "physical_zip": "82301",
    "physical_zip4": "9998"
  },
  {
    "area_name": "WESTPAC",
    "area_code": "4E",
    "district_name": "CO-WY",
    "district_no": "800",
    "delivery_zipcode": "82336",
    "locale_name": "WAMSUTTER",
    "physical_delivery_address": "302 BROADWAY ST",
    "physical_city": "WAMSUTTER",
    "physical_state": "WY",
    "physical_zip": "82336",
    "physical_zip4": "9902"
  },
  {
    "area_name": "WESTPAC",
    "area_code": "4E",
    "district_name": "CO-WY",
    "district_no": "800",
    "delivery_zipcode": "82401",
    "locale_name": "WORLAND",
    "physical_delivery_address": "119 N 7TH ST",
    "physical_city": "WORLAND",
    "physical_state": "WY",
    "physical_zip": "82401",
    "physical_zip4": "9998"
  },
  {
    "area_name": "WESTPAC",
    "area_code": "4E",
    "district_name": "CO-WY",
    "district_no": "800",
    "delivery_zipcode": "82410",
    "locale_name": "BASIN",
    "physical_delivery_address": "402 W C ST",
    "physical_city": "BASIN",
    "physical_state": "WY",
    "physical_zip": "82410",
    "physical_zip4": "9901"
  },
  {
    "area_name": "WESTPAC",
    "area_code": "4E",
    "district_name": "CO-WY",
    "district_no": "800",
    "delivery_zipcode": "82411",
    "locale_name": "BURLINGTON",
    "physical_delivery_address": "211 S MAIN ST",
    "physical_city": "BURLINGTON",
    "physical_state": "WY",
    "physical_zip": "82411",
    "physical_zip4": "9998"
  },
  {
    "area_name": "WESTPAC",
    "area_code": "4E",
    "district_name": "CO-WY",
    "district_no": "800",
    "delivery_zipcode": "82412",
    "locale_name": "BYRON",
    "physical_delivery_address": "120 E MAIN ST",
    "physical_city": "BYRON",
    "physical_state": "WY",
    "physical_zip": "82412",
    "physical_zip4": "9900"
  },
  {
    "area_name": "WESTPAC",
    "area_code": "4E",
    "district_name": "CO-WY",
    "district_no": "800",
    "delivery_zipcode": "82414",
    "locale_name": "CODY",
    "physical_delivery_address": "1301 STAMPEDE AVE",
    "physical_city": "CODY",
    "physical_state": "WY",
    "physical_zip": "82414",
    "physical_zip4": "9998"
  },
  {
    "area_name": "WESTPAC",
    "area_code": "4E",
    "district_name": "CO-WY",
    "district_no": "800",
    "delivery_zipcode": "82420",
    "locale_name": "COWLEY",
    "physical_delivery_address": "71 E MAIN ST",
    "physical_city": "COWLEY",
    "physical_state": "WY",
    "physical_zip": "82420",
    "physical_zip4": "9900"
  },
  {
    "area_name": "WESTPAC",
    "area_code": "4E",
    "district_name": "CO-WY",
    "district_no": "800",
    "delivery_zipcode": "82421",
    "locale_name": "DEAVER",
    "physical_delivery_address": "18 CENTRAL AVE",
    "physical_city": "DEAVER",
    "physical_state": "WY",
    "physical_zip": "82421",
    "physical_zip4": "9998"
  },
  {
    "area_name": "WESTPAC",
    "area_code": "4E",
    "district_name": "CO-WY",
    "district_no": "800",
    "delivery_zipcode": "82422",
    "locale_name": "EMBLEM",
    "physical_delivery_address": "979 US HIGHWAY 20",
    "physical_city": "EMBLEM",
    "physical_state": "WY",
    "physical_zip": "82422",
    "physical_zip4": "9900"
  },
  {
    "area_name": "WESTPAC",
    "area_code": "4E",
    "district_name": "CO-WY",
    "district_no": "800",
    "delivery_zipcode": "82423",
    "locale_name": "FRANNIE",
    "physical_delivery_address": "392 ASH ST",
    "physical_city": "FRANNIE",
    "physical_state": "WY",
    "physical_zip": "82423",
    "physical_zip4": "9900"
  },
  {
    "area_name": "WESTPAC",
    "area_code": "4E",
    "district_name": "CO-WY",
    "district_no": "800",
    "delivery_zipcode": "82426",
    "locale_name": "GREYBULL",
    "physical_delivery_address": "401 GREYBULL AVE",
    "physical_city": "GREYBULL",
    "physical_state": "WY",
    "physical_zip": "82426",
    "physical_zip4": "2059"
  },
  {
    "area_name": "WESTPAC",
    "area_code": "4E",
    "district_name": "CO-WY",
    "district_no": "800",
    "delivery_zipcode": "82428",
    "locale_name": "HYATTVILLE",
    "physical_delivery_address": "223 S MAIN ST",
    "physical_city": "HYATTVILLE",
    "physical_state": "WY",
    "physical_zip": "82428",
    "physical_zip4": "9900"
  },
  {
    "area_name": "WESTPAC",
    "area_code": "4E",
    "district_name": "CO-WY",
    "district_no": "800",
    "delivery_zipcode": "82430",
    "locale_name": "THERMOPOLIS",
    "physical_delivery_address": "440 ARAPAHOE ST",
    "physical_city": "THERMOPOLIS",
    "physical_state": "WY",
    "physical_zip": "82443",
    "physical_zip4": "9998"
  },
  {
    "area_name": "WESTPAC",
    "area_code": "4E",
    "district_name": "CO-WY",
    "district_no": "800",
    "delivery_zipcode": "82431",
    "locale_name": "LOVELL",
    "physical_delivery_address": "167 E 3RD ST",
    "physical_city": "LOVELL",
    "physical_state": "WY",
    "physical_zip": "82431",
    "physical_zip4": "9998"
  },
  {
    "area_name": "WESTPAC",
    "area_code": "4E",
    "district_name": "CO-WY",
    "district_no": "800",
    "delivery_zipcode": "82432",
    "locale_name": "MANDERSON",
    "physical_delivery_address": "193 N SHERMAN AVE",
    "physical_city": "MANDERSON",
    "physical_state": "WY",
    "physical_zip": "82432",
    "physical_zip4": "9901"
  },
  {
    "area_name": "WESTPAC",
    "area_code": "4E",
    "district_name": "CO-WY",
    "district_no": "800",
    "delivery_zipcode": "82433",
    "locale_name": "MEETEETSE",
    "physical_delivery_address": "1022 PARK AVE",
    "physical_city": "MEETEETSE",
    "physical_state": "WY",
    "physical_zip": "82433",
    "physical_zip4": "9997"
  },
  {
    "area_name": "WESTPAC",
    "area_code": "4E",
    "district_name": "CO-WY",
    "district_no": "800",
    "delivery_zipcode": "82434",
    "locale_name": "BASIN",
    "physical_delivery_address": "402 W C ST",
    "physical_city": "BASIN",
    "physical_state": "WY",
    "physical_zip": "82410",
    "physical_zip4": "9901"
  },
  {
    "area_name": "WESTPAC",
    "area_code": "4E",
    "district_name": "CO-WY",
    "district_no": "800",
    "delivery_zipcode": "82435",
    "locale_name": "POWELL",
    "physical_delivery_address": "270 N BENT ST",
    "physical_city": "POWELL",
    "physical_state": "WY",
    "physical_zip": "82435",
    "physical_zip4": "9998"
  },
  {
    "area_name": "WESTPAC",
    "area_code": "4E",
    "district_name": "CO-WY",
    "district_no": "800",
    "delivery_zipcode": "82440",
    "locale_name": "RALSTON",
    "physical_delivery_address": "680 MAIN ST",
    "physical_city": "RALSTON",
    "physical_state": "WY",
    "physical_zip": "82440",
    "physical_zip4": "9900"
  },
  {
    "area_name": "WESTPAC",
    "area_code": "4E",
    "district_name": "CO-WY",
    "district_no": "800",
    "delivery_zipcode": "82441",
    "locale_name": "SHELL",
    "physical_delivery_address": "114 MAIN ST",
    "physical_city": "SHELL",
    "physical_state": "WY",
    "physical_zip": "82441",
    "physical_zip4": "9901"
  },
  {
    "area_name": "WESTPAC",
    "area_code": "4E",
    "district_name": "CO-WY",
    "district_no": "800",
    "delivery_zipcode": "82442",
    "locale_name": "TEN SLEEP",
    "physical_delivery_address": "115 PINE ST",
    "physical_city": "TEN SLEEP",
    "physical_state": "WY",
    "physical_zip": "82442",
    "physical_zip4": "9901"
  },
  {
    "area_name": "WESTPAC",
    "area_code": "4E",
    "district_name": "CO-WY",
    "district_no": "800",
    "delivery_zipcode": "82443",
    "locale_name": "THERMOPOLIS",
    "physical_delivery_address": "440 ARAPAHOE ST",
    "physical_city": "THERMOPOLIS",
    "physical_state": "WY",
    "physical_zip": "82443",
    "physical_zip4": "9998"
  },
  {
    "area_name": "WESTPAC",
    "area_code": "4E",
    "district_name": "CO-WY",
    "district_no": "800",
    "delivery_zipcode": "82450",
    "locale_name": "WAPITI",
    "physical_delivery_address": "4 STREAMSIDE DR",
    "physical_city": "WAPITI",
    "physical_state": "WY",
    "physical_zip": "82450",
    "physical_zip4": "9998"
  },
  {
    "area_name": "WESTPAC",
    "area_code": "4E",
    "district_name": "CO-WY",
    "district_no": "800",
    "delivery_zipcode": "82501",
    "locale_name": "RIVERTON",
    "physical_delivery_address": "501 E MAIN ST",
    "physical_city": "RIVERTON",
    "physical_state": "WY",
    "physical_zip": "82501",
    "physical_zip4": "9998"
  },
  {
    "area_name": "WESTPAC",
    "area_code": "4E",
    "district_name": "CO-WY",
    "district_no": "800",
    "delivery_zipcode": "82501",
    "locale_name": "RIVERTON ANNEX",
    "physical_delivery_address": "1307 W MAIN ST",
    "physical_city": "RIVERTON",
    "physical_state": "WY",
    "physical_zip": "82501",
    "physical_zip4": "9997"
  },
  {
    "area_name": "WESTPAC",
    "area_code": "4E",
    "district_name": "CO-WY",
    "district_no": "800",
    "delivery_zipcode": "82510",
    "locale_name": "RIVERTON ANNEX",
    "physical_delivery_address": "1307 W MAIN ST",
    "physical_city": "RIVERTON",
    "physical_state": "WY",
    "physical_zip": "82501",
    "physical_zip4": "9997"
  },
  {
    "area_name": "WESTPAC",
    "area_code": "4E",
    "district_name": "CO-WY",
    "district_no": "800",
    "delivery_zipcode": "82512",
    "locale_name": "CROWHEART",
    "physical_delivery_address": "8526 US HIGHWAY 26 287",
    "physical_city": "CROWHEART",
    "physical_state": "WY",
    "physical_zip": "82512",
    "physical_zip4": "9901"
  },
  {
    "area_name": "WESTPAC",
    "area_code": "4E",
    "district_name": "CO-WY",
    "district_no": "800",
    "delivery_zipcode": "82513",
    "locale_name": "DUBOIS",
    "physical_delivery_address": "804 RAMSHORN ST",
    "physical_city": "DUBOIS",
    "physical_state": "WY",
    "physical_zip": "82513",
    "physical_zip4": "9746"
  },
  {
    "area_name": "WESTPAC",
    "area_code": "4E",
    "district_name": "CO-WY",
    "district_no": "800",
    "delivery_zipcode": "82514",
    "locale_name": "FORT WASHAKIE",
    "physical_delivery_address": "14 N FORK RD",
    "physical_city": "FORT WASHAKIE",
    "physical_state": "WY",
    "physical_zip": "82514",
    "physical_zip4": "9900"
  },
  {
    "area_name": "WESTPAC",
    "area_code": "4E",
    "district_name": "CO-WY",
    "district_no": "800",
    "delivery_zipcode": "82515",
    "locale_name": "HUDSON",
    "physical_delivery_address": "280 S MAIN ST",
    "physical_city": "HUDSON",
    "physical_state": "WY",
    "physical_zip": "82515",
    "physical_zip4": "9900"
  },
  {
    "area_name": "WESTPAC",
    "area_code": "4E",
    "district_name": "CO-WY",
    "district_no": "800",
    "delivery_zipcode": "82516",
    "locale_name": "KINNEAR",
    "physical_delivery_address": "11517 US HIGHWAY 26",
    "physical_city": "KINNEAR",
    "physical_state": "WY",
    "physical_zip": "82516",
    "physical_zip4": "8719"
  },
  {
    "area_name": "WESTPAC",
    "area_code": "4E",
    "district_name": "CO-WY",
    "district_no": "800",
    "delivery_zipcode": "82520",
    "locale_name": "LANDER",
    "physical_delivery_address": "230 GRANDVIEW DR",
    "physical_city": "LANDER",
    "physical_state": "WY",
    "physical_zip": "82520",
    "physical_zip4": "9998"
  },
  {
    "area_name": "WESTPAC",
    "area_code": "4E",
    "district_name": "CO-WY",
    "district_no": "800",
    "delivery_zipcode": "82523",
    "locale_name": "PAVILLION",
    "physical_delivery_address": "224 N MAIN ST",
    "physical_city": "PAVILLION",
    "physical_state": "WY",
    "physical_zip": "82523",
    "physical_zip4": "9001"
  },
  {
    "area_name": "WESTPAC",
    "area_code": "4E",
    "district_name": "CO-WY",
    "district_no": "800",
    "delivery_zipcode": "82524",
    "locale_name": "SAINT STEPHENS",
    "physical_delivery_address": "33 SAINT STEPHENS RD",
    "physical_city": "SAINT STEPHENS",
    "physical_state": "WY",
    "physical_zip": "82524",
    "physical_zip4": "9900"
  },
  {
    "area_name": "WESTPAC",
    "area_code": "4E",
    "district_name": "CO-WY",
    "district_no": "800",
    "delivery_zipcode": "82601",
    "locale_name": "CASPER",
    "physical_delivery_address": "411 N FOREST DR",
    "physical_city": "CASPER",
    "physical_state": "WY",
    "physical_zip": "82609",
    "physical_zip4": "9998"
  },
  {
    "area_name": "WESTPAC",
    "area_code": "4E",
    "district_name": "CO-WY",
    "district_no": "800",
    "delivery_zipcode": "82602",
    "locale_name": "DOWNTOWN CASPER",
    "physical_delivery_address": "150 E B ST LBBY",
    "physical_city": "CASPER",
    "physical_state": "WY",
    "physical_zip": "82601",
    "physical_zip4": "9998"
  },
  {
    "area_name": "WESTPAC",
    "area_code": "4E",
    "district_name": "CO-WY",
    "district_no": "800",
    "delivery_zipcode": "82604",
    "locale_name": "CASPER",
    "physical_delivery_address": "411 N FOREST DR",
    "physical_city": "CASPER",
    "physical_state": "WY",
    "physical_zip": "82609",
    "physical_zip4": "9998"
  },
  {
    "area_name": "WESTPAC",
    "area_code": "4E",
    "district_name": "CO-WY",
    "district_no": "800",
    "delivery_zipcode": "82605",
    "locale_name": "CASPER",
    "physical_delivery_address": "411 N FOREST DR",
    "physical_city": "CASPER",
    "physical_state": "WY",
    "physical_zip": "82609",
    "physical_zip4": "9998"
  },
  {
    "area_name": "WESTPAC",
    "area_code": "4E",
    "district_name": "CO-WY",
    "district_no": "800",
    "delivery_zipcode": "82609",
    "locale_name": "CASPER",
    "physical_delivery_address": "411 N FOREST DR",
    "physical_city": "CASPER",
    "physical_state": "WY",
    "physical_zip": "82609",
    "physical_zip4": "9998"
  },
  {
    "area_name": "WESTPAC",
    "area_code": "4E",
    "district_name": "CO-WY",
    "district_no": "800",
    "delivery_zipcode": "82615",
    "locale_name": "CASPER",
    "physical_delivery_address": "411 N FOREST DR",
    "physical_city": "CASPER",
    "physical_state": "WY",
    "physical_zip": "82609",
    "physical_zip4": "9998"
  },
  {
    "area_name": "WESTPAC",
    "area_code": "4E",
    "district_name": "CO-WY",
    "district_no": "800",
    "delivery_zipcode": "82620",
    "locale_name": "ALCOVA",
    "physical_delivery_address": "22495 STATE HIGHWAY 220",
    "physical_city": "ALCOVA",
    "physical_state": "WY",
    "physical_zip": "82620",
    "physical_zip4": "9800"
  },
  {
    "area_name": "WESTPAC",
    "area_code": "4E",
    "district_name": "CO-WY",
    "district_no": "800",
    "delivery_zipcode": "82630",
    "locale_name": "CASPER",
    "physical_delivery_address": "411 N FOREST DR",
    "physical_city": "CASPER",
    "physical_state": "WY",
    "physical_zip": "82609",
    "physical_zip4": "9998"
  },
  {
    "area_name": "WESTPAC",
    "area_code": "4E",
    "district_name": "CO-WY",
    "district_no": "800",
    "delivery_zipcode": "82633",
    "locale_name": "DOUGLAS",
    "physical_delivery_address": "129 N 3RD ST",
    "physical_city": "DOUGLAS",
    "physical_state": "WY",
    "physical_zip": "82633",
    "physical_zip4": "9998"
  },
  {
    "area_name": "WESTPAC",
    "area_code": "4E",
    "district_name": "CO-WY",
    "district_no": "800",
    "delivery_zipcode": "82635",
    "locale_name": "EDGERTON",
    "physical_delivery_address": "307 S 2 ST",
    "physical_city": "EDGERTON",
    "physical_state": "WY",
    "physical_zip": "82635",
    "physical_zip4": "9000"
  },
  {
    "area_name": "WESTPAC",
    "area_code": "4E",
    "district_name": "CO-WY",
    "district_no": "800",
    "delivery_zipcode": "82636",
    "locale_name": "CASPER",
    "physical_delivery_address": "411 N FOREST DR",
    "physical_city": "CASPER",
    "physical_state": "WY",
    "physical_zip": "82609",
    "physical_zip4": "9998"
  },
  {
    "area_name": "WESTPAC",
    "area_code": "4E",
    "district_name": "CO-WY",
    "district_no": "800",
    "delivery_zipcode": "82636",
    "locale_name": "EVANSVILLE",
    "physical_delivery_address": "236 TEXAS ST",
    "physical_city": "EVANSVILLE",
    "physical_state": "WY",
    "physical_zip": "82636",
    "physical_zip4": "9990"
  },
  {
    "area_name": "WESTPAC",
    "area_code": "4E",
    "district_name": "CO-WY",
    "district_no": "800",
    "delivery_zipcode": "82637",
    "locale_name": "GLENROCK",
    "physical_delivery_address": "703 W BIRCH ST",
    "physical_city": "GLENROCK",
    "physical_state": "WY",
    "physical_zip": "82637",
    "physical_zip4": "9990"
  },
  {
    "area_name": "WESTPAC",
    "area_code": "4E",
    "district_name": "CO-WY",
    "district_no": "800",
    "delivery_zipcode": "82638",
    "locale_name": "CASPER",
    "physical_delivery_address": "411 N FOREST DR",
    "physical_city": "CASPER",
    "physical_state": "WY",
    "physical_zip": "82609",
    "physical_zip4": "9998"
  },
  {
    "area_name": "WESTPAC",
    "area_code": "4E",
    "district_name": "CO-WY",
    "district_no": "800",
    "delivery_zipcode": "82639",
    "locale_name": "KAYCEE",
    "physical_delivery_address": "352 NOLAN AVE",
    "physical_city": "KAYCEE",
    "physical_state": "WY",
    "physical_zip": "82639",
    "physical_zip4": "9990"
  },
  {
    "area_name": "WESTPAC",
    "area_code": "4E",
    "district_name": "CO-WY",
    "district_no": "800",
    "delivery_zipcode": "82640",
    "locale_name": "LINCH",
    "physical_delivery_address": "200 JACKSON ST",
    "physical_city": "LINCH",
    "physical_state": "WY",
    "physical_zip": "82640",
    "physical_zip4": "9990"
  },
  {
    "area_name": "WESTPAC",
    "area_code": "4E",
    "district_name": "CO-WY",
    "district_no": "800",
    "delivery_zipcode": "82642",
    "locale_name": "SHOSHONI",
    "physical_delivery_address": "112 WYOMING ST",
    "physical_city": "SHOSHONI",
    "physical_state": "WY",
    "physical_zip": "82649",
    "physical_zip4": "9990"
  },
  {
    "area_name": "WESTPAC",
    "area_code": "4E",
    "district_name": "CO-WY",
    "district_no": "800",
    "delivery_zipcode": "82643",
    "locale_name": "MIDWEST",
    "physical_delivery_address": "132 STOCK ST",
    "physical_city": "MIDWEST",
    "physical_state": "WY",
    "physical_zip": "82643",
    "physical_zip4": "9990"
  },
  {
    "area_name": "WESTPAC",
    "area_code": "4E",
    "district_name": "CO-WY",
    "district_no": "800",
    "delivery_zipcode": "82644",
    "locale_name": "MILLS",
    "physical_delivery_address": "526 SW WYOMING BLVD",
    "physical_city": "MILLS",
    "physical_state": "WY",
    "physical_zip": "82644",
    "physical_zip4": "9990"
  },
  {
    "area_name": "WESTPAC",
    "area_code": "4E",
    "district_name": "CO-WY",
    "district_no": "800",
    "delivery_zipcode": "82646",
    "locale_name": "CASPER",
    "physical_delivery_address": "411 N FOREST DR",
    "physical_city": "CASPER",
    "physical_state": "WY",
    "physical_zip": "82609",
    "physical_zip4": "9998"
  },
  {
    "area_name": "WESTPAC",
    "area_code": "4E",
    "district_name": "CO-WY",
    "district_no": "800",
    "delivery_zipcode": "82648",
    "locale_name": "POWDER RIVER",
    "physical_delivery_address": "35304 W HIGHWAY 20 26",
    "physical_city": "POWDER RIVER",
    "physical_state": "WY",
    "physical_zip": "82648",
    "physical_zip4": "9990"
  },
  {
    "area_name": "WESTPAC",
    "area_code": "4E",
    "district_name": "CO-WY",
    "district_no": "800",
    "delivery_zipcode": "82649",
    "locale_name": "SHOSHONI",
    "physical_delivery_address": "112 WYOMING ST",
    "physical_city": "SHOSHONI",
    "physical_state": "WY",
    "physical_zip": "82649",
    "physical_zip4": "9990"
  },
  {
    "area_name": "WESTPAC",
    "area_code": "4E",
    "district_name": "CO-WY",
    "district_no": "800",
    "delivery_zipcode": "82701",
    "locale_name": "NEWCASTLE",
    "physical_delivery_address": "24 W MAIN ST",
    "physical_city": "NEWCASTLE",
    "physical_state": "WY",
    "physical_zip": "82701",
    "physical_zip4": "9998"
  },
  {
    "area_name": "WESTPAC",
    "area_code": "4E",
    "district_name": "CO-WY",
    "district_no": "800",
    "delivery_zipcode": "82710",
    "locale_name": "HULETT",
    "physical_delivery_address": "193 BIRCH ST",
    "physical_city": "HULETT",
    "physical_state": "WY",
    "physical_zip": "82720",
    "physical_zip4": "9998"
  },
  {
    "area_name": "WESTPAC",
    "area_code": "4E",
    "district_name": "CO-WY",
    "district_no": "800",
    "delivery_zipcode": "82711",
    "locale_name": "HULETT",
    "physical_delivery_address": "193 BIRCH ST",
    "physical_city": "HULETT",
    "physical_state": "WY",
    "physical_zip": "82720",
    "physical_zip4": "9998"
  },
  {
    "area_name": "WESTPAC",
    "area_code": "4E",
    "district_name": "CO-WY",
    "district_no": "800",
    "delivery_zipcode": "82712",
    "locale_name": "BEULAH",
    "physical_delivery_address": "5930 OLD HIGHWAY 14",
    "physical_city": "BEULAH",
    "physical_state": "WY",
    "physical_zip": "82712",
    "physical_zip4": "8805"
  },
  {
    "area_name": "WESTPAC",
    "area_code": "4E",
    "district_name": "CO-WY",
    "district_no": "800",
    "delivery_zipcode": "82714",
    "locale_name": "DEVILS TOWER",
    "physical_delivery_address": "56 STATE HIGHWAY 110",
    "physical_city": "DEVILS TOWER",
    "physical_state": "WY",
    "physical_zip": "82714",
    "physical_zip4": "9905"
  },
  {
    "area_name": "WESTPAC",
    "area_code": "4E",
    "district_name": "CO-WY",
    "district_no": "800",
    "delivery_zipcode": "82714",
    "locale_name": "MOORCROFT",
    "physical_delivery_address": "120 N BIG HORN AVE",
    "physical_city": "MOORCROFT",
    "physical_state": "WY",
    "physical_zip": "82721",
    "physical_zip4": "9998"
  },
  {
    "area_name": "WESTPAC",
    "area_code": "4E",
    "district_name": "CO-WY",
    "district_no": "800",
    "delivery_zipcode": "82715",
    "locale_name": "SUNDANCE",
    "physical_delivery_address": "121 E MAIN ST",
    "physical_city": "SUNDANCE",
    "physical_state": "WY",
    "physical_zip": "82729",
    "physical_zip4": "9998"
  },
  {
    "area_name": "WESTPAC",
    "area_code": "4E",
    "district_name": "CO-WY",
    "district_no": "800",
    "delivery_zipcode": "82716",
    "locale_name": "GILLETTE",
    "physical_delivery_address": "311 S KENDRICK AVE",
    "physical_city": "GILLETTE",
    "physical_state": "WY",
    "physical_zip": "82716",
    "physical_zip4": "9998"
  },
  {
    "area_name": "WESTPAC",
    "area_code": "4E",
    "district_name": "CO-WY",
    "district_no": "800",
    "delivery_zipcode": "82717",
    "locale_name": "GILLETTE",
    "physical_delivery_address": "311 S KENDRICK AVE",
    "physical_city": "GILLETTE",
    "physical_state": "WY",
    "physical_zip": "82716",
    "physical_zip4": "9998"
  },
  {
    "area_name": "WESTPAC",
    "area_code": "4E",
    "district_name": "CO-WY",
    "district_no": "800",
    "delivery_zipcode": "82718",
    "locale_name": "GILLETTE",
    "physical_delivery_address": "311 S KENDRICK AVE",
    "physical_city": "GILLETTE",
    "physical_state": "WY",
    "physical_zip": "82716",
    "physical_zip4": "9998"
  },
  {
    "area_name": "WESTPAC",
    "area_code": "4E",
    "district_name": "CO-WY",
    "district_no": "800",
    "delivery_zipcode": "82720",
    "locale_name": "HULETT",
    "physical_delivery_address": "193 BIRCH ST",
    "physical_city": "HULETT",
    "physical_state": "WY",
    "physical_zip": "82720",
    "physical_zip4": "9998"
  },
  {
    "area_name": "WESTPAC",
    "area_code": "4E",
    "district_name": "CO-WY",
    "district_no": "800",
    "delivery_zipcode": "82721",
    "locale_name": "MOORCROFT",
    "physical_delivery_address": "120 N BIG HORN AVE",
    "physical_city": "MOORCROFT",
    "physical_state": "WY",
    "physical_zip": "82721",
    "physical_zip4": "9998"
  },
  {
    "area_name": "WESTPAC",
    "area_code": "4E",
    "district_name": "CO-WY",
    "district_no": "800",
    "delivery_zipcode": "82723",
    "locale_name": "OSAGE",
    "physical_delivery_address": "319 NEFSY AVE",
    "physical_city": "OSAGE",
    "physical_state": "WY",
    "physical_zip": "82723",
    "physical_zip4": "8804"
  },
  {
    "area_name": "WESTPAC",
    "area_code": "4E",
    "district_name": "CO-WY",
    "district_no": "800",
    "delivery_zipcode": "82725",
    "locale_name": "RECLUSE",
    "physical_delivery_address": "485 RECLUSE RD",
    "physical_city": "RECLUSE",
    "physical_state": "WY",
    "physical_zip": "82725",
    "physical_zip4": "9901"
  },
  {
    "area_name": "WESTPAC",
    "area_code": "4E",
    "district_name": "CO-WY",
    "district_no": "800",
    "delivery_zipcode": "82727",
    "locale_name": "ROZET",
    "physical_delivery_address": "14076 STATE HIGHWAY 51",
    "physical_city": "ROZET",
    "physical_state": "WY",
    "physical_zip": "82727",
    "physical_zip4": "8825"
  },
  {
    "area_name": "WESTPAC",
    "area_code": "4E",
    "district_name": "CO-WY",
    "district_no": "800",
    "delivery_zipcode": "82729",
    "locale_name": "SUNDANCE",
    "physical_delivery_address": "121 E MAIN ST",
    "physical_city": "SUNDANCE",
    "physical_state": "WY",
    "physical_zip": "82729",
    "physical_zip4": "9998"
  },
  {
    "area_name": "WESTPAC",
    "area_code": "4E",
    "district_name": "CO-WY",
    "district_no": "800",
    "delivery_zipcode": "82730",
    "locale_name": "UPTON",
    "physical_delivery_address": "622 PINE ST",
    "physical_city": "UPTON",
    "physical_state": "WY",
    "physical_zip": "82730",
    "physical_zip4": "9901"
  },
  {
    "area_name": "WESTPAC",
    "area_code": "4E",
    "district_name": "CO-WY",
    "district_no": "800",
    "delivery_zipcode": "82732",
    "locale_name": "WRIGHT",
    "physical_delivery_address": "105 WRIGHT BLVD STE A-108",
    "physical_city": "WRIGHT",
    "physical_state": "WY",
    "physical_zip": "82732",
    "physical_zip4": "9900"
  },
  {
    "area_name": "WESTPAC",
    "area_code": "4E",
    "district_name": "CO-WY",
    "district_no": "800",
    "delivery_zipcode": "82801",
    "locale_name": "SHERIDAN",
    "physical_delivery_address": "101 E LOUCKS ST",
    "physical_city": "SHERIDAN",
    "physical_state": "WY",
    "physical_zip": "82801",
    "physical_zip4": "9998"
  },
  {
    "area_name": "WESTPAC",
    "area_code": "4E",
    "district_name": "CO-WY",
    "district_no": "800",
    "delivery_zipcode": "82831",
    "locale_name": "ARVADA",
    "physical_delivery_address": "25 ATOKA ST",
    "physical_city": "ARVADA",
    "physical_state": "WY",
    "physical_zip": "82831",
    "physical_zip4": "9901"
  },
  {
    "area_name": "WESTPAC",
    "area_code": "4E",
    "district_name": "CO-WY",
    "district_no": "800",
    "delivery_zipcode": "82831",
    "locale_name": "CLEARMONT",
    "physical_delivery_address": "1210 FRONT ST",
    "physical_city": "CLEARMONT",
    "physical_state": "WY",
    "physical_zip": "82835",
    "physical_zip4": "9901"
  },
  {
    "area_name": "WESTPAC",
    "area_code": "4E",
    "district_name": "CO-WY",
    "district_no": "800",
    "delivery_zipcode": "82832",
    "locale_name": "STORY",
    "physical_delivery_address": "23 N PINEY RD",
    "physical_city": "STORY",
    "physical_state": "WY",
    "physical_zip": "82842",
    "physical_zip4": "9900"
  },
  {
    "area_name": "WESTPAC",
    "area_code": "4E",
    "district_name": "CO-WY",
    "district_no": "800",
    "delivery_zipcode": "82833",
    "locale_name": "BIG HORN",
    "physical_delivery_address": "226 JOHNSON ST",
    "physical_city": "BIG HORN",
    "physical_state": "WY",
    "physical_zip": "82833",
    "physical_zip4": "9900"
  },
  {
    "area_name": "WESTPAC",
    "area_code": "4E",
    "district_name": "CO-WY",
    "district_no": "800",
    "delivery_zipcode": "82834",
    "locale_name": "BUFFALO",
    "physical_delivery_address": "193 S MAIN ST",
    "physical_city": "BUFFALO",
    "physical_state": "WY",
    "physical_zip": "82834",
    "physical_zip4": "9998"
  },
  {
    "area_name": "WESTPAC",
    "area_code": "4E",
    "district_name": "CO-WY",
    "district_no": "800",
    "delivery_zipcode": "82835",
    "locale_name": "CLEARMONT",
    "physical_delivery_address": "1210 FRONT ST",
    "physical_city": "CLEARMONT",
    "physical_state": "WY",
    "physical_zip": "82835",
    "physical_zip4": "9901"
  },
  {
    "area_name": "WESTPAC",
    "area_code": "4E",
    "district_name": "CO-WY",
    "district_no": "800",
    "delivery_zipcode": "82836",
    "locale_name": "DAYTON",
    "physical_delivery_address": "112 3RD ST W",
    "physical_city": "DAYTON",
    "physical_state": "WY",
    "physical_zip": "82836",
    "physical_zip4": "9901"
  },
  {
    "area_name": "WESTPAC",
    "area_code": "4E",
    "district_name": "CO-WY",
    "district_no": "800",
    "delivery_zipcode": "82837",
    "locale_name": "LEITER",
    "physical_delivery_address": "4679 US HIGHWAY 14-16 E",
    "physical_city": "LEITER",
    "physical_state": "WY",
    "physical_zip": "82837",
    "physical_zip4": "9900"
  },
  {
    "area_name": "WESTPAC",
    "area_code": "4E",
    "district_name": "CO-WY",
    "district_no": "800",
    "delivery_zipcode": "82838",
    "locale_name": "PARKMAN",
    "physical_delivery_address": "49 RAILWAY AVE",
    "physical_city": "PARKMAN",
    "physical_state": "WY",
    "physical_zip": "82838",
    "physical_zip4": "9901"
  },
  {
    "area_name": "WESTPAC",
    "area_code": "4E",
    "district_name": "CO-WY",
    "district_no": "800",
    "delivery_zipcode": "82838",
    "locale_name": "RANCHESTER",
    "physical_delivery_address": "551 US HIGHWAY 14",
    "physical_city": "RANCHESTER",
    "physical_state": "WY",
    "physical_zip": "82839",
    "physical_zip4": "9903"
  },
  {
    "area_name": "WESTPAC",
    "area_code": "4E",
    "district_name": "CO-WY",
    "district_no": "800",
    "delivery_zipcode": "82839",
    "locale_name": "RANCHESTER",
    "physical_delivery_address": "551 US HIGHWAY 14",
    "physical_city": "RANCHESTER",
    "physical_state": "WY",
    "physical_zip": "82839",
    "physical_zip4": "9903"
  },
  {
    "area_name": "WESTPAC",
    "area_code": "4E",
    "district_name": "CO-WY",
    "district_no": "800",
    "delivery_zipcode": "82842",
    "locale_name": "STORY",
    "physical_delivery_address": "23 N PINEY RD",
    "physical_city": "STORY",
    "physical_state": "WY",
    "physical_zip": "82842",
    "physical_zip4": "9900"
  },
  {
    "area_name": "WESTPAC",
    "area_code": "4E",
    "district_name": "CO-WY",
    "district_no": "800",
    "delivery_zipcode": "82844",
    "locale_name": "RANCHESTER",
    "physical_delivery_address": "551 US HIGHWAY 14",
    "physical_city": "RANCHESTER",
    "physical_state": "WY",
    "physical_zip": "82839",
    "physical_zip4": "9903"
  },
  {
    "area_name": "WESTPAC",
    "area_code": "4E",
    "district_name": "CO-WY",
    "district_no": "800",
    "delivery_zipcode": "82845",
    "locale_name": "SHERIDAN",
    "physical_delivery_address": "101 E LOUCKS ST",
    "physical_city": "SHERIDAN",
    "physical_state": "WY",
    "physical_zip": "82801",
    "physical_zip4": "9998"
  },
  {
    "area_name": "WESTPAC",
    "area_code": "4E",
    "district_name": "CO-WY",
    "district_no": "800",
    "delivery_zipcode": "82901",
    "locale_name": "ROCK SPRINGS",
    "physical_delivery_address": "2829 COMMERCIAL WAY",
    "physical_city": "ROCK SPRINGS",
    "physical_state": "WY",
    "physical_zip": "82901",
    "physical_zip4": "9998"
  },
  {
    "area_name": "WESTPAC",
    "area_code": "4E",
    "district_name": "CO-WY",
    "district_no": "800",
    "delivery_zipcode": "82902",
    "locale_name": "ROCK SPRINGS",
    "physical_delivery_address": "2829 COMMERCIAL WAY",
    "physical_city": "ROCK SPRINGS",
    "physical_state": "WY",
    "physical_zip": "82901",
    "physical_zip4": "9998"
  },
  {
    "area_name": "WESTPAC",
    "area_code": "4E",
    "district_name": "CO-WY",
    "district_no": "800",
    "delivery_zipcode": "82922",
    "locale_name": "BONDURANT",
    "physical_delivery_address": "13884 HIGHWAY 191",
    "physical_city": "BONDURANT",
    "physical_state": "WY",
    "physical_zip": "82922",
    "physical_zip4": "9800"
  },
  {
    "area_name": "WESTPAC",
    "area_code": "4E",
    "district_name": "CO-WY",
    "district_no": "800",
    "delivery_zipcode": "82923",
    "locale_name": "BOULDER",
    "physical_delivery_address": "7 STATE HIGHWAY 353",
    "physical_city": "BOULDER",
    "physical_state": "WY",
    "physical_zip": "82923",
    "physical_zip4": "9624"
  },
  {
    "area_name": "WESTPAC",
    "area_code": "4E",
    "district_name": "CO-WY",
    "district_no": "800",
    "delivery_zipcode": "82925",
    "locale_name": "CORA",
    "physical_delivery_address": "5 NOBLE RD",
    "physical_city": "CORA",
    "physical_state": "WY",
    "physical_zip": "82925",
    "physical_zip4": "9800"
  },
  {
    "area_name": "WESTPAC",
    "area_code": "4E",
    "district_name": "CO-WY",
    "district_no": "800",
    "delivery_zipcode": "82930",
    "locale_name": "EVANSTON",
    "physical_delivery_address": "100 HARRISON DR",
    "physical_city": "EVANSTON",
    "physical_state": "WY",
    "physical_zip": "82930",
    "physical_zip4": "9998"
  },
  {
    "area_name": "WESTPAC",
    "area_code": "4E",
    "district_name": "CO-WY",
    "district_no": "800",
    "delivery_zipcode": "82931",
    "locale_name": "EVANSTON",
    "physical_delivery_address": "100 HARRISON DR",
    "physical_city": "EVANSTON",
    "physical_state": "WY",
    "physical_zip": "82930",
    "physical_zip4": "9998"
  },
  {
    "area_name": "WESTPAC",
    "area_code": "4E",
    "district_name": "CO-WY",
    "district_no": "800",
    "delivery_zipcode": "82932",
    "locale_name": "FARSON",
    "physical_delivery_address": "4050 N US HIGHWAY 191",
    "physical_city": "FARSON",
    "physical_state": "WY",
    "physical_zip": "82932",
    "physical_zip4": "9800"
  },
  {
    "area_name": "WESTPAC",
    "area_code": "4E",
    "district_name": "CO-WY",
    "district_no": "800",
    "delivery_zipcode": "82933",
    "locale_name": "FORT BRIDGER",
    "physical_delivery_address": "3730 COUNTY ROAD 219",
    "physical_city": "FORT BRIDGER",
    "physical_state": "WY",
    "physical_zip": "82933",
    "physical_zip4": "8850"
  },
  {
    "area_name": "WESTPAC",
    "area_code": "4E",
    "district_name": "CO-WY",
    "district_no": "800",
    "delivery_zipcode": "82934",
    "locale_name": "GRANGER",
    "physical_delivery_address": "102 PINE ST",
    "physical_city": "GRANGER",
    "physical_state": "WY",
    "physical_zip": "82934",
    "physical_zip4": "9800"
  },
  {
    "area_name": "WESTPAC",
    "area_code": "4E",
    "district_name": "CO-WY",
    "district_no": "800",
    "delivery_zipcode": "82935",
    "locale_name": "GREEN RIVER",
    "physical_delivery_address": "350 UINTA DR",
    "physical_city": "GREEN RIVER",
    "physical_state": "WY",
    "physical_zip": "82935",
    "physical_zip4": "9998"
  },
  {
    "area_name": "WESTPAC",
    "area_code": "4E",
    "district_name": "CO-WY",
    "district_no": "800",
    "delivery_zipcode": "82936",
    "locale_name": "MOUNTAIN VIEW",
    "physical_delivery_address": "1700 E PARKWAY ST",
    "physical_city": "MOUNTAIN VIEW",
    "physical_state": "WY",
    "physical_zip": "82939",
    "physical_zip4": "9900"
  },
  {
    "area_name": "WESTPAC",
    "area_code": "4E",
    "district_name": "CO-WY",
    "district_no": "800",
    "delivery_zipcode": "82937",
    "locale_name": "LYMAN",
    "physical_delivery_address": "102 S MAIN ST",
    "physical_city": "LYMAN",
    "physical_state": "WY",
    "physical_zip": "82937",
    "physical_zip4": "9800"
  },
  {
    "area_name": "WESTPAC",
    "area_code": "4E",
    "district_name": "CO-WY",
    "district_no": "800",
    "delivery_zipcode": "82939",
    "locale_name": "MOUNTAIN VIEW",
    "physical_delivery_address": "1700 E PARKWAY ST",
    "physical_city": "MOUNTAIN VIEW",
    "physical_state": "WY",
    "physical_zip": "82939",
    "physical_zip4": "9900"
  },
  {
    "area_name": "WESTPAC",
    "area_code": "4E",
    "district_name": "CO-WY",
    "district_no": "800",
    "delivery_zipcode": "82941",
    "locale_name": "PINEDALE",
    "physical_delivery_address": "413 PINE ST",
    "physical_city": "PINEDALE",
    "physical_state": "WY",
    "physical_zip": "82941",
    "physical_zip4": "9050"
  },
  {
    "area_name": "WESTPAC",
    "area_code": "4E",
    "district_name": "CO-WY",
    "district_no": "800",
    "delivery_zipcode": "82942",
    "locale_name": "POINT OF ROCKS",
    "physical_delivery_address": "7 HALTER AND FLICK ST",
    "physical_city": "POINT OF ROCKS",
    "physical_state": "WY",
    "physical_zip": "82942",
    "physical_zip4": "9900"
  },
  {
    "area_name": "WESTPAC",
    "area_code": "4E",
    "district_name": "CO-WY",
    "district_no": "800",
    "delivery_zipcode": "82943",
    "locale_name": "ROCK SPRINGS",
    "physical_delivery_address": "2829 COMMERCIAL WAY",
    "physical_city": "ROCK SPRINGS",
    "physical_state": "WY",
    "physical_zip": "82901",
    "physical_zip4": "9998"
  },
  {
    "area_name": "WESTPAC",
    "area_code": "4E",
    "district_name": "CO-WY",
    "district_no": "800",
    "delivery_zipcode": "82944",
    "locale_name": "ROBERTSON",
    "physical_delivery_address": "12286 STATE HIGHWAY 410",
    "physical_city": "ROBERTSON",
    "physical_state": "WY",
    "physical_zip": "82944",
    "physical_zip4": "9800"
  },
  {
    "area_name": "WESTPAC",
    "area_code": "4E",
    "district_name": "CO-WY",
    "district_no": "800",
    "delivery_zipcode": "82945",
    "locale_name": "SUPERIOR",
    "physical_delivery_address": "81 MAIN ST",
    "physical_city": "SUPERIOR",
    "physical_state": "WY",
    "physical_zip": "82945",
    "physical_zip4": "9800"
  },
  {
    "area_name": "WESTPAC",
    "area_code": "4E",
    "district_name": "CO-WY",
    "district_no": "800",
    "delivery_zipcode": "83001",
    "locale_name": "DOWNTOWN JACKSON",
    "physical_delivery_address": "220 W PEARL AVE",
    "physical_city": "JACKSON",
    "physical_state": "WY",
    "physical_zip": "83001",
    "physical_zip4": "9998"
  },
  {
    "area_name": "WESTPAC",
    "area_code": "4E",
    "district_name": "CO-WY",
    "district_no": "800",
    "delivery_zipcode": "83001",
    "locale_name": "JACKSON",
    "physical_delivery_address": "1070 MAPLE WAY",
    "physical_city": "JACKSON",
    "physical_state": "WY",
    "physical_zip": "83002",
    "physical_zip4": "9998"
  },
  {
    "area_name": "WESTPAC",
    "area_code": "4E",
    "district_name": "CO-WY",
    "district_no": "800",
    "delivery_zipcode": "83002",
    "locale_name": "JACKSON",
    "physical_delivery_address": "1070 MAPLE WAY",
    "physical_city": "JACKSON",
    "physical_state": "WY",
    "physical_zip": "83002",
    "physical_zip4": "9998"
  },
  {
    "area_name": "WESTPAC",
    "area_code": "4E",
    "district_name": "CO-WY",
    "district_no": "800",
    "delivery_zipcode": "83011",
    "locale_name": "KELLY",
    "physical_delivery_address": "4486 LOWER GROS VENTRE RD",
    "physical_city": "KELLY",
    "physical_state": "WY",
    "physical_zip": "83011",
    "physical_zip4": "9902"
  },
  {
    "area_name": "WESTPAC",
    "area_code": "4E",
    "district_name": "CO-WY",
    "district_no": "800",
    "delivery_zipcode": "83012",
    "locale_name": "JACKSON",
    "physical_delivery_address": "1070 MAPLE WAY",
    "physical_city": "JACKSON",
    "physical_state": "WY",
    "physical_zip": "83002",
    "physical_zip4": "9998"
  },
  {
    "area_name": "WESTPAC",
    "area_code": "4E",
    "district_name": "CO-WY",
    "district_no": "800",
    "delivery_zipcode": "83012",
    "locale_name": "MOOSE",
    "physical_delivery_address": "3 TETON PARK RD",
    "physical_city": "MOOSE",
    "physical_state": "WY",
    "physical_zip": "83012",
    "physical_zip4": "9903"
  },
  {
    "area_name": "WESTPAC",
    "area_code": "4E",
    "district_name": "CO-WY",
    "district_no": "800",
    "delivery_zipcode": "83013",
    "locale_name": "MORAN",
    "physical_delivery_address": "1 CENTRAL ST",
    "physical_city": "MORAN",
    "physical_state": "WY",
    "physical_zip": "83013",
    "physical_zip4": "9901"
  },
  {
    "area_name": "WESTPAC",
    "area_code": "4E",
    "district_name": "CO-WY",
    "district_no": "800",
    "delivery_zipcode": "83014",
    "locale_name": "WILSON",
    "physical_delivery_address": "5605 W HIGHWAY 22",
    "physical_city": "WILSON",
    "physical_state": "WY",
    "physical_zip": "83014",
    "physical_zip4": "9998"
  },
  {
    "area_name": "WESTPAC",
    "area_code": "4E",
    "district_name": "CO-WY",
    "district_no": "800",
    "delivery_zipcode": "83025",
    "locale_name": "TETON VILLAGE",
    "physical_delivery_address": "3230 MCCOLLISTER DR",
    "physical_city": "TETON VILLAGE",
    "physical_state": "WY",
    "physical_zip": "83025",
    "physical_zip4": "9905"
  },
  {
    "area_name": "WESTPAC",
    "area_code": "4E",
    "district_name": "CO-WY",
    "district_no": "800",
    "delivery_zipcode": "83101",
    "locale_name": "KEMMERER",
    "physical_delivery_address": "318 SAPPHIRE ST",
    "physical_city": "KEMMERER",
    "physical_state": "WY",
    "physical_zip": "83101",
    "physical_zip4": "9998"
  },
  {
    "area_name": "WESTPAC",
    "area_code": "4E",
    "district_name": "CO-WY",
    "district_no": "800",
    "delivery_zipcode": "83110",
    "locale_name": "AFTON",
    "physical_delivery_address": "31 W 4TH AVE",
    "physical_city": "AFTON",
    "physical_state": "WY",
    "physical_zip": "83110",
    "physical_zip4": "9998"
  },
  {
    "area_name": "WESTPAC",
    "area_code": "4E",
    "district_name": "CO-WY",
    "district_no": "800",
    "delivery_zipcode": "83111",
    "locale_name": "AUBURN",
    "physical_delivery_address": "449 1ST WEST ST",
    "physical_city": "AUBURN",
    "physical_state": "WY",
    "physical_zip": "83111",
    "physical_zip4": "9901"
  },
  {
    "area_name": "WESTPAC",
    "area_code": "4E",
    "district_name": "CO-WY",
    "district_no": "800",
    "delivery_zipcode": "83112",
    "locale_name": "AFTON",
    "physical_delivery_address": "31 W 4TH AVE",
    "physical_city": "AFTON",
    "physical_state": "WY",
    "physical_zip": "83110",
    "physical_zip4": "9998"
  },
  {
    "area_name": "WESTPAC",
    "area_code": "4E",
    "district_name": "CO-WY",
    "district_no": "800",
    "delivery_zipcode": "83112",
    "locale_name": "ALPINE",
    "physical_delivery_address": "102 US HIGHWAY 89",
    "physical_city": "ALPINE",
    "physical_state": "WY",
    "physical_zip": "83128",
    "physical_zip4": "9900"
  },
  {
    "area_name": "WESTPAC",
    "area_code": "4E",
    "district_name": "CO-WY",
    "district_no": "800",
    "delivery_zipcode": "83113",
    "locale_name": "BIG PINEY",
    "physical_delivery_address": "420 BUDD AVE",
    "physical_city": "BIG PINEY",
    "physical_state": "WY",
    "physical_zip": "83113",
    "physical_zip4": "9904"
  },
  {
    "area_name": "WESTPAC",
    "area_code": "4E",
    "district_name": "CO-WY",
    "district_no": "800",
    "delivery_zipcode": "83114",
    "locale_name": "COKEVILLE",
    "physical_delivery_address": "100 POST ST",
    "physical_city": "COKEVILLE",
    "physical_state": "WY",
    "physical_zip": "83114",
    "physical_zip4": "9901"
  },
  {
    "area_name": "WESTPAC",
    "area_code": "4E",
    "district_name": "CO-WY",
    "district_no": "800",
    "delivery_zipcode": "83115",
    "locale_name": "DANIEL",
    "physical_delivery_address": "12958 STATE HIGHWAY 189",
    "physical_city": "DANIEL",
    "physical_state": "WY",
    "physical_zip": "83115",
    "physical_zip4": "9901"
  },
  {
    "area_name": "WESTPAC",
    "area_code": "4E",
    "district_name": "CO-WY",
    "district_no": "800",
    "delivery_zipcode": "83116",
    "locale_name": "DIAMONDVILLE",
    "physical_delivery_address": "317 DIAMONDVILLE AVE",
    "physical_city": "DIAMONDVILLE",
    "physical_state": "WY",
    "physical_zip": "83116",
    "physical_zip4": "9900"
  },
  {
    "area_name": "WESTPAC",
    "area_code": "4E",
    "district_name": "CO-WY",
    "district_no": "800",
    "delivery_zipcode": "83118",
    "locale_name": "AFTON",
    "physical_delivery_address": "31 W 4TH AVE",
    "physical_city": "AFTON",
    "physical_state": "WY",
    "physical_zip": "83110",
    "physical_zip4": "9998"
  },
  {
    "area_name": "WESTPAC",
    "area_code": "4E",
    "district_name": "CO-WY",
    "district_no": "800",
    "delivery_zipcode": "83118",
    "locale_name": "ETNA",
    "physical_delivery_address": "107857 N US HIGHWAY 89",
    "physical_city": "ETNA",
    "physical_state": "WY",
    "physical_zip": "83118",
    "physical_zip4": "9700"
  },
  {
    "area_name": "WESTPAC",
    "area_code": "4E",
    "district_name": "CO-WY",
    "district_no": "800",
    "delivery_zipcode": "83119",
    "locale_name": "FAIRVIEW",
    "physical_delivery_address": "210 FAIRVIEW S",
    "physical_city": "FAIRVIEW",
    "physical_state": "WY",
    "physical_zip": "83119",
    "physical_zip4": "9900"
  },
  {
    "area_name": "WESTPAC",
    "area_code": "4E",
    "district_name": "CO-WY",
    "district_no": "800",
    "delivery_zipcode": "83120",
    "locale_name": "FREEDOM",
    "physical_delivery_address": "5740 COUNTY ROAD 125",
    "physical_city": "FREEDOM",
    "physical_state": "WY",
    "physical_zip": "83120",
    "physical_zip4": "9901"
  },
  {
    "area_name": "WESTPAC",
    "area_code": "4E",
    "district_name": "CO-WY",
    "district_no": "800",
    "delivery_zipcode": "83122",
    "locale_name": "GROVER",
    "physical_delivery_address": "89768 US HIGHWAY 89",
    "physical_city": "GROVER",
    "physical_state": "WY",
    "physical_zip": "83122",
    "physical_zip4": "9901"
  },
  {
    "area_name": "WESTPAC",
    "area_code": "4E",
    "district_name": "CO-WY",
    "district_no": "800",
    "delivery_zipcode": "83123",
    "locale_name": "LA BARGE",
    "physical_delivery_address": "125 N MAIN ST",
    "physical_city": "LA BARGE",
    "physical_state": "WY",
    "physical_zip": "83123",
    "physical_zip4": "9900"
  },
  {
    "area_name": "WESTPAC",
    "area_code": "4E",
    "district_name": "CO-WY",
    "district_no": "800",
    "delivery_zipcode": "83124",
    "locale_name": "OPAL",
    "physical_delivery_address": "554 SOLIDAY ST",
    "physical_city": "OPAL",
    "physical_state": "WY",
    "physical_zip": "83124",
    "physical_zip4": "9900"
  },
  {
    "area_name": "WESTPAC",
    "area_code": "4E",
    "district_name": "CO-WY",
    "district_no": "800",
    "delivery_zipcode": "83126",
    "locale_name": "SMOOT",
    "physical_delivery_address": "77693 US HIGHWAY 89",
    "physical_city": "SMOOT",
    "physical_state": "WY",
    "physical_zip": "83126",
    "physical_zip4": "9901"
  },
  {
    "area_name": "WESTPAC",
    "area_code": "4E",
    "district_name": "CO-WY",
    "district_no": "800",
    "delivery_zipcode": "83127",
    "locale_name": "THAYNE",
    "physical_delivery_address": "390 N MAIN ST",
    "physical_city": "THAYNE",
    "physical_state": "WY",
    "physical_zip": "83127",
    "physical_zip4": "9902"
  },
  {
    "area_name": "WESTPAC",
    "area_code": "4E",
    "district_name": "CO-WY",
    "district_no": "800",
    "delivery_zipcode": "83128",
    "locale_name": "AFTON",
    "physical_delivery_address": "31 W 4TH AVE",
    "physical_city": "AFTON",
    "physical_state": "WY",
    "physical_zip": "83110",
    "physical_zip4": "9998"
  },
  {
    "area_name": "WESTPAC",
    "area_code": "4E",
    "district_name": "CO-WY",
    "district_no": "800",
    "delivery_zipcode": "83128",
    "locale_name": "ALPINE",
    "physical_delivery_address": "102 US HIGHWAY 89",
    "physical_city": "ALPINE",
    "physical_state": "WY",
    "physical_zip": "83128",
    "physical_zip4": "9900"
  }
]